Model,Temperature,scenario,Num Context,context_variant,problem_type,DS_condition,n_repeats,toggle_rate_top1,top1_entropy_bits,top1_strategy,top1_share,top2_strategy,top2_share
01-ai/Yi-1.5-9B-Chat,0.0,2_roadster_launch,0,count_fact,generic,0.7019825546208485,30,0.20689655172413793,0.8366407421441945,Retrenchment,0.7333333333333333,Maintain,0.26666666666666666
01-ai/Yi-1.5-9B-Chat,0.0,6_energy_infra,0,base,generic,0.7208130181438654,30,0.4482758620689655,0.7837769476882264,Diversification,0.7666666666666667,Technology Leadership,0.23333333333333334
01-ai/Yi-1.5-9B-Chat,0.0,1_founder_period,0,base,specific,0.7596741623172119,30,0.1724137931034483,0.674679923316392,Niche Focus,0.8666666666666667,Open Innovation,0.1
01-ai/Yi-1.5-9B-Chat,0.0,1_founder_period,0,count_fact,specific,0.7596741623172119,30,0.2413793103448276,0.674679923316392,Niche Focus,0.8666666666666667,Open Innovation,0.1
01-ai/Yi-1.5-9B-Chat,0.0,2_roadster_launch,0,competitive_dynamics,generic,0.7684573415545342,30,0.3448275862068966,0.6500224218531814,Retrenchment,0.8333333333333334,Maintain,0.16666666666666666
01-ai/Yi-1.5-9B-Chat,0.0,2_roadster_launch,0,opp_focus,generic,0.7684573415545342,30,0.3448275862068966,0.6500224218531814,Retrenchment,0.8333333333333334,Maintain,0.16666666666666666
01-ai/Yi-1.5-9B-Chat,0.0,6_energy_infra,0,randomized_numbers,generic,0.7684573415545342,30,0.3103448275862069,0.6500224218531813,Diversification,0.8333333333333334,Technology Leadership,0.16666666666666666
01-ai/Yi-1.5-9B-Chat,0.0,6_energy_infra,0,count_fact,generic,0.7982052421275724,30,0.20689655172413793,0.5665095067585821,Diversification,0.8666666666666667,Technology Leadership,0.13333333333333333
01-ai/Yi-1.5-9B-Chat,0.0,1_founder_period,0,opp_focus,specific,0.8002300411826995,30,0.10344827586206896,0.5608251771649935,Niche Focus,0.9,Open Innovation,0.06666666666666667
01-ai/Yi-1.5-9B-Chat,0.0,1_founder_period,0,randomized_numbers,specific,0.8002300411826995,30,0.1724137931034483,0.5608251771649935,Niche Focus,0.9,Open Innovation,0.06666666666666667
01-ai/Yi-1.5-9B-Chat,0.0,1_founder_period,5,randomized_numbers,specific,0.8329403987678698,30,0.20689655172413793,0.4689955937960013,Niche Focus,0.9,Technology Leadership,0.1
01-ai/Yi-1.5-9B-Chat,0.0,6_energy_infra,0,competitive_dynamics,generic,0.8329403987678698,30,0.1724137931034483,0.4689955937960013,Diversification,0.9,Technology Leadership,0.1
01-ai/Yi-1.5-9B-Chat,0.0,2_roadster_launch,0,base,generic,0.874130865159545,30,0.06896551724137931,0.3533593352294837,Retrenchment,0.9333333333333333,Maintain,0.06666666666666667
01-ai/Yi-1.5-9B-Chat,0.0,2_roadster_launch,0,randomized_numbers,generic,0.874130865159545,30,0.13793103448275862,0.3533593352294837,Retrenchment,0.9333333333333333,Maintain,0.06666666666666667
01-ai/Yi-1.5-9B-Chat,0.0,6_energy_infra,1,randomized_numbers,specific,0.8741308651595451,30,0.13793103448275862,0.3533593352294834,Technology Leadership,0.9333333333333333,Diversification,0.06666666666666667
01-ai/Yi-1.5-9B-Chat,0.0,4_model_x_launch,1,opp_focus,generic,0.924896457205344,30,0.034482758620689655,0.21084230052854142,Fast Follower,0.9666666666666667,Retrenchment,0.03333333333333333
01-ai/Yi-1.5-9B-Chat,0.0,1_founder_period,0,competitive_dynamics,specific,0.9248964572053441,30,0.034482758620689655,0.2108423005285411,Niche Focus,0.9666666666666667,Technology Leadership,0.03333333333333333
01-ai/Yi-1.5-9B-Chat,0.0,1_founder_period,6,opp_focus,generic,0.9248964572053441,30,0.034482758620689655,0.2108423005285411,Technology Leadership,0.9666666666666667,Niche Focus,0.03333333333333333
01-ai/Yi-1.5-9B-Chat,0.0,3_model_s_launch,2,opp_focus,generic,0.9248964572053441,30,0.06896551724137931,0.21084230052854108,Fast Follower,0.9666666666666667,Technology Leadership,0.03333333333333333
01-ai/Yi-1.5-9B-Chat,0.0,4_model_x_launch,1,opp_focus,specific,0.9248964572053441,30,0.034482758620689655,0.2108423005285411,Technology Leadership,0.9666666666666667,Retrenchment,0.03333333333333333
01-ai/Yi-1.5-9B-Chat,0.0,6_energy_infra,0,count_fact,specific,0.9248964572053441,30,0.06896551724137931,0.2108423005285411,Diversification,0.9666666666666667,Technology Leadership,0.03333333333333333
01-ai/Yi-1.5-9B-Chat,0.0,6_energy_infra,0,opp_focus,generic,0.9248964572053441,30,0.034482758620689655,0.2108423005285411,Diversification,0.9666666666666667,Technology Leadership,0.03333333333333333
01-ai/Yi-1.5-9B-Chat,0.0,6_energy_infra,0,opp_focus,specific,0.9248964572053441,30,0.06896551724137931,0.2108423005285411,Diversification,0.9666666666666667,Technology Leadership,0.03333333333333333
01-ai/Yi-1.5-9B-Chat,0.0,2_roadster_launch,0,base,specific,0.9999999999117192,30,0.0,2.4783576261415975e-10,Retrenchment,1.0,,
01-ai/Yi-1.5-9B-Chat,0.0,2_roadster_launch,0,competitive_dynamics,specific,0.9999999999117192,30,0.0,2.4783576261415975e-10,Retrenchment,1.0,,
01-ai/Yi-1.5-9B-Chat,0.0,2_roadster_launch,0,count_fact,specific,0.9999999999117192,30,0.0,2.4783576261415975e-10,Retrenchment,1.0,,
01-ai/Yi-1.5-9B-Chat,0.0,2_roadster_launch,0,opp_focus,specific,0.9999999999117192,30,0.0,2.4783576261415975e-10,Retrenchment,1.0,,
01-ai/Yi-1.5-9B-Chat,0.0,2_roadster_launch,0,randomized_numbers,specific,0.9999999999117192,30,0.0,2.4783576261415975e-10,Retrenchment,1.0,,
01-ai/Yi-1.5-9B-Chat,0.0,2_roadster_launch,1,base,generic,0.9999999999117192,30,0.0,2.4783576261415975e-10,Retrenchment,1.0,,
01-ai/Yi-1.5-9B-Chat,0.0,2_roadster_launch,1,base,specific,0.9999999999117192,30,0.0,2.4783576261415975e-10,Retrenchment,1.0,,
01-ai/Yi-1.5-9B-Chat,0.0,2_roadster_launch,1,competitive_dynamics,generic,0.9999999999117192,30,0.0,2.4783576261415975e-10,Retrenchment,1.0,,
01-ai/Yi-1.5-9B-Chat,0.0,2_roadster_launch,1,competitive_dynamics,specific,0.9999999999117192,30,0.0,2.4783576261415975e-10,Retrenchment,1.0,,
01-ai/Yi-1.5-9B-Chat,0.0,2_roadster_launch,1,count_fact,generic,0.9999999999117192,30,0.0,2.4783576261415975e-10,Retrenchment,1.0,,
01-ai/Yi-1.5-9B-Chat,0.0,2_roadster_launch,1,count_fact,specific,0.9999999999117192,30,0.0,2.4783576261415975e-10,Retrenchment,1.0,,
01-ai/Yi-1.5-9B-Chat,0.0,2_roadster_launch,1,opp_focus,generic,0.9999999999117192,30,0.0,2.4783576261415975e-10,Retrenchment,1.0,,
01-ai/Yi-1.5-9B-Chat,0.0,2_roadster_launch,1,opp_focus,specific,0.9999999999117192,30,0.0,2.4783576261415975e-10,Retrenchment,1.0,,
01-ai/Yi-1.5-9B-Chat,0.0,2_roadster_launch,1,randomized_numbers,generic,0.9999999999117192,30,0.0,2.4783576261415975e-10,Retrenchment,1.0,,
01-ai/Yi-1.5-9B-Chat,0.0,2_roadster_launch,1,randomized_numbers,specific,0.9999999999117192,30,0.0,2.4783576261415975e-10,Retrenchment,1.0,,
01-ai/Yi-1.5-9B-Chat,0.0,2_roadster_launch,2,base,generic,0.9999999999117192,30,0.0,2.4783576261415975e-10,Retrenchment,1.0,,
01-ai/Yi-1.5-9B-Chat,0.0,2_roadster_launch,2,base,specific,0.9999999999117192,30,0.0,2.4783576261415975e-10,Retrenchment,1.0,,
01-ai/Yi-1.5-9B-Chat,0.0,2_roadster_launch,2,competitive_dynamics,generic,0.9999999999117192,30,0.0,2.4783576261415975e-10,Retrenchment,1.0,,
01-ai/Yi-1.5-9B-Chat,0.0,2_roadster_launch,2,competitive_dynamics,specific,0.9999999999117192,30,0.0,2.4783576261415975e-10,Retrenchment,1.0,,
01-ai/Yi-1.5-9B-Chat,0.0,2_roadster_launch,2,count_fact,generic,0.9999999999117192,30,0.0,2.4783576261415975e-10,Retrenchment,1.0,,
01-ai/Yi-1.5-9B-Chat,0.0,2_roadster_launch,2,count_fact,specific,0.9999999999117192,30,0.0,2.4783576261415975e-10,Retrenchment,1.0,,
01-ai/Yi-1.5-9B-Chat,0.0,2_roadster_launch,2,opp_focus,generic,0.9999999999117192,30,0.0,2.4783576261415975e-10,Retrenchment,1.0,,
01-ai/Yi-1.5-9B-Chat,0.0,2_roadster_launch,2,opp_focus,specific,0.9999999999117192,30,0.0,2.4783576261415975e-10,Retrenchment,1.0,,
01-ai/Yi-1.5-9B-Chat,0.0,2_roadster_launch,2,randomized_numbers,generic,0.9999999999117192,30,0.0,2.4783576261415975e-10,Retrenchment,1.0,,
01-ai/Yi-1.5-9B-Chat,0.0,2_roadster_launch,2,randomized_numbers,specific,0.9999999999117192,30,0.0,2.4783576261415975e-10,Retrenchment,1.0,,
01-ai/Yi-1.5-9B-Chat,0.0,2_roadster_launch,3,base,generic,0.9999999999117192,30,0.0,2.4783576261415975e-10,Retrenchment,1.0,,
01-ai/Yi-1.5-9B-Chat,0.0,2_roadster_launch,3,base,specific,0.9999999999117192,30,0.0,2.4783576261415975e-10,Retrenchment,1.0,,
01-ai/Yi-1.5-9B-Chat,0.0,2_roadster_launch,3,competitive_dynamics,generic,0.9999999999117192,30,0.0,2.4783576261415975e-10,Retrenchment,1.0,,
01-ai/Yi-1.5-9B-Chat,0.0,2_roadster_launch,3,competitive_dynamics,specific,0.9999999999117192,30,0.0,2.4783576261415975e-10,Retrenchment,1.0,,
01-ai/Yi-1.5-9B-Chat,0.0,2_roadster_launch,3,count_fact,generic,0.9999999999117192,30,0.0,2.4783576261415975e-10,Retrenchment,1.0,,
01-ai/Yi-1.5-9B-Chat,0.0,2_roadster_launch,3,count_fact,specific,0.9999999999117192,30,0.0,2.4783576261415975e-10,Retrenchment,1.0,,
01-ai/Yi-1.5-9B-Chat,0.0,2_roadster_launch,3,opp_focus,generic,0.9999999999117192,30,0.0,2.4783576261415975e-10,Retrenchment,1.0,,
01-ai/Yi-1.5-9B-Chat,0.0,2_roadster_launch,3,opp_focus,specific,0.9999999999117192,30,0.0,2.4783576261415975e-10,Retrenchment,1.0,,
01-ai/Yi-1.5-9B-Chat,0.0,2_roadster_launch,3,randomized_numbers,generic,0.9999999999117192,30,0.0,2.4783576261415975e-10,Retrenchment,1.0,,
01-ai/Yi-1.5-9B-Chat,0.0,2_roadster_launch,3,randomized_numbers,specific,0.9999999999117192,30,0.0,2.4783576261415975e-10,Retrenchment,1.0,,
01-ai/Yi-1.5-9B-Chat,0.0,2_roadster_launch,4,base,generic,0.9999999999117192,30,0.0,2.4783576261415975e-10,Retrenchment,1.0,,
01-ai/Yi-1.5-9B-Chat,0.0,2_roadster_launch,4,base,specific,0.9999999999117192,30,0.0,2.4783576261415975e-10,Retrenchment,1.0,,
01-ai/Yi-1.5-9B-Chat,0.0,2_roadster_launch,4,competitive_dynamics,generic,0.9999999999117192,30,0.0,2.4783576261415975e-10,Retrenchment,1.0,,
01-ai/Yi-1.5-9B-Chat,0.0,2_roadster_launch,4,competitive_dynamics,specific,0.9999999999117192,30,0.0,2.4783576261415975e-10,Retrenchment,1.0,,
01-ai/Yi-1.5-9B-Chat,0.0,2_roadster_launch,4,count_fact,generic,0.9999999999117192,30,0.0,2.4783576261415975e-10,Retrenchment,1.0,,
01-ai/Yi-1.5-9B-Chat,0.0,2_roadster_launch,4,count_fact,specific,0.9999999999117192,30,0.0,2.4783576261415975e-10,Retrenchment,1.0,,
01-ai/Yi-1.5-9B-Chat,0.0,2_roadster_launch,4,opp_focus,generic,0.9999999999117192,30,0.0,2.4783576261415975e-10,Retrenchment,1.0,,
01-ai/Yi-1.5-9B-Chat,0.0,2_roadster_launch,4,opp_focus,specific,0.9999999999117192,30,0.0,2.4783576261415975e-10,Retrenchment,1.0,,
01-ai/Yi-1.5-9B-Chat,0.0,2_roadster_launch,4,randomized_numbers,generic,0.9999999999117192,30,0.0,2.4783576261415975e-10,Retrenchment,1.0,,
01-ai/Yi-1.5-9B-Chat,0.0,2_roadster_launch,4,randomized_numbers,specific,0.9999999999117192,30,0.0,2.4783576261415975e-10,Retrenchment,1.0,,
01-ai/Yi-1.5-9B-Chat,0.0,4_model_x_launch,0,base,generic,0.9999999999117192,30,0.0,2.4783576261415975e-10,Retrenchment,1.0,,
01-ai/Yi-1.5-9B-Chat,0.0,4_model_x_launch,0,base,specific,0.9999999999117192,30,0.0,2.4783576261415975e-10,Retrenchment,1.0,,
01-ai/Yi-1.5-9B-Chat,0.0,4_model_x_launch,0,competitive_dynamics,generic,0.9999999999117192,30,0.0,2.4783576261415975e-10,Retrenchment,1.0,,
01-ai/Yi-1.5-9B-Chat,0.0,4_model_x_launch,0,competitive_dynamics,specific,0.9999999999117192,30,0.0,2.4783576261415975e-10,Retrenchment,1.0,,
01-ai/Yi-1.5-9B-Chat,0.0,4_model_x_launch,0,count_fact,generic,0.9999999999117192,30,0.0,2.4783576261415975e-10,Retrenchment,1.0,,
01-ai/Yi-1.5-9B-Chat,0.0,4_model_x_launch,0,count_fact,specific,0.9999999999117192,30,0.0,2.4783576261415975e-10,Retrenchment,1.0,,
01-ai/Yi-1.5-9B-Chat,0.0,4_model_x_launch,0,opp_focus,generic,0.9999999999117192,30,0.0,2.4783576261415975e-10,Retrenchment,1.0,,
01-ai/Yi-1.5-9B-Chat,0.0,4_model_x_launch,0,opp_focus,specific,0.9999999999117192,30,0.0,2.4783576261415975e-10,Retrenchment,1.0,,
01-ai/Yi-1.5-9B-Chat,0.0,4_model_x_launch,0,randomized_numbers,generic,0.9999999999117192,30,0.0,2.4783576261415975e-10,Retrenchment,1.0,,
01-ai/Yi-1.5-9B-Chat,0.0,4_model_x_launch,0,randomized_numbers,specific,0.9999999999117192,30,0.0,2.4783576261415975e-10,Retrenchment,1.0,,
01-ai/Yi-1.5-9B-Chat,0.0,4_model_x_launch,1,base,generic,0.9999999999117192,30,0.0,2.4783576261415975e-10,Retrenchment,1.0,,
01-ai/Yi-1.5-9B-Chat,0.0,4_model_x_launch,1,base,specific,0.9999999999117192,30,0.0,2.4783576261415975e-10,Retrenchment,1.0,,
01-ai/Yi-1.5-9B-Chat,0.0,4_model_x_launch,1,competitive_dynamics,generic,0.9999999999117192,30,0.0,2.4783576261415975e-10,Retrenchment,1.0,,
01-ai/Yi-1.5-9B-Chat,0.0,4_model_x_launch,1,competitive_dynamics,specific,0.9999999999117192,30,0.0,2.4783576261415975e-10,Retrenchment,1.0,,
01-ai/Yi-1.5-9B-Chat,0.0,4_model_x_launch,1,count_fact,specific,0.9999999999117192,30,0.0,2.4783576261415975e-10,Retrenchment,1.0,,
01-ai/Yi-1.5-9B-Chat,0.0,4_model_x_launch,1,randomized_numbers,specific,0.9999999999117192,30,0.0,2.4783576261415975e-10,Retrenchment,1.0,,
01-ai/Yi-1.5-9B-Chat,0.0,4_model_x_launch,2,base,specific,0.9999999999117192,30,0.0,2.4783576261415975e-10,Retrenchment,1.0,,
01-ai/Yi-1.5-9B-Chat,0.0,4_model_x_launch,2,randomized_numbers,specific,0.9999999999117192,30,0.0,2.4783576261415975e-10,Retrenchment,1.0,,
01-ai/Yi-1.5-9B-Chat,0.0,4_model_x_launch,3,randomized_numbers,specific,0.9999999999117192,30,0.0,2.4783576261415975e-10,Retrenchment,1.0,,
01-ai/Yi-1.5-9B-Chat,0.0,5_model_3_mass_market,0,base,generic,0.9999999999117192,30,0.0,2.4783576261415975e-10,Maintain,1.0,,
01-ai/Yi-1.5-9B-Chat,0.0,5_model_3_mass_market,0,base,specific,0.9999999999117192,30,0.0,2.4783576261415975e-10,Maintain,1.0,,
01-ai/Yi-1.5-9B-Chat,0.0,5_model_3_mass_market,0,competitive_dynamics,generic,0.9999999999117192,30,0.0,2.4783576261415975e-10,Maintain,1.0,,
01-ai/Yi-1.5-9B-Chat,0.0,5_model_3_mass_market,0,competitive_dynamics,specific,0.9999999999117192,30,0.0,2.4783576261415975e-10,Maintain,1.0,,
01-ai/Yi-1.5-9B-Chat,0.0,5_model_3_mass_market,0,count_fact,generic,0.9999999999117192,30,0.0,2.4783576261415975e-10,Maintain,1.0,,
01-ai/Yi-1.5-9B-Chat,0.0,5_model_3_mass_market,0,count_fact,specific,0.9999999999117192,30,0.0,2.4783576261415975e-10,Maintain,1.0,,
01-ai/Yi-1.5-9B-Chat,0.0,5_model_3_mass_market,0,opp_focus,generic,0.9999999999117192,30,0.0,2.4783576261415975e-10,Maintain,1.0,,
01-ai/Yi-1.5-9B-Chat,0.0,5_model_3_mass_market,0,opp_focus,specific,0.9999999999117192,30,0.0,2.4783576261415975e-10,Maintain,1.0,,
01-ai/Yi-1.5-9B-Chat,0.0,5_model_3_mass_market,0,randomized_numbers,generic,0.9999999999117192,30,0.0,2.4783576261415975e-10,Maintain,1.0,,
01-ai/Yi-1.5-9B-Chat,0.0,5_model_3_mass_market,0,randomized_numbers,specific,0.9999999999117192,30,0.0,2.4783576261415975e-10,Maintain,1.0,,
01-ai/Yi-1.5-9B-Chat,0.0,5_model_3_mass_market,1,base,generic,0.9999999999117192,30,0.0,2.4783576261415975e-10,Maintain,1.0,,
01-ai/Yi-1.5-9B-Chat,0.0,5_model_3_mass_market,1,base,specific,0.9999999999117192,30,0.0,2.4783576261415975e-10,Maintain,1.0,,
01-ai/Yi-1.5-9B-Chat,0.0,5_model_3_mass_market,1,competitive_dynamics,generic,0.9999999999117192,30,0.0,2.4783576261415975e-10,Maintain,1.0,,
01-ai/Yi-1.5-9B-Chat,0.0,5_model_3_mass_market,1,competitive_dynamics,specific,0.9999999999117192,30,0.0,2.4783576261415975e-10,Maintain,1.0,,
01-ai/Yi-1.5-9B-Chat,0.0,5_model_3_mass_market,1,count_fact,generic,0.9999999999117192,30,0.0,2.4783576261415975e-10,Maintain,1.0,,
01-ai/Yi-1.5-9B-Chat,0.0,5_model_3_mass_market,1,count_fact,specific,0.9999999999117192,30,0.0,2.4783576261415975e-10,Maintain,1.0,,
01-ai/Yi-1.5-9B-Chat,0.0,5_model_3_mass_market,1,opp_focus,generic,0.9999999999117192,30,0.0,2.4783576261415975e-10,Maintain,1.0,,
01-ai/Yi-1.5-9B-Chat,0.0,5_model_3_mass_market,1,opp_focus,specific,0.9999999999117192,30,0.0,2.4783576261415975e-10,Maintain,1.0,,
01-ai/Yi-1.5-9B-Chat,0.0,5_model_3_mass_market,1,randomized_numbers,generic,0.9999999999117192,30,0.0,2.4783576261415975e-10,Maintain,1.0,,
01-ai/Yi-1.5-9B-Chat,0.0,5_model_3_mass_market,1,randomized_numbers,specific,0.9999999999117192,30,0.0,2.4783576261415975e-10,Maintain,1.0,,
01-ai/Yi-1.5-9B-Chat,0.0,5_model_3_mass_market,2,base,generic,0.9999999999117192,30,0.0,2.4783576261415975e-10,Maintain,1.0,,
01-ai/Yi-1.5-9B-Chat,0.0,5_model_3_mass_market,2,base,specific,0.9999999999117192,30,0.0,2.4783576261415975e-10,Maintain,1.0,,
01-ai/Yi-1.5-9B-Chat,0.0,5_model_3_mass_market,2,competitive_dynamics,generic,0.9999999999117192,30,0.0,2.4783576261415975e-10,Maintain,1.0,,
01-ai/Yi-1.5-9B-Chat,0.0,5_model_3_mass_market,2,competitive_dynamics,specific,0.9999999999117192,30,0.0,2.4783576261415975e-10,Maintain,1.0,,
01-ai/Yi-1.5-9B-Chat,0.0,5_model_3_mass_market,2,count_fact,generic,0.9999999999117192,30,0.0,2.4783576261415975e-10,Maintain,1.0,,
01-ai/Yi-1.5-9B-Chat,0.0,5_model_3_mass_market,2,count_fact,specific,0.9999999999117192,30,0.0,2.4783576261415975e-10,Maintain,1.0,,
01-ai/Yi-1.5-9B-Chat,0.0,5_model_3_mass_market,2,opp_focus,generic,0.9999999999117192,30,0.0,2.4783576261415975e-10,Maintain,1.0,,
01-ai/Yi-1.5-9B-Chat,0.0,5_model_3_mass_market,2,opp_focus,specific,0.9999999999117192,30,0.0,2.4783576261415975e-10,Maintain,1.0,,
01-ai/Yi-1.5-9B-Chat,0.0,5_model_3_mass_market,2,randomized_numbers,generic,0.9999999999117192,30,0.0,2.4783576261415975e-10,Maintain,1.0,,
01-ai/Yi-1.5-9B-Chat,0.0,5_model_3_mass_market,2,randomized_numbers,specific,0.9999999999117192,30,0.0,2.4783576261415975e-10,Maintain,1.0,,
01-ai/Yi-1.5-9B-Chat,0.0,5_model_3_mass_market,3,base,generic,0.9999999999117192,30,0.0,2.4783576261415975e-10,Maintain,1.0,,
01-ai/Yi-1.5-9B-Chat,0.0,5_model_3_mass_market,3,base,specific,0.9999999999117192,30,0.0,2.4783576261415975e-10,Maintain,1.0,,
01-ai/Yi-1.5-9B-Chat,0.0,5_model_3_mass_market,3,competitive_dynamics,generic,0.9999999999117192,30,0.0,2.4783576261415975e-10,Maintain,1.0,,
01-ai/Yi-1.5-9B-Chat,0.0,5_model_3_mass_market,3,competitive_dynamics,specific,0.9999999999117192,30,0.0,2.4783576261415975e-10,Maintain,1.0,,
01-ai/Yi-1.5-9B-Chat,0.0,5_model_3_mass_market,3,count_fact,generic,0.9999999999117192,30,0.0,2.4783576261415975e-10,Maintain,1.0,,
01-ai/Yi-1.5-9B-Chat,0.0,5_model_3_mass_market,3,count_fact,specific,0.9999999999117192,30,0.0,2.4783576261415975e-10,Maintain,1.0,,
01-ai/Yi-1.5-9B-Chat,0.0,5_model_3_mass_market,3,opp_focus,generic,0.9999999999117192,30,0.0,2.4783576261415975e-10,Maintain,1.0,,
01-ai/Yi-1.5-9B-Chat,0.0,5_model_3_mass_market,3,opp_focus,specific,0.9999999999117192,30,0.0,2.4783576261415975e-10,Maintain,1.0,,
01-ai/Yi-1.5-9B-Chat,0.0,5_model_3_mass_market,3,randomized_numbers,generic,0.9999999999117192,30,0.0,2.4783576261415975e-10,Maintain,1.0,,
01-ai/Yi-1.5-9B-Chat,0.0,5_model_3_mass_market,3,randomized_numbers,specific,0.9999999999117192,30,0.0,2.4783576261415975e-10,Maintain,1.0,,
01-ai/Yi-1.5-9B-Chat,0.0,5_model_3_mass_market,4,base,generic,0.9999999999117192,30,0.0,2.4783576261415975e-10,Maintain,1.0,,
01-ai/Yi-1.5-9B-Chat,0.0,5_model_3_mass_market,4,base,specific,0.9999999999117192,30,0.0,2.4783576261415975e-10,Maintain,1.0,,
01-ai/Yi-1.5-9B-Chat,0.0,5_model_3_mass_market,4,competitive_dynamics,generic,0.9999999999117192,30,0.0,2.4783576261415975e-10,Maintain,1.0,,
01-ai/Yi-1.5-9B-Chat,0.0,5_model_3_mass_market,4,competitive_dynamics,specific,0.9999999999117192,30,0.0,2.4783576261415975e-10,Maintain,1.0,,
01-ai/Yi-1.5-9B-Chat,0.0,5_model_3_mass_market,4,count_fact,generic,0.9999999999117192,19,0.0,2.4783576261415975e-10,Maintain,1.0,,
01-ai/Yi-1.5-9B-Chat,0.0,5_model_3_mass_market,4,count_fact,specific,0.9999999999117192,9,0.0,2.4783576261415975e-10,Maintain,1.0,,
01-ai/Yi-1.5-9B-Chat,0.0,5_model_3_mass_market,4,opp_focus,generic,0.9999999999117192,30,0.0,2.4783576261415975e-10,Maintain,1.0,,
01-ai/Yi-1.5-9B-Chat,0.0,5_model_3_mass_market,4,opp_focus,specific,0.9999999999117192,30,0.0,2.4783576261415975e-10,Maintain,1.0,,
01-ai/Yi-1.5-9B-Chat,0.0,5_model_3_mass_market,4,randomized_numbers,generic,0.9999999999117192,30,0.0,2.4783576261415975e-10,Maintain,1.0,,
01-ai/Yi-1.5-9B-Chat,0.0,5_model_3_mass_market,4,randomized_numbers,specific,0.9999999999117192,30,0.0,2.4783576261415975e-10,Maintain,1.0,,
01-ai/Yi-1.5-9B-Chat,0.0,1_founder_period,0,base,generic,0.9999999999117193,30,0.0,2.478354422715094e-10,Niche Focus,1.0,,
01-ai/Yi-1.5-9B-Chat,0.0,1_founder_period,0,competitive_dynamics,generic,0.9999999999117193,30,0.0,2.478354422715094e-10,Niche Focus,1.0,,
01-ai/Yi-1.5-9B-Chat,0.0,1_founder_period,0,count_fact,generic,0.9999999999117193,30,0.0,2.478354422715094e-10,Niche Focus,1.0,,
01-ai/Yi-1.5-9B-Chat,0.0,1_founder_period,0,opp_focus,generic,0.9999999999117193,30,0.0,2.478354422715094e-10,Niche Focus,1.0,,
01-ai/Yi-1.5-9B-Chat,0.0,1_founder_period,0,randomized_numbers,generic,0.9999999999117193,30,0.0,2.478354422715094e-10,Niche Focus,1.0,,
01-ai/Yi-1.5-9B-Chat,0.0,1_founder_period,1,base,generic,0.9999999999117193,30,0.0,2.478354422715094e-10,Niche Focus,1.0,,
01-ai/Yi-1.5-9B-Chat,0.0,1_founder_period,1,base,specific,0.9999999999117193,30,0.0,2.478354422715094e-10,Niche Focus,1.0,,
01-ai/Yi-1.5-9B-Chat,0.0,1_founder_period,1,competitive_dynamics,generic,0.9999999999117193,30,0.0,2.478354422715094e-10,Niche Focus,1.0,,
01-ai/Yi-1.5-9B-Chat,0.0,1_founder_period,1,count_fact,generic,0.9999999999117193,30,0.0,2.478354422715094e-10,Niche Focus,1.0,,
01-ai/Yi-1.5-9B-Chat,0.0,1_founder_period,1,count_fact,specific,0.9999999999117193,30,0.0,2.478354422715094e-10,Niche Focus,1.0,,
01-ai/Yi-1.5-9B-Chat,0.0,1_founder_period,1,opp_focus,generic,0.9999999999117193,30,0.0,2.478354422715094e-10,Niche Focus,1.0,,
01-ai/Yi-1.5-9B-Chat,0.0,1_founder_period,1,randomized_numbers,generic,0.9999999999117193,30,0.0,2.478354422715094e-10,Niche Focus,1.0,,
01-ai/Yi-1.5-9B-Chat,0.0,1_founder_period,1,randomized_numbers,specific,0.9999999999117193,30,0.0,2.478354422715094e-10,Niche Focus,1.0,,
01-ai/Yi-1.5-9B-Chat,0.0,1_founder_period,2,base,generic,0.9999999999117193,30,0.0,2.478354422715094e-10,Niche Focus,1.0,,
01-ai/Yi-1.5-9B-Chat,0.0,1_founder_period,2,base,specific,0.9999999999117193,30,0.0,2.478354422715094e-10,Niche Focus,1.0,,
01-ai/Yi-1.5-9B-Chat,0.0,1_founder_period,2,competitive_dynamics,generic,0.9999999999117193,30,0.0,2.478354422715094e-10,Niche Focus,1.0,,
01-ai/Yi-1.5-9B-Chat,0.0,1_founder_period,2,count_fact,generic,0.9999999999117193,30,0.0,2.478354422715094e-10,Niche Focus,1.0,,
01-ai/Yi-1.5-9B-Chat,0.0,1_founder_period,2,count_fact,specific,0.9999999999117193,30,0.0,2.478354422715094e-10,Niche Focus,1.0,,
01-ai/Yi-1.5-9B-Chat,0.0,1_founder_period,2,opp_focus,generic,0.9999999999117193,30,0.0,2.478354422715094e-10,Niche Focus,1.0,,
01-ai/Yi-1.5-9B-Chat,0.0,1_founder_period,2,randomized_numbers,generic,0.9999999999117193,30,0.0,2.478354422715094e-10,Niche Focus,1.0,,
01-ai/Yi-1.5-9B-Chat,0.0,1_founder_period,2,randomized_numbers,specific,0.9999999999117193,30,0.0,2.478354422715094e-10,Niche Focus,1.0,,
01-ai/Yi-1.5-9B-Chat,0.0,1_founder_period,3,base,generic,0.9999999999117193,30,0.0,2.478354422715094e-10,Niche Focus,1.0,,
01-ai/Yi-1.5-9B-Chat,0.0,1_founder_period,3,competitive_dynamics,generic,0.9999999999117193,30,0.0,2.478354422715094e-10,Niche Focus,1.0,,
01-ai/Yi-1.5-9B-Chat,0.0,1_founder_period,3,count_fact,generic,0.9999999999117193,30,0.0,2.478354422715094e-10,Niche Focus,1.0,,
01-ai/Yi-1.5-9B-Chat,0.0,1_founder_period,3,count_fact,specific,0.9999999999117193,30,0.0,2.478354422715094e-10,Niche Focus,1.0,,
01-ai/Yi-1.5-9B-Chat,0.0,1_founder_period,3,opp_focus,generic,0.9999999999117193,30,0.0,2.478354422715094e-10,Niche Focus,1.0,,
01-ai/Yi-1.5-9B-Chat,0.0,1_founder_period,3,randomized_numbers,generic,0.9999999999117193,30,0.0,2.478354422715094e-10,Niche Focus,1.0,,
01-ai/Yi-1.5-9B-Chat,0.0,1_founder_period,3,randomized_numbers,specific,0.9999999999117193,30,0.0,2.478354422715094e-10,Niche Focus,1.0,,
01-ai/Yi-1.5-9B-Chat,0.0,1_founder_period,4,base,generic,0.9999999999117193,30,0.0,2.478354422715094e-10,Niche Focus,1.0,,
01-ai/Yi-1.5-9B-Chat,0.0,1_founder_period,4,competitive_dynamics,generic,0.9999999999117193,30,0.0,2.478354422715094e-10,Niche Focus,1.0,,
01-ai/Yi-1.5-9B-Chat,0.0,1_founder_period,4,count_fact,generic,0.9999999999117193,30,0.0,2.478354422715094e-10,Niche Focus,1.0,,
01-ai/Yi-1.5-9B-Chat,0.0,1_founder_period,4,count_fact,specific,0.9999999999117193,30,0.0,2.478354422715094e-10,Niche Focus,1.0,,
01-ai/Yi-1.5-9B-Chat,0.0,1_founder_period,4,opp_focus,generic,0.9999999999117193,30,0.0,2.478354422715094e-10,Niche Focus,1.0,,
01-ai/Yi-1.5-9B-Chat,0.0,1_founder_period,4,randomized_numbers,generic,0.9999999999117193,30,0.0,2.478354422715094e-10,Niche Focus,1.0,,
01-ai/Yi-1.5-9B-Chat,0.0,1_founder_period,5,base,generic,0.9999999999117193,30,0.0,2.478354422715094e-10,Niche Focus,1.0,,
01-ai/Yi-1.5-9B-Chat,0.0,1_founder_period,5,competitive_dynamics,generic,0.9999999999117193,30,0.0,2.478354422715094e-10,Niche Focus,1.0,,
01-ai/Yi-1.5-9B-Chat,0.0,1_founder_period,5,competitive_dynamics,specific,0.9999999999117193,30,0.0,2.478354422715094e-10,Niche Focus,1.0,,
01-ai/Yi-1.5-9B-Chat,0.0,1_founder_period,5,count_fact,generic,0.9999999999117193,30,0.0,2.478354422715094e-10,Niche Focus,1.0,,
01-ai/Yi-1.5-9B-Chat,0.0,1_founder_period,5,count_fact,specific,0.9999999999117193,30,0.0,2.478354422715094e-10,Niche Focus,1.0,,
01-ai/Yi-1.5-9B-Chat,0.0,1_founder_period,5,randomized_numbers,generic,0.9999999999117193,30,0.0,2.478354422715094e-10,Niche Focus,1.0,,
01-ai/Yi-1.5-9B-Chat,0.0,1_founder_period,6,base,generic,0.9999999999117193,30,0.0,2.478354422715094e-10,Niche Focus,1.0,,
01-ai/Yi-1.5-9B-Chat,0.0,1_founder_period,6,competitive_dynamics,generic,0.9999999999117193,30,0.0,2.478354422715094e-10,Niche Focus,1.0,,
01-ai/Yi-1.5-9B-Chat,0.0,1_founder_period,6,count_fact,generic,0.9999999999117193,30,0.0,2.478354422715094e-10,Niche Focus,1.0,,
01-ai/Yi-1.5-9B-Chat,0.0,1_founder_period,6,count_fact,specific,0.9999999999117193,30,0.0,2.478354422715094e-10,Niche Focus,1.0,,
01-ai/Yi-1.5-9B-Chat,0.0,1_founder_period,6,randomized_numbers,generic,0.9999999999117193,30,0.0,2.478354422715094e-10,Niche Focus,1.0,,
01-ai/Yi-1.5-9B-Chat,0.0,1_founder_period,6,randomized_numbers,specific,0.9999999999117193,30,0.0,2.478354422715094e-10,Niche Focus,1.0,,
01-ai/Yi-1.5-9B-Chat,0.0,3_model_s_launch,0,base,generic,0.9999999999117193,30,0.0,2.478354422715094e-10,Niche Focus,1.0,,
01-ai/Yi-1.5-9B-Chat,0.0,3_model_s_launch,0,competitive_dynamics,generic,0.9999999999117193,30,0.0,2.478354422715094e-10,Niche Focus,1.0,,
01-ai/Yi-1.5-9B-Chat,0.0,3_model_s_launch,0,count_fact,generic,0.9999999999117193,30,0.0,2.478354422715094e-10,Niche Focus,1.0,,
01-ai/Yi-1.5-9B-Chat,0.0,3_model_s_launch,0,opp_focus,generic,0.9999999999117193,30,0.0,2.478354422715094e-10,Niche Focus,1.0,,
01-ai/Yi-1.5-9B-Chat,0.0,3_model_s_launch,0,randomized_numbers,generic,0.9999999999117193,30,0.0,2.478354422715094e-10,Niche Focus,1.0,,
01-ai/Yi-1.5-9B-Chat,0.0,3_model_s_launch,1,competitive_dynamics,generic,0.9999999999117193,30,0.0,2.478354422715094e-10,Niche Focus,1.0,,
01-ai/Yi-1.5-9B-Chat,0.0,3_model_s_launch,1,opp_focus,generic,0.9999999999117193,30,0.0,2.478354422715094e-10,Niche Focus,1.0,,
01-ai/Yi-1.5-9B-Chat,0.0,6_energy_infra,0,base,specific,0.9999999999117193,30,0.0,2.478354422715094e-10,Diversification,1.0,,
01-ai/Yi-1.5-9B-Chat,0.0,6_energy_infra,0,competitive_dynamics,specific,0.9999999999117193,30,0.0,2.478354422715094e-10,Diversification,1.0,,
01-ai/Yi-1.5-9B-Chat,0.0,6_energy_infra,0,randomized_numbers,specific,0.9999999999117193,30,0.0,2.478354422715094e-10,Diversification,1.0,,
01-ai/Yi-1.5-9B-Chat,0.0,6_energy_infra,1,competitive_dynamics,specific,0.9999999999117193,30,0.0,2.478354422715094e-10,Diversification,1.0,,
01-ai/Yi-1.5-9B-Chat,0.0,6_energy_infra,1,count_fact,generic,0.9999999999117193,30,0.0,2.478354422715094e-10,Diversification,1.0,,
01-ai/Yi-1.5-9B-Chat,0.0,6_energy_infra,1,randomized_numbers,generic,0.9999999999117193,30,0.0,2.478354422715094e-10,Diversification,1.0,,
01-ai/Yi-1.5-9B-Chat,0.0,6_energy_infra,2,competitive_dynamics,generic,0.9999999999117193,30,0.0,2.478354422715094e-10,Diversification,1.0,,
01-ai/Yi-1.5-9B-Chat,0.0,6_energy_infra,2,competitive_dynamics,specific,0.9999999999117193,30,0.0,2.478354422715094e-10,Diversification,1.0,,
01-ai/Yi-1.5-9B-Chat,0.0,6_energy_infra,2,count_fact,generic,0.9999999999117193,30,0.0,2.478354422715094e-10,Diversification,1.0,,
01-ai/Yi-1.5-9B-Chat,0.0,6_energy_infra,2,count_fact,specific,0.9999999999117193,30,0.0,2.478354422715094e-10,Diversification,1.0,,
01-ai/Yi-1.5-9B-Chat,0.0,6_energy_infra,2,randomized_numbers,generic,0.9999999999117193,30,0.0,2.478354422715094e-10,Diversification,1.0,,
01-ai/Yi-1.5-9B-Chat,0.0,6_energy_infra,3,base,generic,0.9999999999117193,30,0.0,2.478354422715094e-10,Diversification,1.0,,
01-ai/Yi-1.5-9B-Chat,0.0,6_energy_infra,3,base,specific,0.9999999999117193,30,0.0,2.478354422715094e-10,Diversification,1.0,,
01-ai/Yi-1.5-9B-Chat,0.0,6_energy_infra,3,competitive_dynamics,generic,0.9999999999117193,30,0.0,2.478354422715094e-10,Diversification,1.0,,
01-ai/Yi-1.5-9B-Chat,0.0,6_energy_infra,3,competitive_dynamics,specific,0.9999999999117193,30,0.0,2.478354422715094e-10,Diversification,1.0,,
01-ai/Yi-1.5-9B-Chat,0.0,6_energy_infra,3,count_fact,generic,0.9999999999117193,30,0.0,2.478354422715094e-10,Diversification,1.0,,
01-ai/Yi-1.5-9B-Chat,0.0,6_energy_infra,3,count_fact,specific,0.9999999999117193,30,0.0,2.478354422715094e-10,Diversification,1.0,,
01-ai/Yi-1.5-9B-Chat,0.0,6_energy_infra,3,opp_focus,generic,0.9999999999117193,30,0.0,2.478354422715094e-10,Diversification,1.0,,
01-ai/Yi-1.5-9B-Chat,0.0,6_energy_infra,3,opp_focus,specific,0.9999999999117193,30,0.0,2.478354422715094e-10,Diversification,1.0,,
01-ai/Yi-1.5-9B-Chat,0.0,6_energy_infra,3,randomized_numbers,generic,0.9999999999117193,30,0.0,2.478354422715094e-10,Diversification,1.0,,
01-ai/Yi-1.5-9B-Chat,0.0,6_energy_infra,3,randomized_numbers,specific,0.9999999999117193,30,0.0,2.478354422715094e-10,Diversification,1.0,,
01-ai/Yi-1.5-9B-Chat,0.0,6_energy_infra,4,base,generic,0.9999999999117193,30,0.0,2.478354422715094e-10,Diversification,1.0,,
01-ai/Yi-1.5-9B-Chat,0.0,6_energy_infra,4,base,specific,0.9999999999117193,26,0.0,2.478354422715094e-10,Diversification,1.0,,
01-ai/Yi-1.5-9B-Chat,0.0,6_energy_infra,4,competitive_dynamics,generic,0.9999999999117193,30,0.0,2.478354422715094e-10,Diversification,1.0,,
01-ai/Yi-1.5-9B-Chat,0.0,6_energy_infra,4,competitive_dynamics,specific,0.9999999999117193,24,0.0,2.478354422715094e-10,Diversification,1.0,,
01-ai/Yi-1.5-9B-Chat,0.0,6_energy_infra,4,count_fact,generic,0.9999999999117193,30,0.0,2.478354422715094e-10,Diversification,1.0,,
01-ai/Yi-1.5-9B-Chat,0.0,6_energy_infra,4,count_fact,specific,0.9999999999117193,30,0.0,2.478354422715094e-10,Diversification,1.0,,
01-ai/Yi-1.5-9B-Chat,0.0,6_energy_infra,4,opp_focus,generic,0.9999999999117193,30,0.0,2.478354422715094e-10,Diversification,1.0,,
01-ai/Yi-1.5-9B-Chat,0.0,6_energy_infra,4,opp_focus,specific,0.9999999999117193,30,0.0,2.478354422715094e-10,Diversification,1.0,,
01-ai/Yi-1.5-9B-Chat,0.0,6_energy_infra,4,randomized_numbers,generic,0.9999999999117193,30,0.0,2.478354422715094e-10,Diversification,1.0,,
01-ai/Yi-1.5-9B-Chat,0.0,6_energy_infra,4,randomized_numbers,specific,0.9999999999117193,30,0.0,2.478354422715094e-10,Diversification,1.0,,
01-ai/Yi-1.5-9B-Chat,0.0,1_founder_period,1,competitive_dynamics,specific,0.9999999999117194,30,0.0,2.4783512192885906e-10,Technology Leadership,1.0,,
01-ai/Yi-1.5-9B-Chat,0.0,1_founder_period,1,opp_focus,specific,0.9999999999117194,30,0.0,2.4783512192885906e-10,Technology Leadership,1.0,,
01-ai/Yi-1.5-9B-Chat,0.0,1_founder_period,2,competitive_dynamics,specific,0.9999999999117194,30,0.0,2.4783512192885906e-10,Technology Leadership,1.0,,
01-ai/Yi-1.5-9B-Chat,0.0,1_founder_period,2,opp_focus,specific,0.9999999999117194,30,0.0,2.4783512192885906e-10,Technology Leadership,1.0,,
01-ai/Yi-1.5-9B-Chat,0.0,1_founder_period,3,base,specific,0.9999999999117194,30,0.0,2.4783512192885906e-10,Technology Leadership,1.0,,
01-ai/Yi-1.5-9B-Chat,0.0,1_founder_period,3,competitive_dynamics,specific,0.9999999999117194,30,0.0,2.4783512192885906e-10,Technology Leadership,1.0,,
01-ai/Yi-1.5-9B-Chat,0.0,1_founder_period,3,opp_focus,specific,0.9999999999117194,30,0.0,2.4783512192885906e-10,Technology Leadership,1.0,,
01-ai/Yi-1.5-9B-Chat,0.0,1_founder_period,4,base,specific,0.9999999999117194,30,0.0,2.4783512192885906e-10,Technology Leadership,1.0,,
01-ai/Yi-1.5-9B-Chat,0.0,1_founder_period,4,competitive_dynamics,specific,0.9999999999117194,30,0.0,2.4783512192885906e-10,Technology Leadership,1.0,,
01-ai/Yi-1.5-9B-Chat,0.0,1_founder_period,4,opp_focus,specific,0.9999999999117194,30,0.0,2.4783512192885906e-10,Technology Leadership,1.0,,
01-ai/Yi-1.5-9B-Chat,0.0,1_founder_period,4,randomized_numbers,specific,0.9999999999117194,30,0.0,2.4783512192885906e-10,Technology Leadership,1.0,,
01-ai/Yi-1.5-9B-Chat,0.0,1_founder_period,5,base,specific,0.9999999999117194,30,0.0,2.4783512192885906e-10,Technology Leadership,1.0,,
01-ai/Yi-1.5-9B-Chat,0.0,1_founder_period,5,opp_focus,generic,0.9999999999117194,30,0.0,2.4783512192885906e-10,Technology Leadership,1.0,,
01-ai/Yi-1.5-9B-Chat,0.0,1_founder_period,5,opp_focus,specific,0.9999999999117194,30,0.0,2.4783512192885906e-10,Technology Leadership,1.0,,
01-ai/Yi-1.5-9B-Chat,0.0,1_founder_period,6,base,specific,0.9999999999117194,30,0.0,2.4783512192885906e-10,Technology Leadership,1.0,,
01-ai/Yi-1.5-9B-Chat,0.0,1_founder_period,6,competitive_dynamics,specific,0.9999999999117194,30,0.0,2.4783512192885906e-10,Technology Leadership,1.0,,
01-ai/Yi-1.5-9B-Chat,0.0,1_founder_period,6,opp_focus,specific,0.9999999999117194,30,0.0,2.4783512192885906e-10,Technology Leadership,1.0,,
01-ai/Yi-1.5-9B-Chat,0.0,3_model_s_launch,0,base,specific,0.9999999999117194,30,0.0,2.4783512192885906e-10,Fast Follower,1.0,,
01-ai/Yi-1.5-9B-Chat,0.0,3_model_s_launch,0,competitive_dynamics,specific,0.9999999999117194,30,0.0,2.4783512192885906e-10,Fast Follower,1.0,,
01-ai/Yi-1.5-9B-Chat,0.0,3_model_s_launch,0,count_fact,specific,0.9999999999117194,30,0.0,2.4783512192885906e-10,Fast Follower,1.0,,
01-ai/Yi-1.5-9B-Chat,0.0,3_model_s_launch,0,opp_focus,specific,0.9999999999117194,30,0.0,2.4783512192885906e-10,Fast Follower,1.0,,
01-ai/Yi-1.5-9B-Chat,0.0,3_model_s_launch,0,randomized_numbers,specific,0.9999999999117194,30,0.0,2.4783512192885906e-10,Fast Follower,1.0,,
01-ai/Yi-1.5-9B-Chat,0.0,3_model_s_launch,1,base,generic,0.9999999999117194,30,0.0,2.4783512192885906e-10,Technology Leadership,1.0,,
01-ai/Yi-1.5-9B-Chat,0.0,3_model_s_launch,1,base,specific,0.9999999999117194,30,0.0,2.4783512192885906e-10,Fast Follower,1.0,,
01-ai/Yi-1.5-9B-Chat,0.0,3_model_s_launch,1,competitive_dynamics,specific,0.9999999999117194,30,0.0,2.4783512192885906e-10,Fast Follower,1.0,,
01-ai/Yi-1.5-9B-Chat,0.0,3_model_s_launch,1,count_fact,generic,0.9999999999117194,30,0.0,2.4783512192885906e-10,Technology Leadership,1.0,,
01-ai/Yi-1.5-9B-Chat,0.0,3_model_s_launch,1,count_fact,specific,0.9999999999117194,30,0.0,2.4783512192885906e-10,Fast Follower,1.0,,
01-ai/Yi-1.5-9B-Chat,0.0,3_model_s_launch,1,opp_focus,specific,0.9999999999117194,30,0.0,2.4783512192885906e-10,Fast Follower,1.0,,
01-ai/Yi-1.5-9B-Chat,0.0,3_model_s_launch,1,randomized_numbers,generic,0.9999999999117194,30,0.0,2.4783512192885906e-10,Technology Leadership,1.0,,
01-ai/Yi-1.5-9B-Chat,0.0,3_model_s_launch,1,randomized_numbers,specific,0.9999999999117194,30,0.0,2.4783512192885906e-10,Fast Follower,1.0,,
01-ai/Yi-1.5-9B-Chat,0.0,3_model_s_launch,2,base,generic,0.9999999999117194,30,0.0,2.4783512192885906e-10,Technology Leadership,1.0,,
01-ai/Yi-1.5-9B-Chat,0.0,3_model_s_launch,2,base,specific,0.9999999999117194,30,0.0,2.4783512192885906e-10,Fast Follower,1.0,,
01-ai/Yi-1.5-9B-Chat,0.0,3_model_s_launch,2,competitive_dynamics,generic,0.9999999999117194,30,0.0,2.4783512192885906e-10,Fast Follower,1.0,,
01-ai/Yi-1.5-9B-Chat,0.0,3_model_s_launch,2,competitive_dynamics,specific,0.9999999999117194,30,0.0,2.4783512192885906e-10,Fast Follower,1.0,,
01-ai/Yi-1.5-9B-Chat,0.0,3_model_s_launch,2,count_fact,generic,0.9999999999117194,30,0.0,2.4783512192885906e-10,Technology Leadership,1.0,,
01-ai/Yi-1.5-9B-Chat,0.0,3_model_s_launch,2,count_fact,specific,0.9999999999117194,30,0.0,2.4783512192885906e-10,Fast Follower,1.0,,
01-ai/Yi-1.5-9B-Chat,0.0,3_model_s_launch,2,opp_focus,specific,0.9999999999117194,30,0.0,2.4783512192885906e-10,Fast Follower,1.0,,
01-ai/Yi-1.5-9B-Chat,0.0,3_model_s_launch,2,randomized_numbers,generic,0.9999999999117194,30,0.0,2.4783512192885906e-10,Technology Leadership,1.0,,
01-ai/Yi-1.5-9B-Chat,0.0,3_model_s_launch,2,randomized_numbers,specific,0.9999999999117194,30,0.0,2.4783512192885906e-10,Fast Follower,1.0,,
01-ai/Yi-1.5-9B-Chat,0.0,3_model_s_launch,3,base,generic,0.9999999999117194,30,0.0,2.4783512192885906e-10,Fast Follower,1.0,,
01-ai/Yi-1.5-9B-Chat,0.0,3_model_s_launch,3,base,specific,0.9999999999117194,30,0.0,2.4783512192885906e-10,Fast Follower,1.0,,
01-ai/Yi-1.5-9B-Chat,0.0,3_model_s_launch,3,competitive_dynamics,generic,0.9999999999117194,30,0.0,2.4783512192885906e-10,Fast Follower,1.0,,
01-ai/Yi-1.5-9B-Chat,0.0,3_model_s_launch,3,competitive_dynamics,specific,0.9999999999117194,30,0.0,2.4783512192885906e-10,Fast Follower,1.0,,
01-ai/Yi-1.5-9B-Chat,0.0,3_model_s_launch,3,count_fact,generic,0.9999999999117194,30,0.0,2.4783512192885906e-10,Technology Leadership,1.0,,
01-ai/Yi-1.5-9B-Chat,0.0,3_model_s_launch,3,count_fact,specific,0.9999999999117194,30,0.0,2.4783512192885906e-10,Fast Follower,1.0,,
01-ai/Yi-1.5-9B-Chat,0.0,3_model_s_launch,3,opp_focus,generic,0.9999999999117194,30,0.0,2.4783512192885906e-10,Fast Follower,1.0,,
01-ai/Yi-1.5-9B-Chat,0.0,3_model_s_launch,3,opp_focus,specific,0.9999999999117194,30,0.0,2.4783512192885906e-10,Fast Follower,1.0,,
01-ai/Yi-1.5-9B-Chat,0.0,3_model_s_launch,3,randomized_numbers,generic,0.9999999999117194,30,0.0,2.4783512192885906e-10,Technology Leadership,1.0,,
01-ai/Yi-1.5-9B-Chat,0.0,3_model_s_launch,3,randomized_numbers,specific,0.9999999999117194,30,0.0,2.4783512192885906e-10,Fast Follower,1.0,,
01-ai/Yi-1.5-9B-Chat,0.0,4_model_x_launch,1,count_fact,generic,0.9999999999117194,30,0.0,2.4783512192885906e-10,Fast Follower,1.0,,
01-ai/Yi-1.5-9B-Chat,0.0,4_model_x_launch,1,randomized_numbers,generic,0.9999999999117194,30,0.0,2.4783512192885906e-10,Fast Follower,1.0,,
01-ai/Yi-1.5-9B-Chat,0.0,4_model_x_launch,2,base,generic,0.9999999999117194,30,0.0,2.4783512192885906e-10,Fast Follower,1.0,,
01-ai/Yi-1.5-9B-Chat,0.0,4_model_x_launch,2,competitive_dynamics,generic,0.9999999999117194,30,0.0,2.4783512192885906e-10,Fast Follower,1.0,,
01-ai/Yi-1.5-9B-Chat,0.0,4_model_x_launch,2,competitive_dynamics,specific,0.9999999999117194,30,0.0,2.4783512192885906e-10,Fast Follower,1.0,,
01-ai/Yi-1.5-9B-Chat,0.0,4_model_x_launch,2,count_fact,generic,0.9999999999117194,30,0.0,2.4783512192885906e-10,Fast Follower,1.0,,
01-ai/Yi-1.5-9B-Chat,0.0,4_model_x_launch,2,count_fact,specific,0.9999999999117194,30,0.0,2.4783512192885906e-10,Technology Leadership,1.0,,
01-ai/Yi-1.5-9B-Chat,0.0,4_model_x_launch,2,opp_focus,generic,0.9999999999117194,30,0.0,2.4783512192885906e-10,Technology Leadership,1.0,,
01-ai/Yi-1.5-9B-Chat,0.0,4_model_x_launch,2,opp_focus,specific,0.9999999999117194,30,0.0,2.4783512192885906e-10,Technology Leadership,1.0,,
01-ai/Yi-1.5-9B-Chat,0.0,4_model_x_launch,2,randomized_numbers,generic,0.9999999999117194,30,0.0,2.4783512192885906e-10,Fast Follower,1.0,,
01-ai/Yi-1.5-9B-Chat,0.0,4_model_x_launch,3,base,generic,0.9999999999117194,30,0.0,2.4783512192885906e-10,Fast Follower,1.0,,
01-ai/Yi-1.5-9B-Chat,0.0,4_model_x_launch,3,base,specific,0.9999999999117194,30,0.0,2.4783512192885906e-10,Open Innovation,1.0,,
01-ai/Yi-1.5-9B-Chat,0.0,4_model_x_launch,3,competitive_dynamics,generic,0.9999999999117194,30,0.0,2.4783512192885906e-10,Fast Follower,1.0,,
01-ai/Yi-1.5-9B-Chat,0.0,4_model_x_launch,3,competitive_dynamics,specific,0.9999999999117194,30,0.0,2.4783512192885906e-10,Open Innovation,1.0,,
01-ai/Yi-1.5-9B-Chat,0.0,4_model_x_launch,3,count_fact,generic,0.9999999999117194,30,0.0,2.4783512192885906e-10,Technology Leadership,1.0,,
01-ai/Yi-1.5-9B-Chat,0.0,4_model_x_launch,3,count_fact,specific,0.9999999999117194,30,0.0,2.4783512192885906e-10,Technology Leadership,1.0,,
01-ai/Yi-1.5-9B-Chat,0.0,4_model_x_launch,3,opp_focus,generic,0.9999999999117194,30,0.0,2.4783512192885906e-10,Technology Leadership,1.0,,
01-ai/Yi-1.5-9B-Chat,0.0,4_model_x_launch,3,opp_focus,specific,0.9999999999117194,30,0.0,2.4783512192885906e-10,Technology Leadership,1.0,,
01-ai/Yi-1.5-9B-Chat,0.0,4_model_x_launch,3,randomized_numbers,generic,0.9999999999117194,30,0.0,2.4783512192885906e-10,Fast Follower,1.0,,
01-ai/Yi-1.5-9B-Chat,0.0,4_model_x_launch,4,base,generic,0.9999999999117194,30,0.0,2.4783512192885906e-10,Fast Follower,1.0,,
01-ai/Yi-1.5-9B-Chat,0.0,4_model_x_launch,4,base,specific,0.9999999999117194,30,0.0,2.4783512192885906e-10,Fast Follower,1.0,,
01-ai/Yi-1.5-9B-Chat,0.0,4_model_x_launch,4,competitive_dynamics,generic,0.9999999999117194,30,0.0,2.4783512192885906e-10,Fast Follower,1.0,,
01-ai/Yi-1.5-9B-Chat,0.0,4_model_x_launch,4,competitive_dynamics,specific,0.9999999999117194,30,0.0,2.4783512192885906e-10,Fast Follower,1.0,,
01-ai/Yi-1.5-9B-Chat,0.0,4_model_x_launch,4,count_fact,generic,0.9999999999117194,30,0.0,2.4783512192885906e-10,Fast Follower,1.0,,
01-ai/Yi-1.5-9B-Chat,0.0,4_model_x_launch,4,randomized_numbers,generic,0.9999999999117194,30,0.0,2.4783512192885906e-10,Fast Follower,1.0,,
01-ai/Yi-1.5-9B-Chat,0.0,4_model_x_launch,4,randomized_numbers,specific,0.9999999999117194,30,0.0,2.4783512192885906e-10,Open Innovation,1.0,,
01-ai/Yi-1.5-9B-Chat,0.0,6_energy_infra,1,base,generic,0.9999999999117194,30,0.0,2.4783512192885906e-10,Technology Leadership,1.0,,
01-ai/Yi-1.5-9B-Chat,0.0,6_energy_infra,1,base,specific,0.9999999999117194,30,0.0,2.4783512192885906e-10,Technology Leadership,1.0,,
01-ai/Yi-1.5-9B-Chat,0.0,6_energy_infra,1,competitive_dynamics,generic,0.9999999999117194,30,0.0,2.4783512192885906e-10,Technology Leadership,1.0,,
01-ai/Yi-1.5-9B-Chat,0.0,6_energy_infra,1,count_fact,specific,0.9999999999117194,30,0.0,2.4783512192885906e-10,Technology Leadership,1.0,,
01-ai/Yi-1.5-9B-Chat,0.0,6_energy_infra,1,opp_focus,generic,0.9999999999117194,30,0.0,2.4783512192885906e-10,Technology Leadership,1.0,,
01-ai/Yi-1.5-9B-Chat,0.0,6_energy_infra,1,opp_focus,specific,0.9999999999117194,30,0.0,2.4783512192885906e-10,Technology Leadership,1.0,,
01-ai/Yi-1.5-9B-Chat,0.0,6_energy_infra,2,base,generic,0.9999999999117194,30,0.0,2.4783512192885906e-10,Technology Leadership,1.0,,
01-ai/Yi-1.5-9B-Chat,0.0,6_energy_infra,2,base,specific,0.9999999999117194,30,0.0,2.4783512192885906e-10,Technology Leadership,1.0,,
01-ai/Yi-1.5-9B-Chat,0.0,6_energy_infra,2,opp_focus,generic,0.9999999999117194,30,0.0,2.4783512192885906e-10,Technology Leadership,1.0,,
01-ai/Yi-1.5-9B-Chat,0.0,6_energy_infra,2,opp_focus,specific,0.9999999999117194,30,0.0,2.4783512192885906e-10,Technology Leadership,1.0,,
01-ai/Yi-1.5-9B-Chat,0.0,6_energy_infra,2,randomized_numbers,specific,0.9999999999117194,30,0.0,2.4783512192885906e-10,Technology Leadership,1.0,,
01-ai/Yi-1.5-9B-Chat,0.7,4_model_x_launch,3,base,specific,0.24018975888254324,30,0.7931034482758621,2.133057020230867,Technology Leadership,0.36666666666666664,Fast Follower,0.23333333333333334
01-ai/Yi-1.5-9B-Chat,0.7,4_model_x_launch,1,count_fact,generic,0.261002703161888,30,0.7241379310344828,2.074627698665738,Fast Follower,0.3333333333333333,Retrenchment,0.3
01-ai/Yi-1.5-9B-Chat,0.7,1_founder_period,0,competitive_dynamics,specific,0.33250010943781383,30,0.6896551724137931,1.8739091032426654,Technology Leadership,0.36666666666666664,Niche Focus,0.3
01-ai/Yi-1.5-9B-Chat,0.7,4_model_x_launch,2,count_fact,specific,0.35559650016408506,30,0.7931034482758621,1.8090693370555024,Retrenchment,0.43333333333333335,Fast Follower,0.3333333333333333
01-ai/Yi-1.5-9B-Chat,0.7,4_model_x_launch,1,randomized_numbers,generic,0.37789633049142335,30,0.6206896551724138,1.7464657986249996,Retrenchment,0.4666666666666667,Open Innovation,0.26666666666666666
01-ai/Yi-1.5-9B-Chat,0.7,3_model_s_launch,2,competitive_dynamics,generic,0.37789633049142346,30,0.6206896551724138,1.7464657986249994,Fast Follower,0.4666666666666667,Niche Focus,0.26666666666666666
01-ai/Yi-1.5-9B-Chat,0.7,1_founder_period,0,opp_focus,specific,0.3852763487504829,29,0.6428571428571429,1.725747468040554,Niche Focus,0.4482758620689655,Technology Leadership,0.3448275862068966
01-ai/Yi-1.5-9B-Chat,0.7,4_model_x_launch,4,randomized_numbers,specific,0.39070992178178554,29,0.6428571428571429,1.7104935000467671,Open Innovation,0.4827586206896552,Fast Follower,0.3448275862068966
01-ai/Yi-1.5-9B-Chat,0.7,4_model_x_launch,1,base,generic,0.39388671129570985,30,0.6896551724137931,1.7015751243685107,Retrenchment,0.43333333333333335,Fast Follower,0.36666666666666664
01-ai/Yi-1.5-9B-Chat,0.7,6_energy_infra,0,randomized_numbers,generic,0.4033260737847799,30,0.6896551724137931,1.6750754836237338,Technology Leadership,0.4666666666666667,Diversification,0.26666666666666666
01-ai/Yi-1.5-9B-Chat,0.7,1_founder_period,0,count_fact,specific,0.4069999099228291,29,0.5,1.6647617216587485,Technology Leadership,0.5172413793103449,Niche Focus,0.27586206896551724
01-ai/Yi-1.5-9B-Chat,0.7,4_model_x_launch,4,competitive_dynamics,specific,0.42518312884616705,26,0.6,1.6137149725154647,Fast Follower,0.5769230769230769,Technology Leadership,0.2692307692307692
01-ai/Yi-1.5-9B-Chat,0.7,4_model_x_launch,3,competitive_dynamics,specific,0.4291013799777741,30,0.5862068965517241,1.6027150509152899,Retrenchment,0.43333333333333335,Fast Follower,0.4
01-ai/Yi-1.5-9B-Chat,0.7,4_model_x_launch,3,randomized_numbers,specific,0.42952874684379017,30,0.7241379310344828,1.601515280440455,Open Innovation,0.5333333333333333,Fast Follower,0.23333333333333334
01-ai/Yi-1.5-9B-Chat,0.7,6_energy_infra,0,base,generic,0.4423233705807308,30,0.6551724137931034,1.56559623051668,Technology Leadership,0.4,Diversification,0.3333333333333333
01-ai/Yi-1.5-9B-Chat,0.7,4_model_x_launch,1,opp_focus,specific,0.4427876274996956,30,0.5862068965517241,1.5642928965701248,Retrenchment,0.6,Maintain,0.16666666666666666
01-ai/Yi-1.5-9B-Chat,0.7,1_founder_period,0,base,specific,0.4455005885300337,30,0.6551724137931034,1.5566766520682547,Technology Leadership,0.5666666666666667,Niche Focus,0.2
01-ai/Yi-1.5-9B-Chat,0.7,2_roadster_launch,0,count_fact,generic,0.45096126683968096,30,0.5862068965517241,1.541346589937893,Retrenchment,0.43333333333333335,Maintain,0.43333333333333335
01-ai/Yi-1.5-9B-Chat,0.7,4_model_x_launch,2,competitive_dynamics,specific,0.4568826391225599,30,0.5172413793103449,1.5247231963142176,Fast Follower,0.6,Retrenchment,0.23333333333333334
01-ai/Yi-1.5-9B-Chat,0.7,3_model_s_launch,1,count_fact,generic,0.46342701211181814,30,0.6206896551724138,1.5063508185910426,Technology Leadership,0.5666666666666667,Niche Focus,0.3
01-ai/Yi-1.5-9B-Chat,0.7,6_energy_infra,0,base,specific,0.47196070929363654,30,0.5862068965517241,1.4823937018043156,Diversification,0.43333333333333335,Technology Leadership,0.4
01-ai/Yi-1.5-9B-Chat,0.7,1_founder_period,0,randomized_numbers,specific,0.47870563593157256,30,0.5862068965517241,1.4634582988083884,Niche Focus,0.5333333333333333,Technology Leadership,0.23333333333333334
01-ai/Yi-1.5-9B-Chat,0.7,4_model_x_launch,0,competitive_dynamics,generic,0.48476790966796,30,0.5517241379310345,1.4464393447956807,Retrenchment,0.6,Niche Focus,0.26666666666666666
01-ai/Yi-1.5-9B-Chat,0.7,6_energy_infra,0,opp_focus,generic,0.4886319022547597,30,0.6206896551724138,1.4355917461883343,Technology Leadership,0.5333333333333333,Diversification,0.3
01-ai/Yi-1.5-9B-Chat,0.7,6_energy_infra,0,competitive_dynamics,generic,0.4894923466500416,30,0.5517241379310345,1.4331761733800827,Diversification,0.43333333333333335,Technology Leadership,0.43333333333333335
01-ai/Yi-1.5-9B-Chat,0.7,6_energy_infra,0,count_fact,specific,0.4908113372880273,30,0.6896551724137931,1.429473298520386,Technology Leadership,0.4666666666666667,Diversification,0.4
01-ai/Yi-1.5-9B-Chat,0.7,3_model_s_launch,1,opp_focus,generic,0.4946774776178161,30,0.6206896551724138,1.4186196704361878,Technology Leadership,0.5666666666666667,Niche Focus,0.23333333333333334
01-ai/Yi-1.5-9B-Chat,0.7,6_energy_infra,0,opp_focus,specific,0.4947840901813374,30,0.4827586206896552,1.418320371131233,Diversification,0.5,Technology Leadership,0.36666666666666664
01-ai/Yi-1.5-9B-Chat,0.7,6_energy_infra,0,count_fact,generic,0.5014591066450944,30,0.4827586206896552,1.3995812308068893,Technology Leadership,0.5333333333333333,Open Innovation,0.3333333333333333
01-ai/Yi-1.5-9B-Chat,0.7,4_model_x_launch,4,base,specific,0.5089278856620278,30,0.5517241379310345,1.3786137172719408,Fast Follower,0.7,Open Innovation,0.16666666666666666
01-ai/Yi-1.5-9B-Chat,0.7,4_model_x_launch,0,randomized_numbers,generic,0.5109213037129231,30,0.5172413793103449,1.3730174852950414,Retrenchment,0.5666666666666667,Open Innovation,0.3
01-ai/Yi-1.5-9B-Chat,0.7,4_model_x_launch,0,opp_focus,generic,0.5116575450278795,30,0.5862068965517241,1.3709505946156764,Retrenchment,0.6,Niche Focus,0.2
01-ai/Yi-1.5-9B-Chat,0.7,4_model_x_launch,1,opp_focus,generic,0.5209685999945637,30,0.3793103448275862,1.3448111586254066,Fast Follower,0.7333333333333333,Technology Leadership,0.1
01-ai/Yi-1.5-9B-Chat,0.7,6_energy_infra,0,randomized_numbers,specific,0.5280767576087597,30,0.4827586206896552,1.3248560373604321,Technology Leadership,0.5666666666666667,Diversification,0.3333333333333333
01-ai/Yi-1.5-9B-Chat,0.7,3_model_s_launch,3,count_fact,generic,0.5371192431890431,25,0.625,1.2994705709589887,Technology Leadership,0.64,Fast Follower,0.2
01-ai/Yi-1.5-9B-Chat,0.7,4_model_x_launch,2,base,specific,0.5416382432471981,30,0.4827586206896552,1.2867841339029487,Retrenchment,0.7,Fast Follower,0.16666666666666666
01-ai/Yi-1.5-9B-Chat,0.7,4_model_x_launch,2,randomized_numbers,generic,0.5416382432471981,30,0.4827586206896552,1.2867841339029487,Fast Follower,0.7,Open Innovation,0.16666666666666666
01-ai/Yi-1.5-9B-Chat,0.7,6_energy_infra,0,competitive_dynamics,specific,0.5416708238750172,30,0.5517241379310345,1.2866926685170772,Technology Leadership,0.4666666666666667,Diversification,0.4666666666666667
01-ai/Yi-1.5-9B-Chat,0.7,2_roadster_launch,0,opp_focus,generic,0.5423531137628352,29,0.6071428571428571,1.2847772386422411,Retrenchment,0.5172413793103449,Maintain,0.41379310344827586
01-ai/Yi-1.5-9B-Chat,0.7,2_roadster_launch,0,competitive_dynamics,generic,0.5465818783791149,30,0.5517241379310345,1.2729055954825053,Retrenchment,0.5333333333333333,Maintain,0.4
01-ai/Yi-1.5-9B-Chat,0.7,4_model_x_launch,1,competitive_dynamics,generic,0.5729459330543144,30,0.4482758620689655,1.198892336824688,Retrenchment,0.6333333333333333,Fast Follower,0.3
01-ai/Yi-1.5-9B-Chat,0.7,6_energy_infra,1,count_fact,generic,0.5808582454503914,30,0.4482758620689655,1.1766796676747038,Technology Leadership,0.5,Diversification,0.4666666666666667
01-ai/Yi-1.5-9B-Chat,0.7,5_model_3_mass_market,0,count_fact,generic,0.5832256992569568,30,0.7586206896551724,1.1700333845780986,Maintain,0.5333333333333333,Open Innovation,0.43333333333333335
01-ai/Yi-1.5-9B-Chat,0.7,2_roadster_launch,0,base,generic,0.587946774908503,30,0.5172413793103449,1.1567796496103238,Retrenchment,0.7,Maintain,0.2
01-ai/Yi-1.5-9B-Chat,0.7,1_founder_period,1,randomized_numbers,specific,0.5951786053800711,30,0.3793103448275862,1.1364773347404813,Niche Focus,0.6,Technology Leadership,0.36666666666666664
01-ai/Yi-1.5-9B-Chat,0.7,3_model_s_launch,1,base,generic,0.5951786053800711,30,0.6206896551724138,1.1364773347404813,Niche Focus,0.6,Technology Leadership,0.36666666666666664
01-ai/Yi-1.5-9B-Chat,0.7,5_model_3_mass_market,0,base,generic,0.6044133064111152,30,0.4482758620689655,1.110552251347249,Maintain,0.7,Open Innovation,0.23333333333333334
01-ai/Yi-1.5-9B-Chat,0.7,4_model_x_launch,2,randomized_numbers,specific,0.6113222209115312,30,0.3103448275862069,1.0911564762184311,Retrenchment,0.7333333333333333,Maintain,0.16666666666666666
01-ai/Yi-1.5-9B-Chat,0.7,5_model_3_mass_market,0,competitive_dynamics,generic,0.6172098902401878,30,0.4482758620689655,1.0746276987491794,Maintain,0.6666666666666666,Open Innovation,0.3
01-ai/Yi-1.5-9B-Chat,0.7,4_model_x_launch,0,count_fact,generic,0.6249203949876658,30,0.4482758620689655,1.0529815752947982,Retrenchment,0.7333333333333333,Niche Focus,0.2
01-ai/Yi-1.5-9B-Chat,0.7,3_model_s_launch,1,randomized_numbers,generic,0.624920394987666,30,0.5172413793103449,1.052981575294798,Niche Focus,0.7333333333333333,Technology Leadership,0.2
01-ai/Yi-1.5-9B-Chat,0.7,3_model_s_launch,2,randomized_numbers,generic,0.624920394987666,30,0.5172413793103449,1.052981575294798,Technology Leadership,0.7333333333333333,Niche Focus,0.2
01-ai/Yi-1.5-9B-Chat,0.7,2_roadster_launch,4,base,generic,0.626069822982273,29,0.4642857142857143,1.0497547229565871,Retrenchment,0.6896551724137931,Maintain,0.27586206896551724
01-ai/Yi-1.5-9B-Chat,0.7,5_model_3_mass_market,4,opp_focus,generic,0.6372298039843012,28,0.48148148148148145,1.018424695360474,Maintain,0.7142857142857143,Open Innovation,0.25
01-ai/Yi-1.5-9B-Chat,0.7,1_founder_period,5,randomized_numbers,specific,0.6437928128201917,30,0.5862068965517241,1.000000000201529,Technology Leadership,0.5,Niche Focus,0.5
01-ai/Yi-1.5-9B-Chat,0.7,6_energy_infra,1,base,specific,0.6437928128201917,30,0.5517241379310345,1.0000000002015292,Technology Leadership,0.5,Diversification,0.5
01-ai/Yi-1.5-9B-Chat,0.7,6_energy_infra,1,randomized_numbers,specific,0.6437928128201917,30,0.5172413793103449,1.0000000002015292,Technology Leadership,0.5,Diversification,0.5
01-ai/Yi-1.5-9B-Chat,0.7,1_founder_period,2,base,specific,0.64493565656721,30,0.5517241379310345,0.9967916321831946,Niche Focus,0.5333333333333333,Technology Leadership,0.4666666666666667
01-ai/Yi-1.5-9B-Chat,0.7,1_founder_period,4,randomized_numbers,specific,0.64493565656721,30,0.41379310344827586,0.9967916321831946,Niche Focus,0.5333333333333333,Technology Leadership,0.4666666666666667
01-ai/Yi-1.5-9B-Chat,0.7,2_roadster_launch,0,randomized_numbers,generic,0.64493565656721,30,0.5517241379310345,0.9967916321831947,Retrenchment,0.5333333333333333,Maintain,0.4666666666666667
01-ai/Yi-1.5-9B-Chat,0.7,6_energy_infra,1,competitive_dynamics,specific,0.64493565656721,30,0.5862068965517241,0.9967916321831947,Diversification,0.5333333333333333,Technology Leadership,0.4666666666666667
01-ai/Yi-1.5-9B-Chat,0.7,1_founder_period,6,opp_focus,generic,0.6465474916887852,29,0.5714285714285714,0.992266638921095,Niche Focus,0.5517241379310345,Technology Leadership,0.4482758620689655
01-ai/Yi-1.5-9B-Chat,0.7,1_founder_period,5,opp_focus,generic,0.6483744300309827,30,0.5862068965517241,0.9871377745738311,Niche Focus,0.5666666666666667,Technology Leadership,0.43333333333333335
01-ai/Yi-1.5-9B-Chat,0.7,3_model_s_launch,2,opp_focus,generic,0.6483744300309827,30,0.41379310344827586,0.9871377745738312,Fast Follower,0.5666666666666667,Technology Leadership,0.43333333333333335
01-ai/Yi-1.5-9B-Chat,0.7,6_energy_infra,2,opp_focus,generic,0.6483744300309827,30,0.5517241379310345,0.9871377745738312,Technology Leadership,0.5666666666666667,Diversification,0.43333333333333335
01-ai/Yi-1.5-9B-Chat,0.7,3_model_s_launch,2,count_fact,generic,0.6490747431892039,30,0.41379310344827586,0.9851717469821171,Technology Leadership,0.7666666666666667,Maintain,0.16666666666666666
01-ai/Yi-1.5-9B-Chat,0.7,3_model_s_launch,2,base,generic,0.6503501382810224,30,0.27586206896551724,0.9815912602935323,Technology Leadership,0.7333333333333333,Fast Follower,0.23333333333333334
01-ai/Yi-1.5-9B-Chat,0.7,3_model_s_launch,3,competitive_dynamics,generic,0.6503501382810224,30,0.3793103448275862,0.9815912602935324,Fast Follower,0.7333333333333333,Technology Leadership,0.23333333333333334
01-ai/Yi-1.5-9B-Chat,0.7,1_founder_period,2,randomized_numbers,specific,0.654140419856561,30,0.5862068965517241,0.9709505946564598,Niche Focus,0.6,Technology Leadership,0.4
01-ai/Yi-1.5-9B-Chat,0.7,1_founder_period,3,base,specific,0.654140419856561,30,0.4827586206896552,0.9709505946564598,Technology Leadership,0.6,Niche Focus,0.4
01-ai/Yi-1.5-9B-Chat,0.7,1_founder_period,6,base,specific,0.654140419856561,25,0.4583333333333333,0.9709505946564598,Technology Leadership,0.6,Niche Focus,0.4
01-ai/Yi-1.5-9B-Chat,0.7,6_energy_infra,2,opp_focus,specific,0.654140419856561,30,0.41379310344827586,0.9709505946564599,Diversification,0.6,Technology Leadership,0.4
01-ai/Yi-1.5-9B-Chat,0.7,5_model_3_mass_market,4,base,generic,0.655683495821944,28,0.4074074074074074,0.9666186327499333,Maintain,0.6071428571428571,Open Innovation,0.39285714285714285
01-ai/Yi-1.5-9B-Chat,0.7,1_founder_period,6,randomized_numbers,specific,0.6589125669885595,29,0.5,0.9575534839166608,Niche Focus,0.6206896551724138,Technology Leadership,0.3793103448275862
01-ai/Yi-1.5-9B-Chat,0.7,1_founder_period,0,count_fact,generic,0.6622877156191471,30,0.5172413793103449,0.9480782437959046,Niche Focus,0.6333333333333333,Retrenchment,0.36666666666666664
01-ai/Yi-1.5-9B-Chat,0.7,4_model_x_launch,3,count_fact,generic,0.6622877156191471,30,0.41379310344827586,0.9480782437959046,Technology Leadership,0.6333333333333333,Fast Follower,0.36666666666666664
01-ai/Yi-1.5-9B-Chat,0.7,1_founder_period,3,randomized_numbers,specific,0.6622877156191472,30,0.5862068965517241,0.9480782437959043,Niche Focus,0.6333333333333333,Technology Leadership,0.36666666666666664
01-ai/Yi-1.5-9B-Chat,0.7,5_model_3_mass_market,0,opp_focus,generic,0.6622877156191472,30,0.5172413793103449,0.9480782437959044,Maintain,0.6333333333333333,Open Innovation,0.36666666666666664
01-ai/Yi-1.5-9B-Chat,0.7,6_energy_infra,1,count_fact,specific,0.671636129056083,30,0.4482758620689655,0.9218339293202932,Technology Leadership,0.7666666666666667,Diversification,0.2
01-ai/Yi-1.5-9B-Chat,0.7,1_founder_period,0,base,generic,0.6728964239463848,30,0.5172413793103449,0.9182958342567606,Niche Focus,0.6666666666666666,Retrenchment,0.3333333333333333
01-ai/Yi-1.5-9B-Chat,0.7,1_founder_period,0,opp_focus,generic,0.6728964239463848,30,0.2413793103448276,0.9182958342567606,Niche Focus,0.6666666666666666,Retrenchment,0.3333333333333333
01-ai/Yi-1.5-9B-Chat,0.7,1_founder_period,0,randomized_numbers,generic,0.6728964239463848,30,0.5862068965517241,0.9182958342567606,Niche Focus,0.6666666666666666,Retrenchment,0.3333333333333333
01-ai/Yi-1.5-9B-Chat,0.7,1_founder_period,1,opp_focus,specific,0.6728964239463848,30,0.4827586206896552,0.9182958342567604,Technology Leadership,0.6666666666666666,Niche Focus,0.3333333333333333
01-ai/Yi-1.5-9B-Chat,0.7,1_founder_period,2,competitive_dynamics,specific,0.6728964239463848,30,0.4482758620689655,0.9182958342567604,Technology Leadership,0.6666666666666666,Niche Focus,0.3333333333333333
01-ai/Yi-1.5-9B-Chat,0.7,6_energy_infra,3,competitive_dynamics,specific,0.6728964239463848,30,0.5517241379310345,0.9182958342567604,Diversification,0.6666666666666666,Technology Leadership,0.3333333333333333
01-ai/Yi-1.5-9B-Chat,0.7,1_founder_period,6,competitive_dynamics,generic,0.6773018583694439,28,0.48148148148148145,0.9059282162453837,Niche Focus,0.6785714285714286,Technology Leadership,0.32142857142857145
01-ai/Yi-1.5-9B-Chat,0.7,1_founder_period,1,count_fact,specific,0.677423308770469,30,0.3793103448275862,0.90558726186428,Niche Focus,0.8,Technology Leadership,0.13333333333333333
01-ai/Yi-1.5-9B-Chat,0.7,4_model_x_launch,4,randomized_numbers,generic,0.683372497945762,28,0.2962962962962963,0.8888857763507693,Fast Follower,0.7857142857142857,Open Innovation,0.17857142857142858
01-ai/Yi-1.5-9B-Chat,0.7,6_energy_infra,3,opp_focus,specific,0.6860778476889638,30,0.4482758620689655,0.8812908994333042,Diversification,0.7,Technology Leadership,0.3
01-ai/Yi-1.5-9B-Chat,0.7,3_model_s_launch,3,base,generic,0.6965354922919056,30,0.3793103448275862,0.8519325793841068,Fast Follower,0.8,Technology Leadership,0.16666666666666666
01-ai/Yi-1.5-9B-Chat,0.7,1_founder_period,0,competitive_dynamics,generic,0.6973125375848841,29,0.35714285714285715,0.8497511374562019,Niche Focus,0.7241379310344828,Retrenchment,0.27586206896551724
01-ai/Yi-1.5-9B-Chat,0.7,6_energy_infra,2,base,generic,0.7019825546208485,30,0.3448275862068966,0.836640742144194,Technology Leadership,0.7333333333333333,Diversification,0.26666666666666666
01-ai/Yi-1.5-9B-Chat,0.7,6_energy_infra,2,count_fact,specific,0.7019825546208485,30,0.41379310344827586,0.8366407421441943,Diversification,0.7333333333333333,Fast Follower,0.26666666666666666
01-ai/Yi-1.5-9B-Chat,0.7,1_founder_period,1,base,specific,0.7019825546208486,30,0.4827586206896552,0.8366407421441939,Niche Focus,0.7333333333333333,Technology Leadership,0.26666666666666666
01-ai/Yi-1.5-9B-Chat,0.7,1_founder_period,4,opp_focus,generic,0.7019825546208486,30,0.4827586206896552,0.8366407421441939,Niche Focus,0.7333333333333333,Technology Leadership,0.26666666666666666
01-ai/Yi-1.5-9B-Chat,0.7,1_founder_period,6,competitive_dynamics,specific,0.7019825546208486,30,0.41379310344827586,0.8366407421441939,Technology Leadership,0.7333333333333333,Niche Focus,0.26666666666666666
01-ai/Yi-1.5-9B-Chat,0.7,4_model_x_launch,0,competitive_dynamics,specific,0.7108140782227369,30,0.3103448275862069,0.8118475208911649,Retrenchment,0.8333333333333334,Niche Focus,0.1
01-ai/Yi-1.5-9B-Chat,0.7,1_founder_period,1,opp_focus,generic,0.710814078222737,30,0.3448275862068966,0.8118475208911646,Niche Focus,0.8333333333333334,Technology Leadership,0.1
01-ai/Yi-1.5-9B-Chat,0.7,3_model_s_launch,1,randomized_numbers,specific,0.710814078222737,30,0.3103448275862069,0.8118475208911644,Fast Follower,0.8333333333333334,Technology Leadership,0.1
01-ai/Yi-1.5-9B-Chat,0.7,1_founder_period,4,base,specific,0.7208130181438654,30,0.3448275862068966,0.7837769476882266,Technology Leadership,0.7666666666666667,Niche Focus,0.23333333333333334
01-ai/Yi-1.5-9B-Chat,0.7,4_model_x_launch,2,opp_focus,specific,0.7208130181438654,30,0.3448275862068966,0.7837769476882265,Fast Follower,0.7666666666666667,Technology Leadership,0.23333333333333334
01-ai/Yi-1.5-9B-Chat,0.7,6_energy_infra,3,randomized_numbers,specific,0.7208130181438654,30,0.27586206896551724,0.7837769476882264,Diversification,0.7666666666666667,Technology Leadership,0.23333333333333334
01-ai/Yi-1.5-9B-Chat,0.7,4_model_x_launch,4,count_fact,specific,0.7242089708709334,19,0.3333333333333333,0.7742433030848171,Technology Leadership,0.8421052631578947,Fast Follower,0.10526315789473684
01-ai/Yi-1.5-9B-Chat,0.7,4_model_x_launch,3,randomized_numbers,generic,0.7255980122386716,30,0.20689655172413793,0.7703437709641557,Fast Follower,0.8333333333333334,Open Innovation,0.13333333333333333
01-ai/Yi-1.5-9B-Chat,0.7,2_roadster_launch,3,base,generic,0.7428440239532104,30,0.3103448275862069,0.721928095091482,Retrenchment,0.8,Maintain,0.2
01-ai/Yi-1.5-9B-Chat,0.7,1_founder_period,1,competitive_dynamics,specific,0.7428440239532105,30,0.3103448275862069,0.7219280950914819,Technology Leadership,0.8,Niche Focus,0.2
01-ai/Yi-1.5-9B-Chat,0.7,1_founder_period,4,competitive_dynamics,specific,0.7428440239532105,30,0.3448275862068966,0.7219280950914819,Technology Leadership,0.8,Niche Focus,0.2
01-ai/Yi-1.5-9B-Chat,0.7,1_founder_period,5,competitive_dynamics,specific,0.7428440239532106,30,0.20689655172413793,0.7219280950914817,Niche Focus,0.8,Technology Leadership,0.2
01-ai/Yi-1.5-9B-Chat,0.7,3_model_s_launch,1,base,specific,0.7428440239532106,30,0.20689655172413793,0.7219280950914818,Fast Follower,0.8,Technology Leadership,0.2
01-ai/Yi-1.5-9B-Chat,0.7,4_model_x_launch,0,base,generic,0.7507109505264674,30,0.27586206896551724,0.6998428400545833,Retrenchment,0.8666666666666667,Open Innovation,0.06666666666666667
01-ai/Yi-1.5-9B-Chat,0.7,2_roadster_launch,0,count_fact,specific,0.7507109505264675,30,0.2413793103448276,0.6998428400545831,Retrenchment,0.8666666666666667,Maintain,0.06666666666666667
01-ai/Yi-1.5-9B-Chat,0.7,2_roadster_launch,1,base,generic,0.7507109505264675,30,0.2413793103448276,0.6998428400545831,Retrenchment,0.8666666666666667,Technology Leadership,0.06666666666666667
01-ai/Yi-1.5-9B-Chat,0.7,2_roadster_launch,4,randomized_numbers,generic,0.7537575800698766,27,0.34615384615384615,0.6912898696102076,Retrenchment,0.8148148148148148,Maintain,0.18518518518518517
01-ai/Yi-1.5-9B-Chat,0.7,4_model_x_launch,4,count_fact,generic,0.7563405928944044,22,0.38095238095238093,0.6840384358435314,Fast Follower,0.8181818181818182,Technology Leadership,0.18181818181818182
01-ai/Yi-1.5-9B-Chat,0.7,1_founder_period,1,count_fact,generic,0.7596741623172119,30,0.27586206896551724,0.6746799233163923,Niche Focus,0.8666666666666667,Retrenchment,0.1
01-ai/Yi-1.5-9B-Chat,0.7,1_founder_period,2,opp_focus,specific,0.7684573415545342,30,0.3448275862068966,0.6500224218531812,Technology Leadership,0.8333333333333334,Niche Focus,0.16666666666666666
01-ai/Yi-1.5-9B-Chat,0.7,1_founder_period,3,competitive_dynamics,specific,0.7684573415545342,30,0.3448275862068966,0.6500224218531812,Technology Leadership,0.8333333333333334,Niche Focus,0.16666666666666666
01-ai/Yi-1.5-9B-Chat,0.7,1_founder_period,5,base,specific,0.7684573415545342,30,0.20689655172413793,0.6500224218531812,Technology Leadership,0.8333333333333334,Niche Focus,0.16666666666666666
01-ai/Yi-1.5-9B-Chat,0.7,2_roadster_launch,1,randomized_numbers,generic,0.7684573415545342,30,0.2413793103448276,0.6500224218531814,Retrenchment,0.8333333333333334,Maintain,0.16666666666666666
01-ai/Yi-1.5-9B-Chat,0.7,2_roadster_launch,3,count_fact,generic,0.7684573415545342,30,0.27586206896551724,0.6500224218531814,Retrenchment,0.8333333333333334,Maintain,0.16666666666666666
01-ai/Yi-1.5-9B-Chat,0.7,4_model_x_launch,3,opp_focus,generic,0.7684573415545342,30,0.3103448275862069,0.6500224218531813,Technology Leadership,0.8333333333333334,Fast Follower,0.16666666666666666
01-ai/Yi-1.5-9B-Chat,0.7,6_energy_infra,1,opp_focus,specific,0.7684573415545342,30,0.27586206896551724,0.6500224218531812,Technology Leadership,0.8333333333333334,Diversification,0.16666666666666666
01-ai/Yi-1.5-9B-Chat,0.7,6_energy_infra,2,base,specific,0.7684573415545342,30,0.27586206896551724,0.6500224218531813,Diversification,0.8333333333333334,Technology Leadership,0.16666666666666666
01-ai/Yi-1.5-9B-Chat,0.7,6_energy_infra,2,count_fact,generic,0.7684573415545342,30,0.27586206896551724,0.6500224218531813,Diversification,0.8333333333333334,Fast Follower,0.16666666666666666
01-ai/Yi-1.5-9B-Chat,0.7,2_roadster_launch,4,competitive_dynamics,generic,0.7793716106156136,26,0.32,0.6193821948838989,Retrenchment,0.8461538461538461,Maintain,0.15384615384615385
01-ai/Yi-1.5-9B-Chat,0.7,2_roadster_launch,4,randomized_numbers,specific,0.7844281917887538,27,0.23076923076923078,0.6051865768386999,Retrenchment,0.8518518518518519,Maintain,0.14814814814814814
01-ai/Yi-1.5-9B-Chat,0.7,2_roadster_launch,4,count_fact,generic,0.7892419037796303,28,0.2962962962962963,0.5916727787877448,Retrenchment,0.8571428571428571,Maintain,0.14285714285714285
01-ai/Yi-1.5-9B-Chat,0.7,2_roadster_launch,0,opp_focus,specific,0.7982052421275723,30,0.20689655172413793,0.5665095067585825,Retrenchment,0.8666666666666667,Maintain,0.13333333333333333
01-ai/Yi-1.5-9B-Chat,0.7,1_founder_period,2,count_fact,specific,0.7982052421275724,30,0.27586206896551724,0.5665095067585821,Niche Focus,0.8666666666666667,Technology Leadership,0.13333333333333333
01-ai/Yi-1.5-9B-Chat,0.7,3_model_s_launch,1,count_fact,specific,0.7982052421275724,30,0.27586206896551724,0.5665095067585821,Fast Follower,0.8666666666666667,Technology Leadership,0.13333333333333333
01-ai/Yi-1.5-9B-Chat,0.7,6_energy_infra,3,base,specific,0.7982052421275724,30,0.27586206896551724,0.5665095067585821,Diversification,0.8666666666666667,Technology Leadership,0.13333333333333333
01-ai/Yi-1.5-9B-Chat,0.7,4_model_x_launch,0,base,specific,0.8002300411826994,30,0.1724137931034483,0.5608251771649939,Retrenchment,0.9,Niche Focus,0.06666666666666667
01-ai/Yi-1.5-9B-Chat,0.7,2_roadster_launch,0,base,specific,0.8002300411826995,30,0.20689655172413793,0.5608251771649934,Retrenchment,0.9,Technology Leadership,0.06666666666666667
01-ai/Yi-1.5-9B-Chat,0.7,2_roadster_launch,0,competitive_dynamics,specific,0.8002300411826995,30,0.20689655172413793,0.5608251771649934,Retrenchment,0.9,Maintain,0.06666666666666667
01-ai/Yi-1.5-9B-Chat,0.7,2_roadster_launch,1,opp_focus,generic,0.8002300411826995,30,0.20689655172413793,0.5608251771649934,Retrenchment,0.9,Maintain,0.06666666666666667
01-ai/Yi-1.5-9B-Chat,0.7,4_model_x_launch,3,count_fact,specific,0.8002300411826995,30,0.13793103448275862,0.5608251771649935,Technology Leadership,0.9,Fast Follower,0.06666666666666667
01-ai/Yi-1.5-9B-Chat,0.7,2_roadster_launch,4,opp_focus,generic,0.829080384509756,29,0.21428571428571427,0.47983202382272966,Retrenchment,0.896551724137931,Maintain,0.10344827586206896
01-ai/Yi-1.5-9B-Chat,0.7,1_founder_period,6,count_fact,specific,0.8290803845097561,29,0.21428571428571427,0.4798320238227295,Niche Focus,0.896551724137931,Technology Leadership,0.10344827586206896
01-ai/Yi-1.5-9B-Chat,0.7,5_model_3_mass_market,4,competitive_dynamics,generic,0.8290803845097561,29,0.14285714285714285,0.4798320238227295,Maintain,0.896551724137931,Open Innovation,0.10344827586206896
01-ai/Yi-1.5-9B-Chat,0.7,2_roadster_launch,0,randomized_numbers,specific,0.8329403987678696,30,0.1724137931034483,0.46899559379600175,Retrenchment,0.9,Maintain,0.1
01-ai/Yi-1.5-9B-Chat,0.7,4_model_x_launch,1,competitive_dynamics,specific,0.8329403987678696,30,0.20689655172413793,0.46899559379600175,Retrenchment,0.9,Maintain,0.1
01-ai/Yi-1.5-9B-Chat,0.7,4_model_x_launch,1,count_fact,specific,0.8329403987678696,30,0.06896551724137931,0.46899559379600175,Retrenchment,0.9,Maintain,0.1
01-ai/Yi-1.5-9B-Chat,0.7,1_founder_period,1,competitive_dynamics,generic,0.8329403987678697,30,0.13793103448275862,0.46899559379600153,Niche Focus,0.9,Open Innovation,0.1
01-ai/Yi-1.5-9B-Chat,0.7,5_model_3_mass_market,3,base,generic,0.8329403987678697,30,0.20689655172413793,0.46899559379600153,Maintain,0.9,Open Innovation,0.1
01-ai/Yi-1.5-9B-Chat,0.7,1_founder_period,5,count_fact,specific,0.8329403987678698,30,0.20689655172413793,0.4689955937960013,Niche Focus,0.9,Technology Leadership,0.1
01-ai/Yi-1.5-9B-Chat,0.7,1_founder_period,6,opp_focus,specific,0.8329403987678698,30,0.20689655172413793,0.46899559379600125,Technology Leadership,0.9,Niche Focus,0.1
01-ai/Yi-1.5-9B-Chat,0.7,2_roadster_launch,1,competitive_dynamics,generic,0.8329403987678698,30,0.20689655172413793,0.4689955937960013,Retrenchment,0.9,Technology Leadership,0.1
01-ai/Yi-1.5-9B-Chat,0.7,2_roadster_launch,4,competitive_dynamics,specific,0.8329403987678698,30,0.20689655172413793,0.4689955937960013,Retrenchment,0.9,Technology Leadership,0.1
01-ai/Yi-1.5-9B-Chat,0.7,3_model_s_launch,0,base,generic,0.8329403987678698,30,0.20689655172413793,0.4689955937960013,Niche Focus,0.9,Technology Leadership,0.1
01-ai/Yi-1.5-9B-Chat,0.7,3_model_s_launch,1,competitive_dynamics,generic,0.8329403987678698,30,0.20689655172413793,0.4689955937960013,Niche Focus,0.9,Fast Follower,0.1
01-ai/Yi-1.5-9B-Chat,0.7,6_energy_infra,2,randomized_numbers,specific,0.8329403987678698,30,0.20689655172413793,0.4689955937960013,Diversification,0.9,Technology Leadership,0.1
01-ai/Yi-1.5-9B-Chat,0.7,6_energy_infra,3,base,generic,0.8329403987678698,30,0.20689655172413793,0.4689955937960013,Diversification,0.9,Technology Leadership,0.1
01-ai/Yi-1.5-9B-Chat,0.7,6_energy_infra,4,randomized_numbers,specific,0.8329403987678698,30,0.1724137931034483,0.4689955937960013,Diversification,0.9,Technology Leadership,0.1
01-ai/Yi-1.5-9B-Chat,0.7,1_founder_period,6,base,generic,0.8423210065947585,28,0.1111111111111111,0.4426608982412933,Niche Focus,0.9285714285714286,Technology Leadership,0.03571428571428571
01-ai/Yi-1.5-9B-Chat,0.7,4_model_x_launch,0,opp_focus,specific,0.8503837193651191,30,0.10344827586206896,0.42002600186028466,Retrenchment,0.9333333333333333,Niche Focus,0.03333333333333333
01-ai/Yi-1.5-9B-Chat,0.7,4_model_x_launch,0,randomized_numbers,specific,0.8503837193651191,30,0.13793103448275862,0.4200260018602847,Retrenchment,0.9333333333333333,Niche Focus,0.03333333333333333
01-ai/Yi-1.5-9B-Chat,0.7,4_model_x_launch,2,base,generic,0.8503837193651191,30,0.13793103448275862,0.42002600186028477,Fast Follower,0.9333333333333333,Open Innovation,0.03333333333333333
01-ai/Yi-1.5-9B-Chat,0.7,4_model_x_launch,0,count_fact,specific,0.8503837193651193,30,0.13793103448275862,0.4200260018602844,Retrenchment,0.9333333333333333,Niche Focus,0.03333333333333333
01-ai/Yi-1.5-9B-Chat,0.7,5_model_3_mass_market,4,randomized_numbers,generic,0.8606362306515534,26,0.16,0.3912435638368622,Maintain,0.9230769230769231,Open Innovation,0.07692307692307693
01-ai/Yi-1.5-9B-Chat,0.7,6_energy_infra,4,competitive_dynamics,specific,0.8606362306515535,26,0.16,0.391243563836862,Diversification,0.9230769230769231,Technology Leadership,0.07692307692307693
01-ai/Yi-1.5-9B-Chat,0.7,5_model_3_mass_market,4,opp_focus,specific,0.8643040881934835,27,0.15384615384615385,0.3809465859131187,Maintain,0.9259259259259259,Open Innovation,0.07407407407407407
01-ai/Yi-1.5-9B-Chat,0.7,2_roadster_launch,3,competitive_dynamics,generic,0.874130865159545,30,0.13793103448275862,0.3533593352294837,Retrenchment,0.9333333333333333,Maintain,0.06666666666666667
01-ai/Yi-1.5-9B-Chat,0.7,2_roadster_launch,3,randomized_numbers,specific,0.874130865159545,30,0.10344827586206896,0.3533593352294837,Retrenchment,0.9333333333333333,Maintain,0.06666666666666667
01-ai/Yi-1.5-9B-Chat,0.7,5_model_3_mass_market,3,opp_focus,generic,0.874130865159545,30,0.13793103448275862,0.35335933522948365,Maintain,0.9333333333333333,Open Innovation,0.06666666666666667
01-ai/Yi-1.5-9B-Chat,0.7,5_model_3_mass_market,3,randomized_numbers,generic,0.874130865159545,30,0.13793103448275862,0.35335933522948365,Maintain,0.9333333333333333,Open Innovation,0.06666666666666667
01-ai/Yi-1.5-9B-Chat,0.7,6_energy_infra,3,count_fact,specific,0.874130865159545,30,0.13793103448275862,0.3533593352294837,Diversification,0.9333333333333333,Fast Follower,0.06666666666666667
01-ai/Yi-1.5-9B-Chat,0.7,1_founder_period,3,opp_focus,generic,0.8741308651595451,30,0.13793103448275862,0.3533593352294835,Niche Focus,0.9333333333333333,Technology Leadership,0.06666666666666667
01-ai/Yi-1.5-9B-Chat,0.7,3_model_s_launch,0,randomized_numbers,specific,0.8741308651595451,30,0.13793103448275862,0.3533593352294835,Fast Follower,0.9333333333333333,Technology Leadership,0.06666666666666667
01-ai/Yi-1.5-9B-Chat,0.7,6_energy_infra,1,randomized_numbers,generic,0.8741308651595451,30,0.13793103448275862,0.3533593352294834,Technology Leadership,0.9333333333333333,Diversification,0.06666666666666667
01-ai/Yi-1.5-9B-Chat,0.7,6_energy_infra,2,competitive_dynamics,generic,0.8741308651595451,30,0.13793103448275862,0.3533593352294835,Diversification,0.9333333333333333,Technology Leadership,0.06666666666666667
01-ai/Yi-1.5-9B-Chat,0.7,6_energy_infra,2,competitive_dynamics,specific,0.8741308651595451,30,0.13793103448275862,0.3533593352294835,Diversification,0.9333333333333333,Technology Leadership,0.06666666666666667
01-ai/Yi-1.5-9B-Chat,0.7,6_energy_infra,4,competitive_dynamics,generic,0.8741308651595451,30,0.13793103448275862,0.3533593352294835,Diversification,0.9333333333333333,Technology Leadership,0.06666666666666667
01-ai/Yi-1.5-9B-Chat,0.7,1_founder_period,6,randomized_numbers,generic,0.9109901312871886,24,0.08695652173913043,0.24988229304261206,Niche Focus,0.9583333333333334,Open Innovation,0.041666666666666664
01-ai/Yi-1.5-9B-Chat,0.7,3_model_s_launch,3,opp_focus,generic,0.9109901312871888,24,0.08695652173913043,0.24988229304261178,Fast Follower,0.9583333333333334,Technology Leadership,0.041666666666666664
01-ai/Yi-1.5-9B-Chat,0.7,5_model_3_mass_market,4,count_fact,generic,0.9109901312871888,24,0.08695652173913043,0.2498822930426118,Maintain,0.9583333333333334,Fast Follower,0.041666666666666664
01-ai/Yi-1.5-9B-Chat,0.7,4_model_x_launch,4,competitive_dynamics,generic,0.920820545649924,28,0.07407407407407407,0.22228483089552123,Fast Follower,0.9642857142857143,Retrenchment,0.03571428571428571
01-ai/Yi-1.5-9B-Chat,0.7,6_energy_infra,4,randomized_numbers,generic,0.9229178573179543,29,0.07142857142857142,0.21639693266118765,Diversification,0.9655172413793104,Technology Leadership,0.034482758620689655
01-ai/Yi-1.5-9B-Chat,0.7,1_founder_period,1,base,generic,0.924896457205344,30,0.06896551724137931,0.21084230052854142,Niche Focus,0.9666666666666667,Open Innovation,0.03333333333333333
01-ai/Yi-1.5-9B-Chat,0.7,2_roadster_launch,2,count_fact,generic,0.924896457205344,30,0.06896551724137931,0.2108423005285417,Retrenchment,0.9666666666666667,Maintain,0.03333333333333333
01-ai/Yi-1.5-9B-Chat,0.7,2_roadster_launch,2,randomized_numbers,generic,0.924896457205344,30,0.06896551724137931,0.2108423005285417,Retrenchment,0.9666666666666667,Maintain,0.03333333333333333
01-ai/Yi-1.5-9B-Chat,0.7,2_roadster_launch,3,base,specific,0.924896457205344,30,0.06896551724137931,0.2108423005285417,Retrenchment,0.9666666666666667,Maintain,0.03333333333333333
01-ai/Yi-1.5-9B-Chat,0.7,2_roadster_launch,3,competitive_dynamics,specific,0.924896457205344,30,0.06896551724137931,0.2108423005285417,Retrenchment,0.9666666666666667,Maintain,0.03333333333333333
01-ai/Yi-1.5-9B-Chat,0.7,2_roadster_launch,3,randomized_numbers,generic,0.924896457205344,30,0.06896551724137931,0.2108423005285417,Retrenchment,0.9666666666666667,Maintain,0.03333333333333333
01-ai/Yi-1.5-9B-Chat,0.7,4_model_x_launch,2,competitive_dynamics,generic,0.924896457205344,30,0.06896551724137931,0.21084230052854142,Fast Follower,0.9666666666666667,Retrenchment,0.03333333333333333
01-ai/Yi-1.5-9B-Chat,0.7,5_model_3_mass_market,1,competitive_dynamics,generic,0.924896457205344,30,0.06896551724137931,0.21084230052854142,Maintain,0.9666666666666667,Open Innovation,0.03333333333333333
01-ai/Yi-1.5-9B-Chat,0.7,5_model_3_mass_market,2,base,generic,0.924896457205344,30,0.06896551724137931,0.21084230052854142,Maintain,0.9666666666666667,Open Innovation,0.03333333333333333
01-ai/Yi-1.5-9B-Chat,0.7,5_model_3_mass_market,3,count_fact,generic,0.924896457205344,30,0.06896551724137931,0.21084230052854142,Maintain,0.9666666666666667,Open Innovation,0.03333333333333333
01-ai/Yi-1.5-9B-Chat,0.7,1_founder_period,2,opp_focus,generic,0.9248964572053441,30,0.06896551724137931,0.2108423005285411,Niche Focus,0.9666666666666667,Technology Leadership,0.03333333333333333
01-ai/Yi-1.5-9B-Chat,0.7,1_founder_period,5,opp_focus,specific,0.9248964572053441,30,0.06896551724137931,0.2108423005285411,Technology Leadership,0.9666666666666667,Niche Focus,0.03333333333333333
01-ai/Yi-1.5-9B-Chat,0.7,2_roadster_launch,1,competitive_dynamics,specific,0.9248964572053441,30,0.06896551724137931,0.2108423005285411,Retrenchment,0.9666666666666667,Technology Leadership,0.03333333333333333
01-ai/Yi-1.5-9B-Chat,0.7,2_roadster_launch,4,count_fact,specific,0.9248964572053441,30,0.06896551724137931,0.2108423005285411,Retrenchment,0.9666666666666667,Technology Leadership,0.03333333333333333
01-ai/Yi-1.5-9B-Chat,0.7,2_roadster_launch,4,opp_focus,specific,0.9248964572053441,30,0.06896551724137931,0.2108423005285411,Retrenchment,0.9666666666666667,Technology Leadership,0.03333333333333333
01-ai/Yi-1.5-9B-Chat,0.7,3_model_s_launch,0,competitive_dynamics,specific,0.9248964572053441,30,0.06896551724137931,0.21084230052854108,Fast Follower,0.9666666666666667,Technology Leadership,0.03333333333333333
01-ai/Yi-1.5-9B-Chat,0.7,3_model_s_launch,0,opp_focus,generic,0.9248964572053441,30,0.06896551724137931,0.2108423005285411,Niche Focus,0.9666666666666667,Technology Leadership,0.03333333333333333
01-ai/Yi-1.5-9B-Chat,0.7,3_model_s_launch,3,base,specific,0.9248964572053441,30,0.06896551724137931,0.21084230052854108,Fast Follower,0.9666666666666667,Technology Leadership,0.03333333333333333
01-ai/Yi-1.5-9B-Chat,0.7,5_model_3_mass_market,3,randomized_numbers,specific,0.9248964572053441,30,0.06896551724137931,0.2108423005285411,Maintain,0.9666666666666667,Fast Follower,0.03333333333333333
01-ai/Yi-1.5-9B-Chat,0.7,6_energy_infra,1,base,generic,0.9248964572053441,30,0.06896551724137931,0.2108423005285411,Technology Leadership,0.9666666666666667,Diversification,0.03333333333333333
01-ai/Yi-1.5-9B-Chat,0.7,6_energy_infra,2,randomized_numbers,generic,0.9248964572053441,30,0.06896551724137931,0.2108423005285411,Diversification,0.9666666666666667,Technology Leadership,0.03333333333333333
01-ai/Yi-1.5-9B-Chat,0.7,6_energy_infra,3,competitive_dynamics,generic,0.9248964572053441,30,0.06896551724137931,0.2108423005285411,Diversification,0.9666666666666667,Technology Leadership,0.03333333333333333
01-ai/Yi-1.5-9B-Chat,0.7,6_energy_infra,3,opp_focus,generic,0.9248964572053441,30,0.06896551724137931,0.2108423005285411,Diversification,0.9666666666666667,Technology Leadership,0.03333333333333333
01-ai/Yi-1.5-9B-Chat,0.7,2_roadster_launch,1,base,specific,0.9999999999117192,30,0.0,2.4783576261415975e-10,Retrenchment,1.0,,
01-ai/Yi-1.5-9B-Chat,0.7,2_roadster_launch,1,count_fact,generic,0.9999999999117192,30,0.0,2.4783576261415975e-10,Retrenchment,1.0,,
01-ai/Yi-1.5-9B-Chat,0.7,2_roadster_launch,1,count_fact,specific,0.9999999999117192,30,0.0,2.4783576261415975e-10,Retrenchment,1.0,,
01-ai/Yi-1.5-9B-Chat,0.7,2_roadster_launch,1,opp_focus,specific,0.9999999999117192,30,0.0,2.4783576261415975e-10,Retrenchment,1.0,,
01-ai/Yi-1.5-9B-Chat,0.7,2_roadster_launch,1,randomized_numbers,specific,0.9999999999117192,30,0.0,2.4783576261415975e-10,Retrenchment,1.0,,
01-ai/Yi-1.5-9B-Chat,0.7,2_roadster_launch,2,base,generic,0.9999999999117192,30,0.0,2.4783576261415975e-10,Retrenchment,1.0,,
01-ai/Yi-1.5-9B-Chat,0.7,2_roadster_launch,2,base,specific,0.9999999999117192,30,0.0,2.4783576261415975e-10,Retrenchment,1.0,,
01-ai/Yi-1.5-9B-Chat,0.7,2_roadster_launch,2,competitive_dynamics,generic,0.9999999999117192,30,0.0,2.4783576261415975e-10,Retrenchment,1.0,,
01-ai/Yi-1.5-9B-Chat,0.7,2_roadster_launch,2,competitive_dynamics,specific,0.9999999999117192,30,0.0,2.4783576261415975e-10,Retrenchment,1.0,,
01-ai/Yi-1.5-9B-Chat,0.7,2_roadster_launch,2,count_fact,specific,0.9999999999117192,30,0.0,2.4783576261415975e-10,Retrenchment,1.0,,
01-ai/Yi-1.5-9B-Chat,0.7,2_roadster_launch,2,opp_focus,generic,0.9999999999117192,30,0.0,2.4783576261415975e-10,Retrenchment,1.0,,
01-ai/Yi-1.5-9B-Chat,0.7,2_roadster_launch,2,opp_focus,specific,0.9999999999117192,30,0.0,2.4783576261415975e-10,Retrenchment,1.0,,
01-ai/Yi-1.5-9B-Chat,0.7,2_roadster_launch,2,randomized_numbers,specific,0.9999999999117192,30,0.0,2.4783576261415975e-10,Retrenchment,1.0,,
01-ai/Yi-1.5-9B-Chat,0.7,2_roadster_launch,3,count_fact,specific,0.9999999999117192,30,0.0,2.4783576261415975e-10,Retrenchment,1.0,,
01-ai/Yi-1.5-9B-Chat,0.7,2_roadster_launch,3,opp_focus,generic,0.9999999999117192,30,0.0,2.4783576261415975e-10,Retrenchment,1.0,,
01-ai/Yi-1.5-9B-Chat,0.7,2_roadster_launch,3,opp_focus,specific,0.9999999999117192,30,0.0,2.4783576261415975e-10,Retrenchment,1.0,,
01-ai/Yi-1.5-9B-Chat,0.7,2_roadster_launch,4,base,specific,0.9999999999117192,30,0.0,2.4783576261415975e-10,Retrenchment,1.0,,
01-ai/Yi-1.5-9B-Chat,0.7,4_model_x_launch,1,base,specific,0.9999999999117192,30,0.0,2.4783576261415975e-10,Retrenchment,1.0,,
01-ai/Yi-1.5-9B-Chat,0.7,4_model_x_launch,1,randomized_numbers,specific,0.9999999999117192,30,0.0,2.4783576261415975e-10,Retrenchment,1.0,,
01-ai/Yi-1.5-9B-Chat,0.7,5_model_3_mass_market,0,base,specific,0.9999999999117192,30,0.0,2.4783576261415975e-10,Maintain,1.0,,
01-ai/Yi-1.5-9B-Chat,0.7,5_model_3_mass_market,0,competitive_dynamics,specific,0.9999999999117192,30,0.0,2.4783576261415975e-10,Maintain,1.0,,
01-ai/Yi-1.5-9B-Chat,0.7,5_model_3_mass_market,0,count_fact,specific,0.9999999999117192,30,0.0,2.4783576261415975e-10,Maintain,1.0,,
01-ai/Yi-1.5-9B-Chat,0.7,5_model_3_mass_market,0,opp_focus,specific,0.9999999999117192,30,0.0,2.4783576261415975e-10,Maintain,1.0,,
01-ai/Yi-1.5-9B-Chat,0.7,5_model_3_mass_market,0,randomized_numbers,generic,0.9999999999117192,30,0.0,2.4783576261415975e-10,Maintain,1.0,,
01-ai/Yi-1.5-9B-Chat,0.7,5_model_3_mass_market,0,randomized_numbers,specific,0.9999999999117192,30,0.0,2.4783576261415975e-10,Maintain,1.0,,
01-ai/Yi-1.5-9B-Chat,0.7,5_model_3_mass_market,1,base,generic,0.9999999999117192,30,0.0,2.4783576261415975e-10,Maintain,1.0,,
01-ai/Yi-1.5-9B-Chat,0.7,5_model_3_mass_market,1,base,specific,0.9999999999117192,30,0.0,2.4783576261415975e-10,Maintain,1.0,,
01-ai/Yi-1.5-9B-Chat,0.7,5_model_3_mass_market,1,competitive_dynamics,specific,0.9999999999117192,30,0.0,2.4783576261415975e-10,Maintain,1.0,,
01-ai/Yi-1.5-9B-Chat,0.7,5_model_3_mass_market,1,count_fact,generic,0.9999999999117192,30,0.0,2.4783576261415975e-10,Maintain,1.0,,
01-ai/Yi-1.5-9B-Chat,0.7,5_model_3_mass_market,1,count_fact,specific,0.9999999999117192,30,0.0,2.4783576261415975e-10,Maintain,1.0,,
01-ai/Yi-1.5-9B-Chat,0.7,5_model_3_mass_market,1,opp_focus,generic,0.9999999999117192,30,0.0,2.4783576261415975e-10,Maintain,1.0,,
01-ai/Yi-1.5-9B-Chat,0.7,5_model_3_mass_market,1,opp_focus,specific,0.9999999999117192,30,0.0,2.4783576261415975e-10,Maintain,1.0,,
01-ai/Yi-1.5-9B-Chat,0.7,5_model_3_mass_market,1,randomized_numbers,generic,0.9999999999117192,30,0.0,2.4783576261415975e-10,Maintain,1.0,,
01-ai/Yi-1.5-9B-Chat,0.7,5_model_3_mass_market,1,randomized_numbers,specific,0.9999999999117192,30,0.0,2.4783576261415975e-10,Maintain,1.0,,
01-ai/Yi-1.5-9B-Chat,0.7,5_model_3_mass_market,2,base,specific,0.9999999999117192,30,0.0,2.4783576261415975e-10,Maintain,1.0,,
01-ai/Yi-1.5-9B-Chat,0.7,5_model_3_mass_market,2,competitive_dynamics,generic,0.9999999999117192,30,0.0,2.4783576261415975e-10,Maintain,1.0,,
01-ai/Yi-1.5-9B-Chat,0.7,5_model_3_mass_market,2,competitive_dynamics,specific,0.9999999999117192,30,0.0,2.4783576261415975e-10,Maintain,1.0,,
01-ai/Yi-1.5-9B-Chat,0.7,5_model_3_mass_market,2,count_fact,generic,0.9999999999117192,30,0.0,2.4783576261415975e-10,Maintain,1.0,,
01-ai/Yi-1.5-9B-Chat,0.7,5_model_3_mass_market,2,count_fact,specific,0.9999999999117192,30,0.0,2.4783576261415975e-10,Maintain,1.0,,
01-ai/Yi-1.5-9B-Chat,0.7,5_model_3_mass_market,2,opp_focus,generic,0.9999999999117192,30,0.0,2.4783576261415975e-10,Maintain,1.0,,
01-ai/Yi-1.5-9B-Chat,0.7,5_model_3_mass_market,2,opp_focus,specific,0.9999999999117192,30,0.0,2.4783576261415975e-10,Maintain,1.0,,
01-ai/Yi-1.5-9B-Chat,0.7,5_model_3_mass_market,2,randomized_numbers,generic,0.9999999999117192,30,0.0,2.4783576261415975e-10,Maintain,1.0,,
01-ai/Yi-1.5-9B-Chat,0.7,5_model_3_mass_market,2,randomized_numbers,specific,0.9999999999117192,30,0.0,2.4783576261415975e-10,Maintain,1.0,,
01-ai/Yi-1.5-9B-Chat,0.7,5_model_3_mass_market,3,base,specific,0.9999999999117192,30,0.0,2.4783576261415975e-10,Maintain,1.0,,
01-ai/Yi-1.5-9B-Chat,0.7,5_model_3_mass_market,3,competitive_dynamics,generic,0.9999999999117192,30,0.0,2.4783576261415975e-10,Maintain,1.0,,
01-ai/Yi-1.5-9B-Chat,0.7,5_model_3_mass_market,3,competitive_dynamics,specific,0.9999999999117192,30,0.0,2.4783576261415975e-10,Maintain,1.0,,
01-ai/Yi-1.5-9B-Chat,0.7,5_model_3_mass_market,3,count_fact,specific,0.9999999999117192,30,0.0,2.4783576261415975e-10,Maintain,1.0,,
01-ai/Yi-1.5-9B-Chat,0.7,5_model_3_mass_market,3,opp_focus,specific,0.9999999999117192,30,0.0,2.4783576261415975e-10,Maintain,1.0,,
01-ai/Yi-1.5-9B-Chat,0.7,5_model_3_mass_market,4,base,specific,0.9999999999117192,27,0.0,2.4783576261415975e-10,Maintain,1.0,,
01-ai/Yi-1.5-9B-Chat,0.7,5_model_3_mass_market,4,competitive_dynamics,specific,0.9999999999117192,30,0.0,2.4783576261415975e-10,Maintain,1.0,,
01-ai/Yi-1.5-9B-Chat,0.7,5_model_3_mass_market,4,count_fact,specific,0.9999999999117192,23,0.0,2.4783576261415975e-10,Maintain,1.0,,
01-ai/Yi-1.5-9B-Chat,0.7,5_model_3_mass_market,4,randomized_numbers,specific,0.9999999999117192,28,0.0,2.4783576261415975e-10,Maintain,1.0,,
01-ai/Yi-1.5-9B-Chat,0.7,1_founder_period,1,randomized_numbers,generic,0.9999999999117193,30,0.0,2.478354422715094e-10,Niche Focus,1.0,,
01-ai/Yi-1.5-9B-Chat,0.7,1_founder_period,2,base,generic,0.9999999999117193,30,0.0,2.478354422715094e-10,Niche Focus,1.0,,
01-ai/Yi-1.5-9B-Chat,0.7,1_founder_period,2,competitive_dynamics,generic,0.9999999999117193,30,0.0,2.478354422715094e-10,Niche Focus,1.0,,
01-ai/Yi-1.5-9B-Chat,0.7,1_founder_period,2,count_fact,generic,0.9999999999117193,30,0.0,2.478354422715094e-10,Niche Focus,1.0,,
01-ai/Yi-1.5-9B-Chat,0.7,1_founder_period,2,randomized_numbers,generic,0.9999999999117193,30,0.0,2.478354422715094e-10,Niche Focus,1.0,,
01-ai/Yi-1.5-9B-Chat,0.7,1_founder_period,3,base,generic,0.9999999999117193,30,0.0,2.478354422715094e-10,Niche Focus,1.0,,
01-ai/Yi-1.5-9B-Chat,0.7,1_founder_period,3,competitive_dynamics,generic,0.9999999999117193,30,0.0,2.478354422715094e-10,Niche Focus,1.0,,
01-ai/Yi-1.5-9B-Chat,0.7,1_founder_period,3,count_fact,generic,0.9999999999117193,30,0.0,2.478354422715094e-10,Niche Focus,1.0,,
01-ai/Yi-1.5-9B-Chat,0.7,1_founder_period,3,count_fact,specific,0.9999999999117193,30,0.0,2.478354422715094e-10,Niche Focus,1.0,,
01-ai/Yi-1.5-9B-Chat,0.7,1_founder_period,3,randomized_numbers,generic,0.9999999999117193,30,0.0,2.478354422715094e-10,Niche Focus,1.0,,
01-ai/Yi-1.5-9B-Chat,0.7,1_founder_period,4,base,generic,0.9999999999117193,30,0.0,2.478354422715094e-10,Niche Focus,1.0,,
01-ai/Yi-1.5-9B-Chat,0.7,1_founder_period,4,competitive_dynamics,generic,0.9999999999117193,30,0.0,2.478354422715094e-10,Niche Focus,1.0,,
01-ai/Yi-1.5-9B-Chat,0.7,1_founder_period,4,count_fact,generic,0.9999999999117193,30,0.0,2.478354422715094e-10,Niche Focus,1.0,,
01-ai/Yi-1.5-9B-Chat,0.7,1_founder_period,4,count_fact,specific,0.9999999999117193,30,0.0,2.478354422715094e-10,Niche Focus,1.0,,
01-ai/Yi-1.5-9B-Chat,0.7,1_founder_period,4,randomized_numbers,generic,0.9999999999117193,30,0.0,2.478354422715094e-10,Niche Focus,1.0,,
01-ai/Yi-1.5-9B-Chat,0.7,1_founder_period,5,base,generic,0.9999999999117193,30,0.0,2.478354422715094e-10,Niche Focus,1.0,,
01-ai/Yi-1.5-9B-Chat,0.7,1_founder_period,5,competitive_dynamics,generic,0.9999999999117193,30,0.0,2.478354422715094e-10,Niche Focus,1.0,,
01-ai/Yi-1.5-9B-Chat,0.7,1_founder_period,5,count_fact,generic,0.9999999999117193,30,0.0,2.478354422715094e-10,Niche Focus,1.0,,
01-ai/Yi-1.5-9B-Chat,0.7,1_founder_period,5,randomized_numbers,generic,0.9999999999117193,30,0.0,2.478354422715094e-10,Niche Focus,1.0,,
01-ai/Yi-1.5-9B-Chat,0.7,1_founder_period,6,count_fact,generic,0.9999999999117193,28,0.0,2.478354422715094e-10,Niche Focus,1.0,,
01-ai/Yi-1.5-9B-Chat,0.7,3_model_s_launch,0,competitive_dynamics,generic,0.9999999999117193,30,0.0,2.478354422715094e-10,Niche Focus,1.0,,
01-ai/Yi-1.5-9B-Chat,0.7,3_model_s_launch,0,count_fact,generic,0.9999999999117193,29,0.0,2.478354422715094e-10,Niche Focus,1.0,,
01-ai/Yi-1.5-9B-Chat,0.7,3_model_s_launch,0,randomized_numbers,generic,0.9999999999117193,30,0.0,2.478354422715094e-10,Niche Focus,1.0,,
01-ai/Yi-1.5-9B-Chat,0.7,6_energy_infra,3,count_fact,generic,0.9999999999117193,30,0.0,2.478354422715094e-10,Diversification,1.0,,
01-ai/Yi-1.5-9B-Chat,0.7,6_energy_infra,3,randomized_numbers,generic,0.9999999999117193,30,0.0,2.478354422715094e-10,Diversification,1.0,,
01-ai/Yi-1.5-9B-Chat,0.7,6_energy_infra,4,base,generic,0.9999999999117193,30,0.0,2.478354422715094e-10,Diversification,1.0,,
01-ai/Yi-1.5-9B-Chat,0.7,6_energy_infra,4,base,specific,0.9999999999117193,29,0.0,2.478354422715094e-10,Diversification,1.0,,
01-ai/Yi-1.5-9B-Chat,0.7,6_energy_infra,4,count_fact,generic,0.9999999999117193,30,0.0,2.478354422715094e-10,Diversification,1.0,,
01-ai/Yi-1.5-9B-Chat,0.7,6_energy_infra,4,count_fact,specific,0.9999999999117193,29,0.0,2.478354422715094e-10,Diversification,1.0,,
01-ai/Yi-1.5-9B-Chat,0.7,6_energy_infra,4,opp_focus,generic,0.9999999999117193,30,0.0,2.478354422715094e-10,Diversification,1.0,,
01-ai/Yi-1.5-9B-Chat,0.7,6_energy_infra,4,opp_focus,specific,0.9999999999117193,30,0.0,2.478354422715094e-10,Diversification,1.0,,
01-ai/Yi-1.5-9B-Chat,0.7,1_founder_period,3,opp_focus,specific,0.9999999999117194,30,0.0,2.4783512192885906e-10,Technology Leadership,1.0,,
01-ai/Yi-1.5-9B-Chat,0.7,1_founder_period,4,opp_focus,specific,0.9999999999117194,30,0.0,2.4783512192885906e-10,Technology Leadership,1.0,,
01-ai/Yi-1.5-9B-Chat,0.7,3_model_s_launch,0,base,specific,0.9999999999117194,30,0.0,2.4783512192885906e-10,Fast Follower,1.0,,
01-ai/Yi-1.5-9B-Chat,0.7,3_model_s_launch,0,count_fact,specific,0.9999999999117194,30,0.0,2.4783512192885906e-10,Fast Follower,1.0,,
01-ai/Yi-1.5-9B-Chat,0.7,3_model_s_launch,0,opp_focus,specific,0.9999999999117194,30,0.0,2.4783512192885906e-10,Fast Follower,1.0,,
01-ai/Yi-1.5-9B-Chat,0.7,3_model_s_launch,1,competitive_dynamics,specific,0.9999999999117194,30,0.0,2.4783512192885906e-10,Fast Follower,1.0,,
01-ai/Yi-1.5-9B-Chat,0.7,3_model_s_launch,1,opp_focus,specific,0.9999999999117194,30,0.0,2.4783512192885906e-10,Fast Follower,1.0,,
01-ai/Yi-1.5-9B-Chat,0.7,3_model_s_launch,2,base,specific,0.9999999999117194,30,0.0,2.4783512192885906e-10,Fast Follower,1.0,,
01-ai/Yi-1.5-9B-Chat,0.7,3_model_s_launch,2,competitive_dynamics,specific,0.9999999999117194,30,0.0,2.4783512192885906e-10,Fast Follower,1.0,,
01-ai/Yi-1.5-9B-Chat,0.7,3_model_s_launch,2,count_fact,specific,0.9999999999117194,30,0.0,2.4783512192885906e-10,Fast Follower,1.0,,
01-ai/Yi-1.5-9B-Chat,0.7,3_model_s_launch,2,opp_focus,specific,0.9999999999117194,30,0.0,2.4783512192885906e-10,Fast Follower,1.0,,
01-ai/Yi-1.5-9B-Chat,0.7,3_model_s_launch,2,randomized_numbers,specific,0.9999999999117194,30,0.0,2.4783512192885906e-10,Fast Follower,1.0,,
01-ai/Yi-1.5-9B-Chat,0.7,3_model_s_launch,3,competitive_dynamics,specific,0.9999999999117194,30,0.0,2.4783512192885906e-10,Fast Follower,1.0,,
01-ai/Yi-1.5-9B-Chat,0.7,3_model_s_launch,3,count_fact,specific,0.9999999999117194,30,0.0,2.4783512192885906e-10,Fast Follower,1.0,,
01-ai/Yi-1.5-9B-Chat,0.7,3_model_s_launch,3,opp_focus,specific,0.9999999999117194,30,0.0,2.4783512192885906e-10,Fast Follower,1.0,,
01-ai/Yi-1.5-9B-Chat,0.7,3_model_s_launch,3,randomized_numbers,generic,0.9999999999117194,27,0.0,2.4783512192885906e-10,Technology Leadership,1.0,,
01-ai/Yi-1.5-9B-Chat,0.7,3_model_s_launch,3,randomized_numbers,specific,0.9999999999117194,28,0.0,2.4783512192885906e-10,Fast Follower,1.0,,
01-ai/Yi-1.5-9B-Chat,0.7,4_model_x_launch,2,count_fact,generic,0.9999999999117194,30,0.0,2.4783512192885906e-10,Fast Follower,1.0,,
01-ai/Yi-1.5-9B-Chat,0.7,4_model_x_launch,2,opp_focus,generic,0.9999999999117194,30,0.0,2.4783512192885906e-10,Fast Follower,1.0,,
01-ai/Yi-1.5-9B-Chat,0.7,4_model_x_launch,3,base,generic,0.9999999999117194,30,0.0,2.4783512192885906e-10,Fast Follower,1.0,,
01-ai/Yi-1.5-9B-Chat,0.7,4_model_x_launch,3,competitive_dynamics,generic,0.9999999999117194,30,0.0,2.4783512192885906e-10,Fast Follower,1.0,,
01-ai/Yi-1.5-9B-Chat,0.7,4_model_x_launch,3,opp_focus,specific,0.9999999999117194,30,0.0,2.4783512192885906e-10,Technology Leadership,1.0,,
01-ai/Yi-1.5-9B-Chat,0.7,4_model_x_launch,4,base,generic,0.9999999999117194,30,0.0,2.4783512192885906e-10,Fast Follower,1.0,,
01-ai/Yi-1.5-9B-Chat,0.7,4_model_x_launch,4,opp_focus,generic,0.9999999999117194,3,0.0,2.4783512192885906e-10,Technology Leadership,1.0,,
01-ai/Yi-1.5-9B-Chat,0.7,4_model_x_launch,4,opp_focus,specific,0.9999999999117194,18,0.0,2.4783512192885906e-10,Technology Leadership,1.0,,
01-ai/Yi-1.5-9B-Chat,0.7,6_energy_infra,1,competitive_dynamics,generic,0.9999999999117194,30,0.0,2.4783512192885906e-10,Technology Leadership,1.0,,
01-ai/Yi-1.5-9B-Chat,0.7,6_energy_infra,1,opp_focus,generic,0.9999999999117194,30,0.0,2.4783512192885906e-10,Technology Leadership,1.0,,
Qwen/Qwen2.5-14B-Instruct,0.0,2_roadster_launch,4,competitive_dynamics,generic,0.7019825546208485,30,0.3448275862068966,0.8366407421441943,Maintain,0.7333333333333333,Niche Focus,0.26666666666666666
Qwen/Qwen2.5-14B-Instruct,0.0,4_model_x_launch,1,base,specific,0.7428440239532105,30,0.20689655172413793,0.7219280950914819,Retrenchment,0.8,Open Innovation,0.2
Qwen/Qwen2.5-14B-Instruct,0.0,4_model_x_launch,2,randomized_numbers,generic,0.8329403987678697,30,0.1724137931034483,0.4689955937960014,Open Innovation,0.9,Retrenchment,0.1
Qwen/Qwen2.5-14B-Instruct,0.0,1_founder_period,3,base,specific,0.8329403987678698,30,0.13793103448275862,0.46899559379600125,Technology Leadership,0.9,Niche Focus,0.1
Qwen/Qwen2.5-14B-Instruct,0.0,2_roadster_launch,1,opp_focus,generic,0.874130865159545,30,0.10344827586206896,0.3533593352294837,Niche Focus,0.9333333333333333,Maintain,0.06666666666666667
Qwen/Qwen2.5-14B-Instruct,0.0,3_model_s_launch,3,count_fact,generic,0.8741308651595451,30,0.10344827586206896,0.35335933522948343,Maintain,0.9333333333333333,Fast Follower,0.06666666666666667
Qwen/Qwen2.5-14B-Instruct,0.0,4_model_x_launch,3,opp_focus,specific,0.8741308651595451,30,0.06896551724137931,0.35335933522948343,Technology Leadership,0.9333333333333333,Open Innovation,0.06666666666666667
Qwen/Qwen2.5-14B-Instruct,0.0,4_model_x_launch,2,competitive_dynamics,specific,0.924896457205344,30,0.06896551724137931,0.21084230052854142,Open Innovation,0.9666666666666667,Retrenchment,0.03333333333333333
Qwen/Qwen2.5-14B-Instruct,0.0,1_founder_period,5,base,specific,0.9248964572053441,30,0.034482758620689655,0.2108423005285411,Niche Focus,0.9666666666666667,Technology Leadership,0.03333333333333333
Qwen/Qwen2.5-14B-Instruct,0.0,2_roadster_launch,0,base,generic,0.9999999999117192,30,0.0,2.4783576261415975e-10,Maintain,1.0,,
Qwen/Qwen2.5-14B-Instruct,0.0,2_roadster_launch,0,base,specific,0.9999999999117192,30,0.0,2.4783576261415975e-10,Maintain,1.0,,
Qwen/Qwen2.5-14B-Instruct,0.0,2_roadster_launch,0,competitive_dynamics,generic,0.9999999999117192,30,0.0,2.4783576261415975e-10,Maintain,1.0,,
Qwen/Qwen2.5-14B-Instruct,0.0,2_roadster_launch,0,competitive_dynamics,specific,0.9999999999117192,30,0.0,2.4783576261415975e-10,Maintain,1.0,,
Qwen/Qwen2.5-14B-Instruct,0.0,2_roadster_launch,0,count_fact,generic,0.9999999999117192,30,0.0,2.4783576261415975e-10,Maintain,1.0,,
Qwen/Qwen2.5-14B-Instruct,0.0,2_roadster_launch,0,count_fact,specific,0.9999999999117192,30,0.0,2.4783576261415975e-10,Maintain,1.0,,
Qwen/Qwen2.5-14B-Instruct,0.0,2_roadster_launch,0,opp_focus,generic,0.9999999999117192,30,0.0,2.4783576261415975e-10,Maintain,1.0,,
Qwen/Qwen2.5-14B-Instruct,0.0,2_roadster_launch,0,opp_focus,specific,0.9999999999117192,30,0.0,2.4783576261415975e-10,Maintain,1.0,,
Qwen/Qwen2.5-14B-Instruct,0.0,2_roadster_launch,0,randomized_numbers,generic,0.9999999999117192,30,0.0,2.4783576261415975e-10,Maintain,1.0,,
Qwen/Qwen2.5-14B-Instruct,0.0,2_roadster_launch,0,randomized_numbers,specific,0.9999999999117192,30,0.0,2.4783576261415975e-10,Maintain,1.0,,
Qwen/Qwen2.5-14B-Instruct,0.0,2_roadster_launch,1,base,generic,0.9999999999117192,30,0.0,2.4783576261415975e-10,Maintain,1.0,,
Qwen/Qwen2.5-14B-Instruct,0.0,2_roadster_launch,1,base,specific,0.9999999999117192,30,0.0,2.4783576261415975e-10,Maintain,1.0,,
Qwen/Qwen2.5-14B-Instruct,0.0,2_roadster_launch,1,competitive_dynamics,specific,0.9999999999117192,30,0.0,2.4783576261415975e-10,Maintain,1.0,,
Qwen/Qwen2.5-14B-Instruct,0.0,2_roadster_launch,1,count_fact,generic,0.9999999999117192,30,0.0,2.4783576261415975e-10,Maintain,1.0,,
Qwen/Qwen2.5-14B-Instruct,0.0,2_roadster_launch,1,count_fact,specific,0.9999999999117192,30,0.0,2.4783576261415975e-10,Maintain,1.0,,
Qwen/Qwen2.5-14B-Instruct,0.0,2_roadster_launch,1,opp_focus,specific,0.9999999999117192,30,0.0,2.4783576261415975e-10,Maintain,1.0,,
Qwen/Qwen2.5-14B-Instruct,0.0,2_roadster_launch,1,randomized_numbers,generic,0.9999999999117192,30,0.0,2.4783576261415975e-10,Maintain,1.0,,
Qwen/Qwen2.5-14B-Instruct,0.0,2_roadster_launch,1,randomized_numbers,specific,0.9999999999117192,30,0.0,2.4783576261415975e-10,Maintain,1.0,,
Qwen/Qwen2.5-14B-Instruct,0.0,2_roadster_launch,2,base,generic,0.9999999999117192,30,0.0,2.4783576261415975e-10,Maintain,1.0,,
Qwen/Qwen2.5-14B-Instruct,0.0,2_roadster_launch,2,base,specific,0.9999999999117192,30,0.0,2.4783576261415975e-10,Maintain,1.0,,
Qwen/Qwen2.5-14B-Instruct,0.0,2_roadster_launch,2,competitive_dynamics,generic,0.9999999999117192,30,0.0,2.4783576261415975e-10,Maintain,1.0,,
Qwen/Qwen2.5-14B-Instruct,0.0,2_roadster_launch,2,competitive_dynamics,specific,0.9999999999117192,30,0.0,2.4783576261415975e-10,Maintain,1.0,,
Qwen/Qwen2.5-14B-Instruct,0.0,2_roadster_launch,2,count_fact,generic,0.9999999999117192,30,0.0,2.4783576261415975e-10,Maintain,1.0,,
Qwen/Qwen2.5-14B-Instruct,0.0,2_roadster_launch,2,count_fact,specific,0.9999999999117192,30,0.0,2.4783576261415975e-10,Maintain,1.0,,
Qwen/Qwen2.5-14B-Instruct,0.0,2_roadster_launch,2,opp_focus,generic,0.9999999999117192,30,0.0,2.4783576261415975e-10,Maintain,1.0,,
Qwen/Qwen2.5-14B-Instruct,0.0,2_roadster_launch,2,opp_focus,specific,0.9999999999117192,30,0.0,2.4783576261415975e-10,Maintain,1.0,,
Qwen/Qwen2.5-14B-Instruct,0.0,2_roadster_launch,2,randomized_numbers,generic,0.9999999999117192,30,0.0,2.4783576261415975e-10,Maintain,1.0,,
Qwen/Qwen2.5-14B-Instruct,0.0,2_roadster_launch,2,randomized_numbers,specific,0.9999999999117192,30,0.0,2.4783576261415975e-10,Maintain,1.0,,
Qwen/Qwen2.5-14B-Instruct,0.0,2_roadster_launch,3,base,generic,0.9999999999117192,30,0.0,2.4783576261415975e-10,Maintain,1.0,,
Qwen/Qwen2.5-14B-Instruct,0.0,2_roadster_launch,3,base,specific,0.9999999999117192,30,0.0,2.4783576261415975e-10,Maintain,1.0,,
Qwen/Qwen2.5-14B-Instruct,0.0,2_roadster_launch,3,competitive_dynamics,generic,0.9999999999117192,30,0.0,2.4783576261415975e-10,Maintain,1.0,,
Qwen/Qwen2.5-14B-Instruct,0.0,2_roadster_launch,3,competitive_dynamics,specific,0.9999999999117192,30,0.0,2.4783576261415975e-10,Maintain,1.0,,
Qwen/Qwen2.5-14B-Instruct,0.0,2_roadster_launch,3,count_fact,generic,0.9999999999117192,30,0.0,2.4783576261415975e-10,Maintain,1.0,,
Qwen/Qwen2.5-14B-Instruct,0.0,2_roadster_launch,3,count_fact,specific,0.9999999999117192,30,0.0,2.4783576261415975e-10,Maintain,1.0,,
Qwen/Qwen2.5-14B-Instruct,0.0,2_roadster_launch,3,opp_focus,generic,0.9999999999117192,30,0.0,2.4783576261415975e-10,Maintain,1.0,,
Qwen/Qwen2.5-14B-Instruct,0.0,2_roadster_launch,3,opp_focus,specific,0.9999999999117192,30,0.0,2.4783576261415975e-10,Maintain,1.0,,
Qwen/Qwen2.5-14B-Instruct,0.0,2_roadster_launch,3,randomized_numbers,generic,0.9999999999117192,30,0.0,2.4783576261415975e-10,Maintain,1.0,,
Qwen/Qwen2.5-14B-Instruct,0.0,2_roadster_launch,3,randomized_numbers,specific,0.9999999999117192,30,0.0,2.4783576261415975e-10,Maintain,1.0,,
Qwen/Qwen2.5-14B-Instruct,0.0,2_roadster_launch,4,base,generic,0.9999999999117192,30,0.0,2.4783576261415975e-10,Maintain,1.0,,
Qwen/Qwen2.5-14B-Instruct,0.0,2_roadster_launch,4,base,specific,0.9999999999117192,30,0.0,2.4783576261415975e-10,Maintain,1.0,,
Qwen/Qwen2.5-14B-Instruct,0.0,2_roadster_launch,4,competitive_dynamics,specific,0.9999999999117192,30,0.0,2.4783576261415975e-10,Maintain,1.0,,
Qwen/Qwen2.5-14B-Instruct,0.0,2_roadster_launch,4,count_fact,generic,0.9999999999117192,30,0.0,2.4783576261415975e-10,Maintain,1.0,,
Qwen/Qwen2.5-14B-Instruct,0.0,2_roadster_launch,4,count_fact,specific,0.9999999999117192,30,0.0,2.4783576261415975e-10,Maintain,1.0,,
Qwen/Qwen2.5-14B-Instruct,0.0,2_roadster_launch,4,opp_focus,generic,0.9999999999117192,30,0.0,2.4783576261415975e-10,Maintain,1.0,,
Qwen/Qwen2.5-14B-Instruct,0.0,2_roadster_launch,4,opp_focus,specific,0.9999999999117192,30,0.0,2.4783576261415975e-10,Maintain,1.0,,
Qwen/Qwen2.5-14B-Instruct,0.0,2_roadster_launch,4,randomized_numbers,generic,0.9999999999117192,30,0.0,2.4783576261415975e-10,Maintain,1.0,,
Qwen/Qwen2.5-14B-Instruct,0.0,2_roadster_launch,4,randomized_numbers,specific,0.9999999999117192,30,0.0,2.4783576261415975e-10,Maintain,1.0,,
Qwen/Qwen2.5-14B-Instruct,0.0,3_model_s_launch,0,base,generic,0.9999999999117192,30,0.0,2.4783576261415975e-10,Maintain,1.0,,
Qwen/Qwen2.5-14B-Instruct,0.0,3_model_s_launch,0,competitive_dynamics,generic,0.9999999999117192,30,0.0,2.4783576261415975e-10,Maintain,1.0,,
Qwen/Qwen2.5-14B-Instruct,0.0,3_model_s_launch,0,count_fact,generic,0.9999999999117192,30,0.0,2.4783576261415975e-10,Maintain,1.0,,
Qwen/Qwen2.5-14B-Instruct,0.0,3_model_s_launch,0,opp_focus,generic,0.9999999999117192,30,0.0,2.4783576261415975e-10,Maintain,1.0,,
Qwen/Qwen2.5-14B-Instruct,0.0,3_model_s_launch,0,randomized_numbers,generic,0.9999999999117192,30,0.0,2.4783576261415975e-10,Maintain,1.0,,
Qwen/Qwen2.5-14B-Instruct,0.0,3_model_s_launch,1,count_fact,generic,0.9999999999117192,30,0.0,2.4783576261415975e-10,Maintain,1.0,,
Qwen/Qwen2.5-14B-Instruct,0.0,3_model_s_launch,2,count_fact,specific,0.9999999999117192,30,0.0,2.4783576261415975e-10,Maintain,1.0,,
Qwen/Qwen2.5-14B-Instruct,0.0,4_model_x_launch,0,base,specific,0.9999999999117192,30,0.0,2.4783576261415975e-10,Retrenchment,1.0,,
Qwen/Qwen2.5-14B-Instruct,0.0,4_model_x_launch,0,competitive_dynamics,specific,0.9999999999117192,30,0.0,2.4783576261415975e-10,Retrenchment,1.0,,
Qwen/Qwen2.5-14B-Instruct,0.0,4_model_x_launch,0,count_fact,specific,0.9999999999117192,30,0.0,2.4783576261415975e-10,Retrenchment,1.0,,
Qwen/Qwen2.5-14B-Instruct,0.0,4_model_x_launch,0,opp_focus,specific,0.9999999999117192,30,0.0,2.4783576261415975e-10,Retrenchment,1.0,,
Qwen/Qwen2.5-14B-Instruct,0.0,4_model_x_launch,0,randomized_numbers,specific,0.9999999999117192,30,0.0,2.4783576261415975e-10,Retrenchment,1.0,,
Qwen/Qwen2.5-14B-Instruct,0.0,4_model_x_launch,2,base,specific,0.9999999999117192,30,0.0,2.4783576261415975e-10,Retrenchment,1.0,,
Qwen/Qwen2.5-14B-Instruct,0.0,4_model_x_launch,2,count_fact,specific,0.9999999999117192,30,0.0,2.4783576261415975e-10,Retrenchment,1.0,,
Qwen/Qwen2.5-14B-Instruct,0.0,4_model_x_launch,2,randomized_numbers,specific,0.9999999999117192,30,0.0,2.4783576261415975e-10,Retrenchment,1.0,,
Qwen/Qwen2.5-14B-Instruct,0.0,4_model_x_launch,3,base,generic,0.9999999999117192,30,0.0,2.4783576261415975e-10,Retrenchment,1.0,,
Qwen/Qwen2.5-14B-Instruct,0.0,4_model_x_launch,3,base,specific,0.9999999999117192,30,0.0,2.4783576261415975e-10,Retrenchment,1.0,,
Qwen/Qwen2.5-14B-Instruct,0.0,4_model_x_launch,3,count_fact,specific,0.9999999999117192,30,0.0,2.4783576261415975e-10,Retrenchment,1.0,,
Qwen/Qwen2.5-14B-Instruct,0.0,4_model_x_launch,3,randomized_numbers,generic,0.9999999999117192,30,0.0,2.4783576261415975e-10,Retrenchment,1.0,,
Qwen/Qwen2.5-14B-Instruct,0.0,4_model_x_launch,3,randomized_numbers,specific,0.9999999999117192,30,0.0,2.4783576261415975e-10,Retrenchment,1.0,,
Qwen/Qwen2.5-14B-Instruct,0.0,4_model_x_launch,4,base,generic,0.9999999999117192,30,0.0,2.4783576261415975e-10,Retrenchment,1.0,,
Qwen/Qwen2.5-14B-Instruct,0.0,4_model_x_launch,4,base,specific,0.9999999999117192,30,0.0,2.4783576261415975e-10,Retrenchment,1.0,,
Qwen/Qwen2.5-14B-Instruct,0.0,4_model_x_launch,4,count_fact,specific,0.9999999999117192,30,0.0,2.4783576261415975e-10,Retrenchment,1.0,,
Qwen/Qwen2.5-14B-Instruct,0.0,4_model_x_launch,4,randomized_numbers,generic,0.9999999999117192,30,0.0,2.4783576261415975e-10,Retrenchment,1.0,,
Qwen/Qwen2.5-14B-Instruct,0.0,4_model_x_launch,4,randomized_numbers,specific,0.9999999999117192,30,0.0,2.4783576261415975e-10,Retrenchment,1.0,,
Qwen/Qwen2.5-14B-Instruct,0.0,5_model_3_mass_market,0,base,specific,0.9999999999117192,30,0.0,2.4783576261415975e-10,Maintain,1.0,,
Qwen/Qwen2.5-14B-Instruct,0.0,5_model_3_mass_market,0,competitive_dynamics,specific,0.9999999999117192,30,0.0,2.4783576261415975e-10,Maintain,1.0,,
Qwen/Qwen2.5-14B-Instruct,0.0,5_model_3_mass_market,0,count_fact,specific,0.9999999999117192,30,0.0,2.4783576261415975e-10,Maintain,1.0,,
Qwen/Qwen2.5-14B-Instruct,0.0,5_model_3_mass_market,0,opp_focus,specific,0.9999999999117192,30,0.0,2.4783576261415975e-10,Maintain,1.0,,
Qwen/Qwen2.5-14B-Instruct,0.0,5_model_3_mass_market,0,randomized_numbers,specific,0.9999999999117192,30,0.0,2.4783576261415975e-10,Maintain,1.0,,
Qwen/Qwen2.5-14B-Instruct,0.0,5_model_3_mass_market,1,base,specific,0.9999999999117192,30,0.0,2.4783576261415975e-10,Maintain,1.0,,
Qwen/Qwen2.5-14B-Instruct,0.0,5_model_3_mass_market,1,competitive_dynamics,specific,0.9999999999117192,30,0.0,2.4783576261415975e-10,Maintain,1.0,,
Qwen/Qwen2.5-14B-Instruct,0.0,5_model_3_mass_market,1,count_fact,specific,0.9999999999117192,30,0.0,2.4783576261415975e-10,Maintain,1.0,,
Qwen/Qwen2.5-14B-Instruct,0.0,5_model_3_mass_market,1,opp_focus,generic,0.9999999999117192,30,0.0,2.4783576261415975e-10,Maintain,1.0,,
Qwen/Qwen2.5-14B-Instruct,0.0,5_model_3_mass_market,1,opp_focus,specific,0.9999999999117192,30,0.0,2.4783576261415975e-10,Maintain,1.0,,
Qwen/Qwen2.5-14B-Instruct,0.0,5_model_3_mass_market,1,randomized_numbers,specific,0.9999999999117192,30,0.0,2.4783576261415975e-10,Maintain,1.0,,
Qwen/Qwen2.5-14B-Instruct,0.0,5_model_3_mass_market,2,base,specific,0.9999999999117192,30,0.0,2.4783576261415975e-10,Maintain,1.0,,
Qwen/Qwen2.5-14B-Instruct,0.0,5_model_3_mass_market,2,competitive_dynamics,specific,0.9999999999117192,30,0.0,2.4783576261415975e-10,Maintain,1.0,,
Qwen/Qwen2.5-14B-Instruct,0.0,5_model_3_mass_market,2,count_fact,specific,0.9999999999117192,30,0.0,2.4783576261415975e-10,Maintain,1.0,,
Qwen/Qwen2.5-14B-Instruct,0.0,5_model_3_mass_market,2,opp_focus,specific,0.9999999999117192,30,0.0,2.4783576261415975e-10,Maintain,1.0,,
Qwen/Qwen2.5-14B-Instruct,0.0,5_model_3_mass_market,2,randomized_numbers,specific,0.9999999999117192,30,0.0,2.4783576261415975e-10,Maintain,1.0,,
Qwen/Qwen2.5-14B-Instruct,0.0,5_model_3_mass_market,3,base,specific,0.9999999999117192,30,0.0,2.4783576261415975e-10,Maintain,1.0,,
Qwen/Qwen2.5-14B-Instruct,0.0,5_model_3_mass_market,3,competitive_dynamics,specific,0.9999999999117192,30,0.0,2.4783576261415975e-10,Maintain,1.0,,
Qwen/Qwen2.5-14B-Instruct,0.0,5_model_3_mass_market,3,count_fact,specific,0.9999999999117192,30,0.0,2.4783576261415975e-10,Maintain,1.0,,
Qwen/Qwen2.5-14B-Instruct,0.0,5_model_3_mass_market,3,opp_focus,specific,0.9999999999117192,30,0.0,2.4783576261415975e-10,Maintain,1.0,,
Qwen/Qwen2.5-14B-Instruct,0.0,5_model_3_mass_market,3,randomized_numbers,specific,0.9999999999117192,30,0.0,2.4783576261415975e-10,Maintain,1.0,,
Qwen/Qwen2.5-14B-Instruct,0.0,5_model_3_mass_market,4,base,specific,0.9999999999117192,30,0.0,2.4783576261415975e-10,Maintain,1.0,,
Qwen/Qwen2.5-14B-Instruct,0.0,5_model_3_mass_market,4,competitive_dynamics,specific,0.9999999999117192,30,0.0,2.4783576261415975e-10,Maintain,1.0,,
Qwen/Qwen2.5-14B-Instruct,0.0,5_model_3_mass_market,4,count_fact,specific,0.9999999999117192,30,0.0,2.4783576261415975e-10,Maintain,1.0,,
Qwen/Qwen2.5-14B-Instruct,0.0,5_model_3_mass_market,4,opp_focus,specific,0.9999999999117192,30,0.0,2.4783576261415975e-10,Maintain,1.0,,
Qwen/Qwen2.5-14B-Instruct,0.0,5_model_3_mass_market,4,randomized_numbers,specific,0.9999999999117192,30,0.0,2.4783576261415975e-10,Maintain,1.0,,
Qwen/Qwen2.5-14B-Instruct,0.0,1_founder_period,0,base,generic,0.9999999999117193,30,0.0,2.478354422715094e-10,Niche Focus,1.0,,
Qwen/Qwen2.5-14B-Instruct,0.0,1_founder_period,0,base,specific,0.9999999999117193,30,0.0,2.478354422715094e-10,Niche Focus,1.0,,
Qwen/Qwen2.5-14B-Instruct,0.0,1_founder_period,0,competitive_dynamics,generic,0.9999999999117193,30,0.0,2.478354422715094e-10,Niche Focus,1.0,,
Qwen/Qwen2.5-14B-Instruct,0.0,1_founder_period,0,competitive_dynamics,specific,0.9999999999117193,30,0.0,2.478354422715094e-10,Niche Focus,1.0,,
Qwen/Qwen2.5-14B-Instruct,0.0,1_founder_period,0,count_fact,generic,0.9999999999117193,30,0.0,2.478354422715094e-10,Niche Focus,1.0,,
Qwen/Qwen2.5-14B-Instruct,0.0,1_founder_period,0,count_fact,specific,0.9999999999117193,30,0.0,2.478354422715094e-10,Niche Focus,1.0,,
Qwen/Qwen2.5-14B-Instruct,0.0,1_founder_period,0,opp_focus,generic,0.9999999999117193,30,0.0,2.478354422715094e-10,Niche Focus,1.0,,
Qwen/Qwen2.5-14B-Instruct,0.0,1_founder_period,0,opp_focus,specific,0.9999999999117193,30,0.0,2.478354422715094e-10,Niche Focus,1.0,,
Qwen/Qwen2.5-14B-Instruct,0.0,1_founder_period,0,randomized_numbers,generic,0.9999999999117193,30,0.0,2.478354422715094e-10,Niche Focus,1.0,,
Qwen/Qwen2.5-14B-Instruct,0.0,1_founder_period,0,randomized_numbers,specific,0.9999999999117193,30,0.0,2.478354422715094e-10,Niche Focus,1.0,,
Qwen/Qwen2.5-14B-Instruct,0.0,1_founder_period,1,base,generic,0.9999999999117193,30,0.0,2.478354422715094e-10,Niche Focus,1.0,,
Qwen/Qwen2.5-14B-Instruct,0.0,1_founder_period,1,base,specific,0.9999999999117193,30,0.0,2.478354422715094e-10,Niche Focus,1.0,,
Qwen/Qwen2.5-14B-Instruct,0.0,1_founder_period,1,competitive_dynamics,generic,0.9999999999117193,30,0.0,2.478354422715094e-10,Niche Focus,1.0,,
Qwen/Qwen2.5-14B-Instruct,0.0,1_founder_period,1,count_fact,generic,0.9999999999117193,30,0.0,2.478354422715094e-10,Niche Focus,1.0,,
Qwen/Qwen2.5-14B-Instruct,0.0,1_founder_period,1,count_fact,specific,0.9999999999117193,30,0.0,2.478354422715094e-10,Niche Focus,1.0,,
Qwen/Qwen2.5-14B-Instruct,0.0,1_founder_period,1,opp_focus,generic,0.9999999999117193,30,0.0,2.478354422715094e-10,Niche Focus,1.0,,
Qwen/Qwen2.5-14B-Instruct,0.0,1_founder_period,1,randomized_numbers,generic,0.9999999999117193,30,0.0,2.478354422715094e-10,Niche Focus,1.0,,
Qwen/Qwen2.5-14B-Instruct,0.0,1_founder_period,1,randomized_numbers,specific,0.9999999999117193,30,0.0,2.478354422715094e-10,Niche Focus,1.0,,
Qwen/Qwen2.5-14B-Instruct,0.0,1_founder_period,2,base,generic,0.9999999999117193,30,0.0,2.478354422715094e-10,Niche Focus,1.0,,
Qwen/Qwen2.5-14B-Instruct,0.0,1_founder_period,2,competitive_dynamics,generic,0.9999999999117193,30,0.0,2.478354422715094e-10,Niche Focus,1.0,,
Qwen/Qwen2.5-14B-Instruct,0.0,1_founder_period,2,count_fact,generic,0.9999999999117193,30,0.0,2.478354422715094e-10,Niche Focus,1.0,,
Qwen/Qwen2.5-14B-Instruct,0.0,1_founder_period,2,count_fact,specific,0.9999999999117193,30,0.0,2.478354422715094e-10,Niche Focus,1.0,,
Qwen/Qwen2.5-14B-Instruct,0.0,1_founder_period,2,opp_focus,generic,0.9999999999117193,30,0.0,2.478354422715094e-10,Niche Focus,1.0,,
Qwen/Qwen2.5-14B-Instruct,0.0,1_founder_period,2,randomized_numbers,generic,0.9999999999117193,30,0.0,2.478354422715094e-10,Niche Focus,1.0,,
Qwen/Qwen2.5-14B-Instruct,0.0,1_founder_period,3,base,generic,0.9999999999117193,30,0.0,2.478354422715094e-10,Niche Focus,1.0,,
Qwen/Qwen2.5-14B-Instruct,0.0,1_founder_period,3,competitive_dynamics,generic,0.9999999999117193,30,0.0,2.478354422715094e-10,Niche Focus,1.0,,
Qwen/Qwen2.5-14B-Instruct,0.0,1_founder_period,3,count_fact,generic,0.9999999999117193,30,0.0,2.478354422715094e-10,Niche Focus,1.0,,
Qwen/Qwen2.5-14B-Instruct,0.0,1_founder_period,3,count_fact,specific,0.9999999999117193,30,0.0,2.478354422715094e-10,Niche Focus,1.0,,
Qwen/Qwen2.5-14B-Instruct,0.0,1_founder_period,3,opp_focus,generic,0.9999999999117193,30,0.0,2.478354422715094e-10,Niche Focus,1.0,,
Qwen/Qwen2.5-14B-Instruct,0.0,1_founder_period,3,randomized_numbers,generic,0.9999999999117193,30,0.0,2.478354422715094e-10,Niche Focus,1.0,,
Qwen/Qwen2.5-14B-Instruct,0.0,1_founder_period,3,randomized_numbers,specific,0.9999999999117193,30,0.0,2.478354422715094e-10,Niche Focus,1.0,,
Qwen/Qwen2.5-14B-Instruct,0.0,1_founder_period,4,base,generic,0.9999999999117193,30,0.0,2.478354422715094e-10,Niche Focus,1.0,,
Qwen/Qwen2.5-14B-Instruct,0.0,1_founder_period,4,base,specific,0.9999999999117193,30,0.0,2.478354422715094e-10,Niche Focus,1.0,,
Qwen/Qwen2.5-14B-Instruct,0.0,1_founder_period,4,competitive_dynamics,generic,0.9999999999117193,30,0.0,2.478354422715094e-10,Niche Focus,1.0,,
Qwen/Qwen2.5-14B-Instruct,0.0,1_founder_period,4,count_fact,generic,0.9999999999117193,30,0.0,2.478354422715094e-10,Niche Focus,1.0,,
Qwen/Qwen2.5-14B-Instruct,0.0,1_founder_period,4,count_fact,specific,0.9999999999117193,30,0.0,2.478354422715094e-10,Niche Focus,1.0,,
Qwen/Qwen2.5-14B-Instruct,0.0,1_founder_period,4,randomized_numbers,generic,0.9999999999117193,30,0.0,2.478354422715094e-10,Niche Focus,1.0,,
Qwen/Qwen2.5-14B-Instruct,0.0,1_founder_period,4,randomized_numbers,specific,0.9999999999117193,30,0.0,2.478354422715094e-10,Niche Focus,1.0,,
Qwen/Qwen2.5-14B-Instruct,0.0,1_founder_period,5,base,generic,0.9999999999117193,30,0.0,2.478354422715094e-10,Niche Focus,1.0,,
Qwen/Qwen2.5-14B-Instruct,0.0,1_founder_period,5,competitive_dynamics,generic,0.9999999999117193,30,0.0,2.478354422715094e-10,Niche Focus,1.0,,
Qwen/Qwen2.5-14B-Instruct,0.0,1_founder_period,5,count_fact,generic,0.9999999999117193,30,0.0,2.478354422715094e-10,Niche Focus,1.0,,
Qwen/Qwen2.5-14B-Instruct,0.0,1_founder_period,5,count_fact,specific,0.9999999999117193,30,0.0,2.478354422715094e-10,Niche Focus,1.0,,
Qwen/Qwen2.5-14B-Instruct,0.0,1_founder_period,5,randomized_numbers,generic,0.9999999999117193,30,0.0,2.478354422715094e-10,Niche Focus,1.0,,
Qwen/Qwen2.5-14B-Instruct,0.0,1_founder_period,5,randomized_numbers,specific,0.9999999999117193,30,0.0,2.478354422715094e-10,Niche Focus,1.0,,
Qwen/Qwen2.5-14B-Instruct,0.0,1_founder_period,6,base,generic,0.9999999999117193,30,0.0,2.478354422715094e-10,Niche Focus,1.0,,
Qwen/Qwen2.5-14B-Instruct,0.0,1_founder_period,6,competitive_dynamics,generic,0.9999999999117193,30,0.0,2.478354422715094e-10,Niche Focus,1.0,,
Qwen/Qwen2.5-14B-Instruct,0.0,1_founder_period,6,count_fact,specific,0.9999999999117193,5,0.0,2.478354422715094e-10,Niche Focus,1.0,,
Qwen/Qwen2.5-14B-Instruct,0.0,1_founder_period,6,randomized_numbers,generic,0.9999999999117193,30,0.0,2.478354422715094e-10,Niche Focus,1.0,,
Qwen/Qwen2.5-14B-Instruct,0.0,1_founder_period,6,randomized_numbers,specific,0.9999999999117193,30,0.0,2.478354422715094e-10,Niche Focus,1.0,,
Qwen/Qwen2.5-14B-Instruct,0.0,2_roadster_launch,1,competitive_dynamics,generic,0.9999999999117193,30,0.0,2.478354422715094e-10,Niche Focus,1.0,,
Qwen/Qwen2.5-14B-Instruct,0.0,6_energy_infra,1,opp_focus,generic,0.9999999999117193,30,0.0,2.478354422715094e-10,Diversification,1.0,,
Qwen/Qwen2.5-14B-Instruct,0.0,6_energy_infra,2,base,generic,0.9999999999117193,30,0.0,2.478354422715094e-10,Diversification,1.0,,
Qwen/Qwen2.5-14B-Instruct,0.0,6_energy_infra,2,competitive_dynamics,generic,0.9999999999117193,30,0.0,2.478354422715094e-10,Diversification,1.0,,
Qwen/Qwen2.5-14B-Instruct,0.0,6_energy_infra,2,opp_focus,generic,0.9999999999117193,30,0.0,2.478354422715094e-10,Diversification,1.0,,
Qwen/Qwen2.5-14B-Instruct,0.0,6_energy_infra,2,opp_focus,specific,0.9999999999117193,30,0.0,2.478354422715094e-10,Diversification,1.0,,
Qwen/Qwen2.5-14B-Instruct,0.0,6_energy_infra,2,randomized_numbers,generic,0.9999999999117193,30,0.0,2.478354422715094e-10,Diversification,1.0,,
Qwen/Qwen2.5-14B-Instruct,0.0,6_energy_infra,3,base,generic,0.9999999999117193,30,0.0,2.478354422715094e-10,Diversification,1.0,,
Qwen/Qwen2.5-14B-Instruct,0.0,6_energy_infra,3,base,specific,0.9999999999117193,30,0.0,2.478354422715094e-10,Diversification,1.0,,
Qwen/Qwen2.5-14B-Instruct,0.0,6_energy_infra,3,competitive_dynamics,generic,0.9999999999117193,30,0.0,2.478354422715094e-10,Diversification,1.0,,
Qwen/Qwen2.5-14B-Instruct,0.0,6_energy_infra,3,opp_focus,generic,0.9999999999117193,30,0.0,2.478354422715094e-10,Diversification,1.0,,
Qwen/Qwen2.5-14B-Instruct,0.0,6_energy_infra,3,opp_focus,specific,0.9999999999117193,30,0.0,2.478354422715094e-10,Diversification,1.0,,
Qwen/Qwen2.5-14B-Instruct,0.0,6_energy_infra,3,randomized_numbers,generic,0.9999999999117193,30,0.0,2.478354422715094e-10,Diversification,1.0,,
Qwen/Qwen2.5-14B-Instruct,0.0,6_energy_infra,3,randomized_numbers,specific,0.9999999999117193,30,0.0,2.478354422715094e-10,Diversification,1.0,,
Qwen/Qwen2.5-14B-Instruct,0.0,6_energy_infra,4,base,generic,0.9999999999117193,30,0.0,2.478354422715094e-10,Diversification,1.0,,
Qwen/Qwen2.5-14B-Instruct,0.0,6_energy_infra,4,base,specific,0.9999999999117193,30,0.0,2.478354422715094e-10,Diversification,1.0,,
Qwen/Qwen2.5-14B-Instruct,0.0,6_energy_infra,4,competitive_dynamics,generic,0.9999999999117193,30,0.0,2.478354422715094e-10,Diversification,1.0,,
Qwen/Qwen2.5-14B-Instruct,0.0,6_energy_infra,4,opp_focus,generic,0.9999999999117193,30,0.0,2.478354422715094e-10,Diversification,1.0,,
Qwen/Qwen2.5-14B-Instruct,0.0,6_energy_infra,4,opp_focus,specific,0.9999999999117193,30,0.0,2.478354422715094e-10,Diversification,1.0,,
Qwen/Qwen2.5-14B-Instruct,0.0,6_energy_infra,4,randomized_numbers,generic,0.9999999999117193,30,0.0,2.478354422715094e-10,Diversification,1.0,,
Qwen/Qwen2.5-14B-Instruct,0.0,6_energy_infra,4,randomized_numbers,specific,0.9999999999117193,30,0.0,2.478354422715094e-10,Diversification,1.0,,
Qwen/Qwen2.5-14B-Instruct,0.0,1_founder_period,1,competitive_dynamics,specific,0.9999999999117194,30,0.0,2.4783512192885906e-10,Technology Leadership,1.0,,
Qwen/Qwen2.5-14B-Instruct,0.0,1_founder_period,1,opp_focus,specific,0.9999999999117194,30,0.0,2.4783512192885906e-10,Technology Leadership,1.0,,
Qwen/Qwen2.5-14B-Instruct,0.0,1_founder_period,2,base,specific,0.9999999999117194,30,0.0,2.4783512192885906e-10,Technology Leadership,1.0,,
Qwen/Qwen2.5-14B-Instruct,0.0,1_founder_period,2,competitive_dynamics,specific,0.9999999999117194,30,0.0,2.4783512192885906e-10,Technology Leadership,1.0,,
Qwen/Qwen2.5-14B-Instruct,0.0,1_founder_period,2,opp_focus,specific,0.9999999999117194,30,0.0,2.4783512192885906e-10,Technology Leadership,1.0,,
Qwen/Qwen2.5-14B-Instruct,0.0,1_founder_period,2,randomized_numbers,specific,0.9999999999117194,30,0.0,2.4783512192885906e-10,Technology Leadership,1.0,,
Qwen/Qwen2.5-14B-Instruct,0.0,1_founder_period,3,competitive_dynamics,specific,0.9999999999117194,30,0.0,2.4783512192885906e-10,Technology Leadership,1.0,,
Qwen/Qwen2.5-14B-Instruct,0.0,1_founder_period,3,opp_focus,specific,0.9999999999117194,30,0.0,2.4783512192885906e-10,Technology Leadership,1.0,,
Qwen/Qwen2.5-14B-Instruct,0.0,1_founder_period,4,competitive_dynamics,specific,0.9999999999117194,30,0.0,2.4783512192885906e-10,Technology Leadership,1.0,,
Qwen/Qwen2.5-14B-Instruct,0.0,1_founder_period,4,opp_focus,generic,0.9999999999117194,30,0.0,2.4783512192885906e-10,Technology Leadership,1.0,,
Qwen/Qwen2.5-14B-Instruct,0.0,1_founder_period,4,opp_focus,specific,0.9999999999117194,30,0.0,2.4783512192885906e-10,Technology Leadership,1.0,,
Qwen/Qwen2.5-14B-Instruct,0.0,1_founder_period,5,competitive_dynamics,specific,0.9999999999117194,30,0.0,2.4783512192885906e-10,Technology Leadership,1.0,,
Qwen/Qwen2.5-14B-Instruct,0.0,1_founder_period,5,opp_focus,generic,0.9999999999117194,30,0.0,2.4783512192885906e-10,Technology Leadership,1.0,,
Qwen/Qwen2.5-14B-Instruct,0.0,1_founder_period,5,opp_focus,specific,0.9999999999117194,30,0.0,2.4783512192885906e-10,Technology Leadership,1.0,,
Qwen/Qwen2.5-14B-Instruct,0.0,1_founder_period,6,base,specific,0.9999999999117194,30,0.0,2.4783512192885906e-10,Technology Leadership,1.0,,
Qwen/Qwen2.5-14B-Instruct,0.0,1_founder_period,6,competitive_dynamics,specific,0.9999999999117194,30,0.0,2.4783512192885906e-10,Technology Leadership,1.0,,
Qwen/Qwen2.5-14B-Instruct,0.0,1_founder_period,6,opp_focus,generic,0.9999999999117194,30,0.0,2.4783512192885906e-10,Technology Leadership,1.0,,
Qwen/Qwen2.5-14B-Instruct,0.0,1_founder_period,6,opp_focus,specific,0.9999999999117194,30,0.0,2.4783512192885906e-10,Technology Leadership,1.0,,
Qwen/Qwen2.5-14B-Instruct,0.0,3_model_s_launch,0,base,specific,0.9999999999117194,30,0.0,2.4783512192885906e-10,Fast Follower,1.0,,
Qwen/Qwen2.5-14B-Instruct,0.0,3_model_s_launch,0,competitive_dynamics,specific,0.9999999999117194,30,0.0,2.4783512192885906e-10,Fast Follower,1.0,,
Qwen/Qwen2.5-14B-Instruct,0.0,3_model_s_launch,0,count_fact,specific,0.9999999999117194,30,0.0,2.4783512192885906e-10,Fast Follower,1.0,,
Qwen/Qwen2.5-14B-Instruct,0.0,3_model_s_launch,0,opp_focus,specific,0.9999999999117194,30,0.0,2.4783512192885906e-10,Fast Follower,1.0,,
Qwen/Qwen2.5-14B-Instruct,0.0,3_model_s_launch,0,randomized_numbers,specific,0.9999999999117194,30,0.0,2.4783512192885906e-10,Fast Follower,1.0,,
Qwen/Qwen2.5-14B-Instruct,0.0,3_model_s_launch,1,base,generic,0.9999999999117194,30,0.0,2.4783512192885906e-10,Fast Follower,1.0,,
Qwen/Qwen2.5-14B-Instruct,0.0,3_model_s_launch,1,base,specific,0.9999999999117194,30,0.0,2.4783512192885906e-10,Fast Follower,1.0,,
Qwen/Qwen2.5-14B-Instruct,0.0,3_model_s_launch,1,competitive_dynamics,generic,0.9999999999117194,30,0.0,2.4783512192885906e-10,Fast Follower,1.0,,
Qwen/Qwen2.5-14B-Instruct,0.0,3_model_s_launch,1,competitive_dynamics,specific,0.9999999999117194,30,0.0,2.4783512192885906e-10,Fast Follower,1.0,,
Qwen/Qwen2.5-14B-Instruct,0.0,3_model_s_launch,1,count_fact,specific,0.9999999999117194,30,0.0,2.4783512192885906e-10,Fast Follower,1.0,,
Qwen/Qwen2.5-14B-Instruct,0.0,3_model_s_launch,1,opp_focus,generic,0.9999999999117194,30,0.0,2.4783512192885906e-10,Fast Follower,1.0,,
Qwen/Qwen2.5-14B-Instruct,0.0,3_model_s_launch,1,opp_focus,specific,0.9999999999117194,30,0.0,2.4783512192885906e-10,Fast Follower,1.0,,
Qwen/Qwen2.5-14B-Instruct,0.0,3_model_s_launch,1,randomized_numbers,generic,0.9999999999117194,30,0.0,2.4783512192885906e-10,Fast Follower,1.0,,
Qwen/Qwen2.5-14B-Instruct,0.0,3_model_s_launch,1,randomized_numbers,specific,0.9999999999117194,30,0.0,2.4783512192885906e-10,Fast Follower,1.0,,
Qwen/Qwen2.5-14B-Instruct,0.0,3_model_s_launch,2,base,generic,0.9999999999117194,30,0.0,2.4783512192885906e-10,Fast Follower,1.0,,
Qwen/Qwen2.5-14B-Instruct,0.0,3_model_s_launch,2,base,specific,0.9999999999117194,30,0.0,2.4783512192885906e-10,Fast Follower,1.0,,
Qwen/Qwen2.5-14B-Instruct,0.0,3_model_s_launch,2,competitive_dynamics,generic,0.9999999999117194,30,0.0,2.4783512192885906e-10,Fast Follower,1.0,,
Qwen/Qwen2.5-14B-Instruct,0.0,3_model_s_launch,2,competitive_dynamics,specific,0.9999999999117194,30,0.0,2.4783512192885906e-10,Fast Follower,1.0,,
Qwen/Qwen2.5-14B-Instruct,0.0,3_model_s_launch,2,count_fact,generic,0.9999999999117194,30,0.0,2.4783512192885906e-10,Fast Follower,1.0,,
Qwen/Qwen2.5-14B-Instruct,0.0,3_model_s_launch,2,opp_focus,generic,0.9999999999117194,30,0.0,2.4783512192885906e-10,Fast Follower,1.0,,
Qwen/Qwen2.5-14B-Instruct,0.0,3_model_s_launch,2,opp_focus,specific,0.9999999999117194,30,0.0,2.4783512192885906e-10,Fast Follower,1.0,,
Qwen/Qwen2.5-14B-Instruct,0.0,3_model_s_launch,2,randomized_numbers,generic,0.9999999999117194,30,0.0,2.4783512192885906e-10,Fast Follower,1.0,,
Qwen/Qwen2.5-14B-Instruct,0.0,3_model_s_launch,2,randomized_numbers,specific,0.9999999999117194,30,0.0,2.4783512192885906e-10,Fast Follower,1.0,,
Qwen/Qwen2.5-14B-Instruct,0.0,3_model_s_launch,3,base,generic,0.9999999999117194,30,0.0,2.4783512192885906e-10,Fast Follower,1.0,,
Qwen/Qwen2.5-14B-Instruct,0.0,3_model_s_launch,3,base,specific,0.9999999999117194,30,0.0,2.4783512192885906e-10,Fast Follower,1.0,,
Qwen/Qwen2.5-14B-Instruct,0.0,3_model_s_launch,3,competitive_dynamics,generic,0.9999999999117194,30,0.0,2.4783512192885906e-10,Fast Follower,1.0,,
Qwen/Qwen2.5-14B-Instruct,0.0,3_model_s_launch,3,competitive_dynamics,specific,0.9999999999117194,30,0.0,2.4783512192885906e-10,Fast Follower,1.0,,
Qwen/Qwen2.5-14B-Instruct,0.0,3_model_s_launch,3,count_fact,specific,0.9999999999117194,30,0.0,2.4783512192885906e-10,Fast Follower,1.0,,
Qwen/Qwen2.5-14B-Instruct,0.0,3_model_s_launch,3,opp_focus,generic,0.9999999999117194,30,0.0,2.4783512192885906e-10,Fast Follower,1.0,,
Qwen/Qwen2.5-14B-Instruct,0.0,3_model_s_launch,3,opp_focus,specific,0.9999999999117194,30,0.0,2.4783512192885906e-10,Fast Follower,1.0,,
Qwen/Qwen2.5-14B-Instruct,0.0,3_model_s_launch,3,randomized_numbers,generic,0.9999999999117194,30,0.0,2.4783512192885906e-10,Fast Follower,1.0,,
Qwen/Qwen2.5-14B-Instruct,0.0,3_model_s_launch,3,randomized_numbers,specific,0.9999999999117194,30,0.0,2.4783512192885906e-10,Fast Follower,1.0,,
Qwen/Qwen2.5-14B-Instruct,0.0,4_model_x_launch,0,base,generic,0.9999999999117194,30,0.0,2.4783512192885906e-10,Open Innovation,1.0,,
Qwen/Qwen2.5-14B-Instruct,0.0,4_model_x_launch,0,competitive_dynamics,generic,0.9999999999117194,30,0.0,2.4783512192885906e-10,Open Innovation,1.0,,
Qwen/Qwen2.5-14B-Instruct,0.0,4_model_x_launch,0,count_fact,generic,0.9999999999117194,30,0.0,2.4783512192885906e-10,Open Innovation,1.0,,
Qwen/Qwen2.5-14B-Instruct,0.0,4_model_x_launch,0,opp_focus,generic,0.9999999999117194,30,0.0,2.4783512192885906e-10,Open Innovation,1.0,,
Qwen/Qwen2.5-14B-Instruct,0.0,4_model_x_launch,0,randomized_numbers,generic,0.9999999999117194,30,0.0,2.4783512192885906e-10,Open Innovation,1.0,,
Qwen/Qwen2.5-14B-Instruct,0.0,4_model_x_launch,1,base,generic,0.9999999999117194,30,0.0,2.4783512192885906e-10,Open Innovation,1.0,,
Qwen/Qwen2.5-14B-Instruct,0.0,4_model_x_launch,1,competitive_dynamics,generic,0.9999999999117194,30,0.0,2.4783512192885906e-10,Open Innovation,1.0,,
Qwen/Qwen2.5-14B-Instruct,0.0,4_model_x_launch,1,competitive_dynamics,specific,0.9999999999117194,30,0.0,2.4783512192885906e-10,Open Innovation,1.0,,
Qwen/Qwen2.5-14B-Instruct,0.0,4_model_x_launch,1,count_fact,generic,0.9999999999117194,30,0.0,2.4783512192885906e-10,Open Innovation,1.0,,
Qwen/Qwen2.5-14B-Instruct,0.0,4_model_x_launch,1,count_fact,specific,0.9999999999117194,30,0.0,2.4783512192885906e-10,Open Innovation,1.0,,
Qwen/Qwen2.5-14B-Instruct,0.0,4_model_x_launch,1,opp_focus,generic,0.9999999999117194,30,0.0,2.4783512192885906e-10,Open Innovation,1.0,,
Qwen/Qwen2.5-14B-Instruct,0.0,4_model_x_launch,1,opp_focus,specific,0.9999999999117194,30,0.0,2.4783512192885906e-10,Open Innovation,1.0,,
Qwen/Qwen2.5-14B-Instruct,0.0,4_model_x_launch,1,randomized_numbers,generic,0.9999999999117194,30,0.0,2.4783512192885906e-10,Open Innovation,1.0,,
Qwen/Qwen2.5-14B-Instruct,0.0,4_model_x_launch,1,randomized_numbers,specific,0.9999999999117194,30,0.0,2.4783512192885906e-10,Open Innovation,1.0,,
Qwen/Qwen2.5-14B-Instruct,0.0,4_model_x_launch,2,base,generic,0.9999999999117194,30,0.0,2.4783512192885906e-10,Open Innovation,1.0,,
Qwen/Qwen2.5-14B-Instruct,0.0,4_model_x_launch,2,competitive_dynamics,generic,0.9999999999117194,30,0.0,2.4783512192885906e-10,Open Innovation,1.0,,
Qwen/Qwen2.5-14B-Instruct,0.0,4_model_x_launch,2,count_fact,generic,0.9999999999117194,30,0.0,2.4783512192885906e-10,Open Innovation,1.0,,
Qwen/Qwen2.5-14B-Instruct,0.0,4_model_x_launch,2,opp_focus,generic,0.9999999999117194,30,0.0,2.4783512192885906e-10,Open Innovation,1.0,,
Qwen/Qwen2.5-14B-Instruct,0.0,4_model_x_launch,2,opp_focus,specific,0.9999999999117194,30,0.0,2.4783512192885906e-10,Open Innovation,1.0,,
Qwen/Qwen2.5-14B-Instruct,0.0,4_model_x_launch,3,competitive_dynamics,generic,0.9999999999117194,30,0.0,2.4783512192885906e-10,Open Innovation,1.0,,
Qwen/Qwen2.5-14B-Instruct,0.0,4_model_x_launch,3,competitive_dynamics,specific,0.9999999999117194,30,0.0,2.4783512192885906e-10,Fast Follower,1.0,,
Qwen/Qwen2.5-14B-Instruct,0.0,4_model_x_launch,3,count_fact,generic,0.9999999999117194,30,0.0,2.4783512192885906e-10,Open Innovation,1.0,,
Qwen/Qwen2.5-14B-Instruct,0.0,4_model_x_launch,3,opp_focus,generic,0.9999999999117194,30,0.0,2.4783512192885906e-10,Open Innovation,1.0,,
Qwen/Qwen2.5-14B-Instruct,0.0,4_model_x_launch,4,competitive_dynamics,generic,0.9999999999117194,30,0.0,2.4783512192885906e-10,Open Innovation,1.0,,
Qwen/Qwen2.5-14B-Instruct,0.0,4_model_x_launch,4,competitive_dynamics,specific,0.9999999999117194,30,0.0,2.4783512192885906e-10,Fast Follower,1.0,,
Qwen/Qwen2.5-14B-Instruct,0.0,4_model_x_launch,4,count_fact,generic,0.9999999999117194,30,0.0,2.4783512192885906e-10,Open Innovation,1.0,,
Qwen/Qwen2.5-14B-Instruct,0.0,4_model_x_launch,4,opp_focus,generic,0.9999999999117194,30,0.0,2.4783512192885906e-10,Open Innovation,1.0,,
Qwen/Qwen2.5-14B-Instruct,0.0,4_model_x_launch,4,opp_focus,specific,0.9999999999117194,30,0.0,2.4783512192885906e-10,Technology Leadership,1.0,,
Qwen/Qwen2.5-14B-Instruct,0.0,5_model_3_mass_market,0,base,generic,0.9999999999117194,30,0.0,2.4783512192885906e-10,Open Innovation,1.0,,
Qwen/Qwen2.5-14B-Instruct,0.0,5_model_3_mass_market,0,competitive_dynamics,generic,0.9999999999117194,30,0.0,2.4783512192885906e-10,Open Innovation,1.0,,
Qwen/Qwen2.5-14B-Instruct,0.0,5_model_3_mass_market,0,count_fact,generic,0.9999999999117194,30,0.0,2.4783512192885906e-10,Open Innovation,1.0,,
Qwen/Qwen2.5-14B-Instruct,0.0,5_model_3_mass_market,0,opp_focus,generic,0.9999999999117194,30,0.0,2.4783512192885906e-10,Open Innovation,1.0,,
Qwen/Qwen2.5-14B-Instruct,0.0,5_model_3_mass_market,0,randomized_numbers,generic,0.9999999999117194,30,0.0,2.4783512192885906e-10,Open Innovation,1.0,,
Qwen/Qwen2.5-14B-Instruct,0.0,5_model_3_mass_market,1,base,generic,0.9999999999117194,30,0.0,2.4783512192885906e-10,Open Innovation,1.0,,
Qwen/Qwen2.5-14B-Instruct,0.0,5_model_3_mass_market,1,competitive_dynamics,generic,0.9999999999117194,30,0.0,2.4783512192885906e-10,Open Innovation,1.0,,
Qwen/Qwen2.5-14B-Instruct,0.0,5_model_3_mass_market,1,count_fact,generic,0.9999999999117194,30,0.0,2.4783512192885906e-10,Open Innovation,1.0,,
Qwen/Qwen2.5-14B-Instruct,0.0,5_model_3_mass_market,1,randomized_numbers,generic,0.9999999999117194,30,0.0,2.4783512192885906e-10,Open Innovation,1.0,,
Qwen/Qwen2.5-14B-Instruct,0.0,5_model_3_mass_market,2,base,generic,0.9999999999117194,30,0.0,2.4783512192885906e-10,Open Innovation,1.0,,
Qwen/Qwen2.5-14B-Instruct,0.0,5_model_3_mass_market,2,competitive_dynamics,generic,0.9999999999117194,30,0.0,2.4783512192885906e-10,Open Innovation,1.0,,
Qwen/Qwen2.5-14B-Instruct,0.0,5_model_3_mass_market,2,count_fact,generic,0.9999999999117194,30,0.0,2.4783512192885906e-10,Open Innovation,1.0,,
Qwen/Qwen2.5-14B-Instruct,0.0,5_model_3_mass_market,2,opp_focus,generic,0.9999999999117194,30,0.0,2.4783512192885906e-10,Open Innovation,1.0,,
Qwen/Qwen2.5-14B-Instruct,0.0,5_model_3_mass_market,2,randomized_numbers,generic,0.9999999999117194,30,0.0,2.4783512192885906e-10,Open Innovation,1.0,,
Qwen/Qwen2.5-14B-Instruct,0.0,5_model_3_mass_market,3,base,generic,0.9999999999117194,30,0.0,2.4783512192885906e-10,Open Innovation,1.0,,
Qwen/Qwen2.5-14B-Instruct,0.0,5_model_3_mass_market,3,competitive_dynamics,generic,0.9999999999117194,30,0.0,2.4783512192885906e-10,Open Innovation,1.0,,
Qwen/Qwen2.5-14B-Instruct,0.0,5_model_3_mass_market,3,count_fact,generic,0.9999999999117194,30,0.0,2.4783512192885906e-10,Open Innovation,1.0,,
Qwen/Qwen2.5-14B-Instruct,0.0,5_model_3_mass_market,3,opp_focus,generic,0.9999999999117194,30,0.0,2.4783512192885906e-10,Open Innovation,1.0,,
Qwen/Qwen2.5-14B-Instruct,0.0,5_model_3_mass_market,3,randomized_numbers,generic,0.9999999999117194,30,0.0,2.4783512192885906e-10,Open Innovation,1.0,,
Qwen/Qwen2.5-14B-Instruct,0.0,5_model_3_mass_market,4,base,generic,0.9999999999117194,30,0.0,2.4783512192885906e-10,Open Innovation,1.0,,
Qwen/Qwen2.5-14B-Instruct,0.0,5_model_3_mass_market,4,competitive_dynamics,generic,0.9999999999117194,30,0.0,2.4783512192885906e-10,Open Innovation,1.0,,
Qwen/Qwen2.5-14B-Instruct,0.0,5_model_3_mass_market,4,count_fact,generic,0.9999999999117194,30,0.0,2.4783512192885906e-10,Open Innovation,1.0,,
Qwen/Qwen2.5-14B-Instruct,0.0,5_model_3_mass_market,4,opp_focus,generic,0.9999999999117194,30,0.0,2.4783512192885906e-10,Open Innovation,1.0,,
Qwen/Qwen2.5-14B-Instruct,0.0,5_model_3_mass_market,4,randomized_numbers,generic,0.9999999999117194,30,0.0,2.4783512192885906e-10,Open Innovation,1.0,,
Qwen/Qwen2.5-14B-Instruct,0.0,6_energy_infra,0,base,generic,0.9999999999117194,30,0.0,2.4783512192885906e-10,Open Innovation,1.0,,
Qwen/Qwen2.5-14B-Instruct,0.0,6_energy_infra,0,base,specific,0.9999999999117194,30,0.0,2.4783512192885906e-10,Open Innovation,1.0,,
Qwen/Qwen2.5-14B-Instruct,0.0,6_energy_infra,0,competitive_dynamics,generic,0.9999999999117194,30,0.0,2.4783512192885906e-10,Open Innovation,1.0,,
Qwen/Qwen2.5-14B-Instruct,0.0,6_energy_infra,0,competitive_dynamics,specific,0.9999999999117194,30,0.0,2.4783512192885906e-10,Open Innovation,1.0,,
Qwen/Qwen2.5-14B-Instruct,0.0,6_energy_infra,0,count_fact,generic,0.9999999999117194,30,0.0,2.4783512192885906e-10,Open Innovation,1.0,,
Qwen/Qwen2.5-14B-Instruct,0.0,6_energy_infra,0,count_fact,specific,0.9999999999117194,30,0.0,2.4783512192885906e-10,Open Innovation,1.0,,
Qwen/Qwen2.5-14B-Instruct,0.0,6_energy_infra,0,opp_focus,generic,0.9999999999117194,30,0.0,2.4783512192885906e-10,Open Innovation,1.0,,
Qwen/Qwen2.5-14B-Instruct,0.0,6_energy_infra,0,opp_focus,specific,0.9999999999117194,30,0.0,2.4783512192885906e-10,Open Innovation,1.0,,
Qwen/Qwen2.5-14B-Instruct,0.0,6_energy_infra,0,randomized_numbers,generic,0.9999999999117194,30,0.0,2.4783512192885906e-10,Open Innovation,1.0,,
Qwen/Qwen2.5-14B-Instruct,0.0,6_energy_infra,0,randomized_numbers,specific,0.9999999999117194,30,0.0,2.4783512192885906e-10,Open Innovation,1.0,,
Qwen/Qwen2.5-14B-Instruct,0.0,6_energy_infra,1,base,generic,0.9999999999117194,30,0.0,2.4783512192885906e-10,Open Innovation,1.0,,
Qwen/Qwen2.5-14B-Instruct,0.0,6_energy_infra,1,base,specific,0.9999999999117194,30,0.0,2.4783512192885906e-10,Open Innovation,1.0,,
Qwen/Qwen2.5-14B-Instruct,0.0,6_energy_infra,1,competitive_dynamics,generic,0.9999999999117194,30,0.0,2.4783512192885906e-10,Open Innovation,1.0,,
Qwen/Qwen2.5-14B-Instruct,0.0,6_energy_infra,1,competitive_dynamics,specific,0.9999999999117194,30,0.0,2.4783512192885906e-10,Open Innovation,1.0,,
Qwen/Qwen2.5-14B-Instruct,0.0,6_energy_infra,1,count_fact,generic,0.9999999999117194,30,0.0,2.4783512192885906e-10,Open Innovation,1.0,,
Qwen/Qwen2.5-14B-Instruct,0.0,6_energy_infra,1,count_fact,specific,0.9999999999117194,30,0.0,2.4783512192885906e-10,Open Innovation,1.0,,
Qwen/Qwen2.5-14B-Instruct,0.0,6_energy_infra,1,opp_focus,specific,0.9999999999117194,30,0.0,2.4783512192885906e-10,Open Innovation,1.0,,
Qwen/Qwen2.5-14B-Instruct,0.0,6_energy_infra,1,randomized_numbers,generic,0.9999999999117194,30,0.0,2.4783512192885906e-10,Open Innovation,1.0,,
Qwen/Qwen2.5-14B-Instruct,0.0,6_energy_infra,1,randomized_numbers,specific,0.9999999999117194,30,0.0,2.4783512192885906e-10,Open Innovation,1.0,,
Qwen/Qwen2.5-14B-Instruct,0.0,6_energy_infra,2,base,specific,0.9999999999117194,30,0.0,2.4783512192885906e-10,Open Innovation,1.0,,
Qwen/Qwen2.5-14B-Instruct,0.0,6_energy_infra,2,competitive_dynamics,specific,0.9999999999117194,30,0.0,2.4783512192885906e-10,Open Innovation,1.0,,
Qwen/Qwen2.5-14B-Instruct,0.0,6_energy_infra,2,count_fact,generic,0.9999999999117194,30,0.0,2.4783512192885906e-10,Fast Follower,1.0,,
Qwen/Qwen2.5-14B-Instruct,0.0,6_energy_infra,2,count_fact,specific,0.9999999999117194,30,0.0,2.4783512192885906e-10,Fast Follower,1.0,,
Qwen/Qwen2.5-14B-Instruct,0.0,6_energy_infra,2,randomized_numbers,specific,0.9999999999117194,30,0.0,2.4783512192885906e-10,Open Innovation,1.0,,
Qwen/Qwen2.5-14B-Instruct,0.0,6_energy_infra,3,competitive_dynamics,specific,0.9999999999117194,30,0.0,2.4783512192885906e-10,Open Innovation,1.0,,
Qwen/Qwen2.5-14B-Instruct,0.0,6_energy_infra,3,count_fact,generic,0.9999999999117194,30,0.0,2.4783512192885906e-10,Fast Follower,1.0,,
Qwen/Qwen2.5-14B-Instruct,0.0,6_energy_infra,3,count_fact,specific,0.9999999999117194,30,0.0,2.4783512192885906e-10,Fast Follower,1.0,,
Qwen/Qwen2.5-14B-Instruct,0.0,6_energy_infra,4,competitive_dynamics,specific,0.9999999999117194,30,0.0,2.4783512192885906e-10,Open Innovation,1.0,,
Qwen/Qwen2.5-14B-Instruct,0.0,6_energy_infra,4,count_fact,generic,0.9999999999117194,30,0.0,2.4783512192885906e-10,Fast Follower,1.0,,
Qwen/Qwen2.5-14B-Instruct,0.0,6_energy_infra,4,count_fact,specific,0.9999999999117194,30,0.0,2.4783512192885906e-10,Fast Follower,1.0,,
Qwen/Qwen2.5-14B-Instruct,0.7,4_model_x_launch,3,competitive_dynamics,specific,0.5109213037129231,30,0.5862068965517241,1.3730174852950414,Retrenchment,0.5666666666666667,Fast Follower,0.3
Qwen/Qwen2.5-14B-Instruct,0.7,4_model_x_launch,2,competitive_dynamics,specific,0.552768794676651,30,0.6206896551724138,1.255536725562259,Retrenchment,0.5666666666666667,Open Innovation,0.36666666666666664
Qwen/Qwen2.5-14B-Instruct,0.7,6_energy_infra,1,count_fact,generic,0.6437928128201915,30,0.5172413793103449,1.0000000002015295,Open Innovation,0.5,Diversification,0.5
Qwen/Qwen2.5-14B-Instruct,0.7,1_founder_period,0,competitive_dynamics,specific,0.6437928128201917,30,0.5172413793103449,1.000000000201529,Niche Focus,0.5,Technology Leadership,0.5
Qwen/Qwen2.5-14B-Instruct,0.7,1_founder_period,0,opp_focus,specific,0.6437928128201917,30,0.5862068965517241,1.000000000201529,Niche Focus,0.5,Technology Leadership,0.5
Qwen/Qwen2.5-14B-Instruct,0.7,1_founder_period,0,count_fact,specific,0.64493565656721,30,0.5862068965517241,0.9967916321831946,Niche Focus,0.5333333333333333,Technology Leadership,0.4666666666666667
Qwen/Qwen2.5-14B-Instruct,0.7,3_model_s_launch,1,count_fact,specific,0.64493565656721,30,0.6551724137931034,0.9967916321831946,Fast Follower,0.5333333333333333,Maintain,0.4666666666666667
Qwen/Qwen2.5-14B-Instruct,0.7,4_model_x_launch,2,randomized_numbers,generic,0.64493565656721,30,0.5172413793103449,0.9967916321831948,Open Innovation,0.5333333333333333,Retrenchment,0.4666666666666667
Qwen/Qwen2.5-14B-Instruct,0.7,6_energy_infra,3,competitive_dynamics,generic,0.6483744300309826,30,0.5172413793103449,0.9871377745738315,Open Innovation,0.5666666666666667,Diversification,0.43333333333333335
Qwen/Qwen2.5-14B-Instruct,0.7,1_founder_period,1,randomized_numbers,specific,0.6483744300309827,30,0.6206896551724138,0.9871377745738312,Technology Leadership,0.5666666666666667,Niche Focus,0.43333333333333335
Qwen/Qwen2.5-14B-Instruct,0.7,1_founder_period,2,base,specific,0.6483744300309827,30,0.4827586206896552,0.9871377745738312,Technology Leadership,0.5666666666666667,Niche Focus,0.43333333333333335
Qwen/Qwen2.5-14B-Instruct,0.7,1_founder_period,4,base,specific,0.6483744300309827,30,0.6206896551724138,0.9871377745738311,Niche Focus,0.5666666666666667,Technology Leadership,0.43333333333333335
Qwen/Qwen2.5-14B-Instruct,0.7,2_roadster_launch,4,competitive_dynamics,generic,0.6483744300309827,30,0.5172413793103449,0.9871377745738312,Maintain,0.5666666666666667,Niche Focus,0.43333333333333335
Qwen/Qwen2.5-14B-Instruct,0.7,3_model_s_launch,1,competitive_dynamics,generic,0.6483744300309827,30,0.5517241379310345,0.9871377745738311,Maintain,0.5666666666666667,Fast Follower,0.43333333333333335
Qwen/Qwen2.5-14B-Instruct,0.7,6_energy_infra,2,randomized_numbers,specific,0.6541404198565609,30,0.5862068965517241,0.9709505946564602,Open Innovation,0.6,Diversification,0.4
Qwen/Qwen2.5-14B-Instruct,0.7,3_model_s_launch,3,count_fact,generic,0.6622877156191472,30,0.3793103448275862,0.9480782437959044,Maintain,0.6333333333333333,Fast Follower,0.36666666666666664
Qwen/Qwen2.5-14B-Instruct,0.7,4_model_x_launch,3,count_fact,specific,0.6622877156191472,30,0.4482758620689655,0.9480782437959044,Retrenchment,0.6333333333333333,Open Innovation,0.36666666666666664
Qwen/Qwen2.5-14B-Instruct,0.7,3_model_s_launch,1,randomized_numbers,generic,0.6728964239463848,30,0.3448275862068966,0.9182958342567603,Fast Follower,0.6666666666666666,Maintain,0.3333333333333333
Qwen/Qwen2.5-14B-Instruct,0.7,4_model_x_launch,2,opp_focus,specific,0.6728964239463848,30,0.5172413793103449,0.9182958342567604,Open Innovation,0.6666666666666666,Fast Follower,0.3333333333333333
Qwen/Qwen2.5-14B-Instruct,0.7,4_model_x_launch,3,opp_focus,specific,0.6728964239463848,30,0.3448275862068966,0.9182958342567604,Technology Leadership,0.6666666666666666,Open Innovation,0.3333333333333333
Qwen/Qwen2.5-14B-Instruct,0.7,6_energy_infra,3,base,specific,0.6860778476889637,30,0.41379310344827586,0.8812908994333044,Diversification,0.7,Open Innovation,0.3
Qwen/Qwen2.5-14B-Instruct,0.7,6_energy_infra,3,randomized_numbers,specific,0.6860778476889637,30,0.41379310344827586,0.8812908994333044,Diversification,0.7,Open Innovation,0.3
Qwen/Qwen2.5-14B-Instruct,0.7,1_founder_period,0,base,specific,0.686077847688964,30,0.3793103448275862,0.8812908994333041,Niche Focus,0.7,Technology Leadership,0.3
Qwen/Qwen2.5-14B-Instruct,0.7,1_founder_period,0,randomized_numbers,specific,0.686077847688964,30,0.4827586206896552,0.8812908994333041,Niche Focus,0.7,Technology Leadership,0.3
Qwen/Qwen2.5-14B-Instruct,0.7,1_founder_period,5,base,specific,0.686077847688964,30,0.3448275862068966,0.881290899433304,Technology Leadership,0.7,Niche Focus,0.3
Qwen/Qwen2.5-14B-Instruct,0.7,3_model_s_launch,0,opp_focus,specific,0.686077847688964,30,0.5172413793103449,0.8812908994333041,Fast Follower,0.7,Maintain,0.3
Qwen/Qwen2.5-14B-Instruct,0.7,3_model_s_launch,2,count_fact,generic,0.686077847688964,30,0.5172413793103449,0.8812908994333041,Fast Follower,0.7,Maintain,0.3
Qwen/Qwen2.5-14B-Instruct,0.7,3_model_s_launch,2,count_fact,specific,0.686077847688964,30,0.3448275862068966,0.8812908994333041,Maintain,0.7,Fast Follower,0.3
Qwen/Qwen2.5-14B-Instruct,0.7,3_model_s_launch,1,base,generic,0.7019825546208485,30,0.41379310344827586,0.8366407421441941,Fast Follower,0.7333333333333333,Maintain,0.26666666666666666
Qwen/Qwen2.5-14B-Instruct,0.7,3_model_s_launch,2,competitive_dynamics,specific,0.7019825546208485,30,0.3793103448275862,0.8366407421441941,Fast Follower,0.7333333333333333,Maintain,0.26666666666666666
Qwen/Qwen2.5-14B-Instruct,0.7,4_model_x_launch,1,base,specific,0.7019825546208485,30,0.3103448275862069,0.8366407421441941,Open Innovation,0.7333333333333333,Retrenchment,0.26666666666666666
Qwen/Qwen2.5-14B-Instruct,0.7,6_energy_infra,2,base,specific,0.7019825546208485,30,0.3448275862068966,0.8366407421441944,Diversification,0.7333333333333333,Open Innovation,0.26666666666666666
Qwen/Qwen2.5-14B-Instruct,0.7,6_energy_infra,2,competitive_dynamics,specific,0.7019825546208485,30,0.3103448275862069,0.8366407421441944,Open Innovation,0.7333333333333333,Diversification,0.26666666666666666
Qwen/Qwen2.5-14B-Instruct,0.7,6_energy_infra,4,competitive_dynamics,specific,0.7019825546208485,30,0.3448275862068966,0.8366407421441944,Open Innovation,0.7333333333333333,Diversification,0.26666666666666666
Qwen/Qwen2.5-14B-Instruct,0.7,1_founder_period,4,opp_focus,generic,0.7208130181438654,30,0.4827586206896552,0.7837769476882266,Technology Leadership,0.7666666666666667,Niche Focus,0.23333333333333334
Qwen/Qwen2.5-14B-Instruct,0.7,3_model_s_launch,0,base,specific,0.7208130181438654,30,0.3448275862068966,0.7837769476882266,Fast Follower,0.7666666666666667,Maintain,0.23333333333333334
Qwen/Qwen2.5-14B-Instruct,0.7,4_model_x_launch,1,randomized_numbers,specific,0.7208130181438654,30,0.41379310344827586,0.7837769476882266,Open Innovation,0.7666666666666667,Retrenchment,0.23333333333333334
Qwen/Qwen2.5-14B-Instruct,0.7,4_model_x_launch,4,competitive_dynamics,specific,0.7208130181438654,30,0.3793103448275862,0.7837769476882266,Fast Follower,0.7666666666666667,Retrenchment,0.23333333333333334
Qwen/Qwen2.5-14B-Instruct,0.7,6_energy_infra,1,randomized_numbers,generic,0.7208130181438654,30,0.4827586206896552,0.7837769476882266,Diversification,0.7666666666666667,Open Innovation,0.23333333333333334
Qwen/Qwen2.5-14B-Instruct,0.7,4_model_x_launch,4,competitive_dynamics,generic,0.7255980122386716,30,0.3448275862068966,0.7703437709641557,Open Innovation,0.8333333333333334,Fast Follower,0.13333333333333333
Qwen/Qwen2.5-14B-Instruct,0.7,2_roadster_launch,2,competitive_dynamics,generic,0.7428440239532104,30,0.41379310344827586,0.721928095091482,Maintain,0.8,Niche Focus,0.2
Qwen/Qwen2.5-14B-Instruct,0.7,1_founder_period,6,base,specific,0.7428440239532105,30,0.3448275862068966,0.7219280950914819,Technology Leadership,0.8,Niche Focus,0.2
Qwen/Qwen2.5-14B-Instruct,0.7,4_model_x_launch,2,base,generic,0.7428440239532105,30,0.3448275862068966,0.7219280950914819,Open Innovation,0.8,Retrenchment,0.2
Qwen/Qwen2.5-14B-Instruct,0.7,3_model_s_launch,0,randomized_numbers,specific,0.7428440239532106,30,0.3793103448275862,0.7219280950914818,Fast Follower,0.8,Maintain,0.2
Qwen/Qwen2.5-14B-Instruct,0.7,1_founder_period,2,randomized_numbers,specific,0.7684573415545342,30,0.3448275862068966,0.6500224218531812,Technology Leadership,0.8333333333333334,Niche Focus,0.16666666666666666
Qwen/Qwen2.5-14B-Instruct,0.7,2_roadster_launch,1,competitive_dynamics,generic,0.7684573415545342,30,0.2413793103448276,0.6500224218531814,Maintain,0.8333333333333334,Niche Focus,0.16666666666666666
Qwen/Qwen2.5-14B-Instruct,0.7,3_model_s_launch,0,count_fact,specific,0.7684573415545342,30,0.27586206896551724,0.6500224218531813,Fast Follower,0.8333333333333334,Maintain,0.16666666666666666
Qwen/Qwen2.5-14B-Instruct,0.7,4_model_x_launch,4,opp_focus,generic,0.7684573415545342,30,0.27586206896551724,0.6500224218531813,Open Innovation,0.8333333333333334,Technology Leadership,0.16666666666666666
Qwen/Qwen2.5-14B-Instruct,0.7,1_founder_period,6,randomized_numbers,specific,0.7938291947733308,29,0.17857142857142858,0.5787946248376694,Niche Focus,0.8620689655172413,Technology Leadership,0.13793103448275862
Qwen/Qwen2.5-14B-Instruct,0.7,4_model_x_launch,2,count_fact,specific,0.7982052421275723,30,0.2413793103448276,0.5665095067585824,Retrenchment,0.8666666666666667,Open Innovation,0.13333333333333333
Qwen/Qwen2.5-14B-Instruct,0.7,3_model_s_launch,0,competitive_dynamics,specific,0.7982052421275724,30,0.27586206896551724,0.5665095067585822,Fast Follower,0.8666666666666667,Maintain,0.13333333333333333
Qwen/Qwen2.5-14B-Instruct,0.7,4_model_x_launch,2,randomized_numbers,specific,0.8329403987678697,30,0.20689655172413793,0.46899559379600153,Retrenchment,0.9,Open Innovation,0.1
Qwen/Qwen2.5-14B-Instruct,0.7,4_model_x_launch,4,randomized_numbers,specific,0.8329403987678698,30,0.13793103448275862,0.4689955937960013,Retrenchment,0.9,Fast Follower,0.1
Qwen/Qwen2.5-14B-Instruct,0.7,3_model_s_launch,1,competitive_dynamics,specific,0.874130865159545,30,0.13793103448275862,0.3533593352294836,Fast Follower,0.9333333333333333,Maintain,0.06666666666666667
Qwen/Qwen2.5-14B-Instruct,0.7,6_energy_infra,1,opp_focus,generic,0.874130865159545,30,0.13793103448275862,0.35335933522948365,Diversification,0.9333333333333333,Open Innovation,0.06666666666666667
Qwen/Qwen2.5-14B-Instruct,0.7,2_roadster_launch,2,competitive_dynamics,specific,0.924896457205344,30,0.06896551724137931,0.2108423005285417,Maintain,0.9666666666666667,Niche Focus,0.03333333333333333
Qwen/Qwen2.5-14B-Instruct,0.7,4_model_x_launch,1,competitive_dynamics,specific,0.924896457205344,30,0.06896551724137931,0.21084230052854142,Open Innovation,0.9666666666666667,Retrenchment,0.03333333333333333
Qwen/Qwen2.5-14B-Instruct,0.7,4_model_x_launch,2,competitive_dynamics,generic,0.924896457205344,30,0.06896551724137931,0.21084230052854142,Open Innovation,0.9666666666666667,Retrenchment,0.03333333333333333
Qwen/Qwen2.5-14B-Instruct,0.7,6_energy_infra,2,competitive_dynamics,generic,0.924896457205344,30,0.06896551724137931,0.21084230052854142,Diversification,0.9666666666666667,Open Innovation,0.03333333333333333
Qwen/Qwen2.5-14B-Instruct,0.7,1_founder_period,4,randomized_numbers,specific,0.9248964572053441,30,0.06896551724137931,0.2108423005285411,Niche Focus,0.9666666666666667,Technology Leadership,0.03333333333333333
Qwen/Qwen2.5-14B-Instruct,0.7,2_roadster_launch,0,base,generic,0.9999999999117192,30,0.0,2.4783576261415975e-10,Maintain,1.0,,
Qwen/Qwen2.5-14B-Instruct,0.7,2_roadster_launch,0,base,specific,0.9999999999117192,30,0.0,2.4783576261415975e-10,Maintain,1.0,,
Qwen/Qwen2.5-14B-Instruct,0.7,2_roadster_launch,0,competitive_dynamics,generic,0.9999999999117192,30,0.0,2.4783576261415975e-10,Maintain,1.0,,
Qwen/Qwen2.5-14B-Instruct,0.7,2_roadster_launch,0,competitive_dynamics,specific,0.9999999999117192,30,0.0,2.4783576261415975e-10,Maintain,1.0,,
Qwen/Qwen2.5-14B-Instruct,0.7,2_roadster_launch,0,count_fact,generic,0.9999999999117192,30,0.0,2.4783576261415975e-10,Maintain,1.0,,
Qwen/Qwen2.5-14B-Instruct,0.7,2_roadster_launch,0,count_fact,specific,0.9999999999117192,30,0.0,2.4783576261415975e-10,Maintain,1.0,,
Qwen/Qwen2.5-14B-Instruct,0.7,2_roadster_launch,0,opp_focus,generic,0.9999999999117192,30,0.0,2.4783576261415975e-10,Maintain,1.0,,
Qwen/Qwen2.5-14B-Instruct,0.7,2_roadster_launch,0,opp_focus,specific,0.9999999999117192,30,0.0,2.4783576261415975e-10,Maintain,1.0,,
Qwen/Qwen2.5-14B-Instruct,0.7,2_roadster_launch,0,randomized_numbers,generic,0.9999999999117192,30,0.0,2.4783576261415975e-10,Maintain,1.0,,
Qwen/Qwen2.5-14B-Instruct,0.7,2_roadster_launch,0,randomized_numbers,specific,0.9999999999117192,30,0.0,2.4783576261415975e-10,Maintain,1.0,,
Qwen/Qwen2.5-14B-Instruct,0.7,2_roadster_launch,1,base,generic,0.9999999999117192,30,0.0,2.4783576261415975e-10,Maintain,1.0,,
Qwen/Qwen2.5-14B-Instruct,0.7,2_roadster_launch,1,base,specific,0.9999999999117192,30,0.0,2.4783576261415975e-10,Maintain,1.0,,
Qwen/Qwen2.5-14B-Instruct,0.7,2_roadster_launch,1,competitive_dynamics,specific,0.9999999999117192,30,0.0,2.4783576261415975e-10,Maintain,1.0,,
Qwen/Qwen2.5-14B-Instruct,0.7,2_roadster_launch,1,count_fact,generic,0.9999999999117192,30,0.0,2.4783576261415975e-10,Maintain,1.0,,
Qwen/Qwen2.5-14B-Instruct,0.7,2_roadster_launch,1,count_fact,specific,0.9999999999117192,30,0.0,2.4783576261415975e-10,Maintain,1.0,,
Qwen/Qwen2.5-14B-Instruct,0.7,2_roadster_launch,1,opp_focus,generic,0.9999999999117192,30,0.0,2.4783576261415975e-10,Maintain,1.0,,
Qwen/Qwen2.5-14B-Instruct,0.7,2_roadster_launch,1,opp_focus,specific,0.9999999999117192,30,0.0,2.4783576261415975e-10,Maintain,1.0,,
Qwen/Qwen2.5-14B-Instruct,0.7,2_roadster_launch,1,randomized_numbers,generic,0.9999999999117192,30,0.0,2.4783576261415975e-10,Maintain,1.0,,
Qwen/Qwen2.5-14B-Instruct,0.7,2_roadster_launch,1,randomized_numbers,specific,0.9999999999117192,30,0.0,2.4783576261415975e-10,Maintain,1.0,,
Qwen/Qwen2.5-14B-Instruct,0.7,2_roadster_launch,2,base,generic,0.9999999999117192,30,0.0,2.4783576261415975e-10,Maintain,1.0,,
Qwen/Qwen2.5-14B-Instruct,0.7,2_roadster_launch,2,base,specific,0.9999999999117192,30,0.0,2.4783576261415975e-10,Maintain,1.0,,
Qwen/Qwen2.5-14B-Instruct,0.7,2_roadster_launch,2,count_fact,generic,0.9999999999117192,30,0.0,2.4783576261415975e-10,Maintain,1.0,,
Qwen/Qwen2.5-14B-Instruct,0.7,2_roadster_launch,2,count_fact,specific,0.9999999999117192,30,0.0,2.4783576261415975e-10,Maintain,1.0,,
Qwen/Qwen2.5-14B-Instruct,0.7,2_roadster_launch,2,opp_focus,generic,0.9999999999117192,30,0.0,2.4783576261415975e-10,Maintain,1.0,,
Qwen/Qwen2.5-14B-Instruct,0.7,2_roadster_launch,2,opp_focus,specific,0.9999999999117192,30,0.0,2.4783576261415975e-10,Maintain,1.0,,
Qwen/Qwen2.5-14B-Instruct,0.7,2_roadster_launch,2,randomized_numbers,generic,0.9999999999117192,30,0.0,2.4783576261415975e-10,Maintain,1.0,,
Qwen/Qwen2.5-14B-Instruct,0.7,2_roadster_launch,2,randomized_numbers,specific,0.9999999999117192,30,0.0,2.4783576261415975e-10,Maintain,1.0,,
Qwen/Qwen2.5-14B-Instruct,0.7,2_roadster_launch,3,base,generic,0.9999999999117192,30,0.0,2.4783576261415975e-10,Maintain,1.0,,
Qwen/Qwen2.5-14B-Instruct,0.7,2_roadster_launch,3,base,specific,0.9999999999117192,30,0.0,2.4783576261415975e-10,Maintain,1.0,,
Qwen/Qwen2.5-14B-Instruct,0.7,2_roadster_launch,3,competitive_dynamics,generic,0.9999999999117192,30,0.0,2.4783576261415975e-10,Maintain,1.0,,
Qwen/Qwen2.5-14B-Instruct,0.7,2_roadster_launch,3,competitive_dynamics,specific,0.9999999999117192,30,0.0,2.4783576261415975e-10,Maintain,1.0,,
Qwen/Qwen2.5-14B-Instruct,0.7,2_roadster_launch,3,count_fact,generic,0.9999999999117192,30,0.0,2.4783576261415975e-10,Maintain,1.0,,
Qwen/Qwen2.5-14B-Instruct,0.7,2_roadster_launch,3,count_fact,specific,0.9999999999117192,30,0.0,2.4783576261415975e-10,Maintain,1.0,,
Qwen/Qwen2.5-14B-Instruct,0.7,2_roadster_launch,3,opp_focus,generic,0.9999999999117192,30,0.0,2.4783576261415975e-10,Maintain,1.0,,
Qwen/Qwen2.5-14B-Instruct,0.7,2_roadster_launch,3,opp_focus,specific,0.9999999999117192,30,0.0,2.4783576261415975e-10,Maintain,1.0,,
Qwen/Qwen2.5-14B-Instruct,0.7,2_roadster_launch,3,randomized_numbers,generic,0.9999999999117192,30,0.0,2.4783576261415975e-10,Maintain,1.0,,
Qwen/Qwen2.5-14B-Instruct,0.7,2_roadster_launch,3,randomized_numbers,specific,0.9999999999117192,30,0.0,2.4783576261415975e-10,Maintain,1.0,,
Qwen/Qwen2.5-14B-Instruct,0.7,2_roadster_launch,4,base,generic,0.9999999999117192,30,0.0,2.4783576261415975e-10,Maintain,1.0,,
Qwen/Qwen2.5-14B-Instruct,0.7,2_roadster_launch,4,base,specific,0.9999999999117192,30,0.0,2.4783576261415975e-10,Maintain,1.0,,
Qwen/Qwen2.5-14B-Instruct,0.7,2_roadster_launch,4,competitive_dynamics,specific,0.9999999999117192,30,0.0,2.4783576261415975e-10,Maintain,1.0,,
Qwen/Qwen2.5-14B-Instruct,0.7,2_roadster_launch,4,count_fact,generic,0.9999999999117192,30,0.0,2.4783576261415975e-10,Maintain,1.0,,
Qwen/Qwen2.5-14B-Instruct,0.7,2_roadster_launch,4,count_fact,specific,0.9999999999117192,30,0.0,2.4783576261415975e-10,Maintain,1.0,,
Qwen/Qwen2.5-14B-Instruct,0.7,2_roadster_launch,4,opp_focus,generic,0.9999999999117192,30,0.0,2.4783576261415975e-10,Maintain,1.0,,
Qwen/Qwen2.5-14B-Instruct,0.7,2_roadster_launch,4,opp_focus,specific,0.9999999999117192,30,0.0,2.4783576261415975e-10,Maintain,1.0,,
Qwen/Qwen2.5-14B-Instruct,0.7,2_roadster_launch,4,randomized_numbers,generic,0.9999999999117192,30,0.0,2.4783576261415975e-10,Maintain,1.0,,
Qwen/Qwen2.5-14B-Instruct,0.7,2_roadster_launch,4,randomized_numbers,specific,0.9999999999117192,30,0.0,2.4783576261415975e-10,Maintain,1.0,,
Qwen/Qwen2.5-14B-Instruct,0.7,3_model_s_launch,0,base,generic,0.9999999999117192,30,0.0,2.4783576261415975e-10,Maintain,1.0,,
Qwen/Qwen2.5-14B-Instruct,0.7,3_model_s_launch,0,competitive_dynamics,generic,0.9999999999117192,30,0.0,2.4783576261415975e-10,Maintain,1.0,,
Qwen/Qwen2.5-14B-Instruct,0.7,3_model_s_launch,0,count_fact,generic,0.9999999999117192,30,0.0,2.4783576261415975e-10,Maintain,1.0,,
Qwen/Qwen2.5-14B-Instruct,0.7,3_model_s_launch,0,opp_focus,generic,0.9999999999117192,30,0.0,2.4783576261415975e-10,Maintain,1.0,,
Qwen/Qwen2.5-14B-Instruct,0.7,3_model_s_launch,0,randomized_numbers,generic,0.9999999999117192,30,0.0,2.4783576261415975e-10,Maintain,1.0,,
Qwen/Qwen2.5-14B-Instruct,0.7,3_model_s_launch,1,count_fact,generic,0.9999999999117192,30,0.0,2.4783576261415975e-10,Maintain,1.0,,
Qwen/Qwen2.5-14B-Instruct,0.7,4_model_x_launch,0,base,specific,0.9999999999117192,30,0.0,2.4783576261415975e-10,Retrenchment,1.0,,
Qwen/Qwen2.5-14B-Instruct,0.7,4_model_x_launch,0,competitive_dynamics,specific,0.9999999999117192,30,0.0,2.4783576261415975e-10,Retrenchment,1.0,,
Qwen/Qwen2.5-14B-Instruct,0.7,4_model_x_launch,0,count_fact,specific,0.9999999999117192,30,0.0,2.4783576261415975e-10,Retrenchment,1.0,,
Qwen/Qwen2.5-14B-Instruct,0.7,4_model_x_launch,0,opp_focus,specific,0.9999999999117192,30,0.0,2.4783576261415975e-10,Retrenchment,1.0,,
Qwen/Qwen2.5-14B-Instruct,0.7,4_model_x_launch,0,randomized_numbers,specific,0.9999999999117192,30,0.0,2.4783576261415975e-10,Retrenchment,1.0,,
Qwen/Qwen2.5-14B-Instruct,0.7,4_model_x_launch,2,base,specific,0.9999999999117192,30,0.0,2.4783576261415975e-10,Retrenchment,1.0,,
Qwen/Qwen2.5-14B-Instruct,0.7,4_model_x_launch,3,base,generic,0.9999999999117192,30,0.0,2.4783576261415975e-10,Retrenchment,1.0,,
Qwen/Qwen2.5-14B-Instruct,0.7,4_model_x_launch,3,base,specific,0.9999999999117192,30,0.0,2.4783576261415975e-10,Retrenchment,1.0,,
Qwen/Qwen2.5-14B-Instruct,0.7,4_model_x_launch,3,randomized_numbers,generic,0.9999999999117192,30,0.0,2.4783576261415975e-10,Retrenchment,1.0,,
Qwen/Qwen2.5-14B-Instruct,0.7,4_model_x_launch,3,randomized_numbers,specific,0.9999999999117192,30,0.0,2.4783576261415975e-10,Retrenchment,1.0,,
Qwen/Qwen2.5-14B-Instruct,0.7,4_model_x_launch,4,base,generic,0.9999999999117192,30,0.0,2.4783576261415975e-10,Retrenchment,1.0,,
Qwen/Qwen2.5-14B-Instruct,0.7,4_model_x_launch,4,base,specific,0.9999999999117192,30,0.0,2.4783576261415975e-10,Retrenchment,1.0,,
Qwen/Qwen2.5-14B-Instruct,0.7,4_model_x_launch,4,count_fact,specific,0.9999999999117192,30,0.0,2.4783576261415975e-10,Retrenchment,1.0,,
Qwen/Qwen2.5-14B-Instruct,0.7,4_model_x_launch,4,randomized_numbers,generic,0.9999999999117192,30,0.0,2.4783576261415975e-10,Retrenchment,1.0,,
Qwen/Qwen2.5-14B-Instruct,0.7,5_model_3_mass_market,0,base,specific,0.9999999999117192,30,0.0,2.4783576261415975e-10,Maintain,1.0,,
Qwen/Qwen2.5-14B-Instruct,0.7,5_model_3_mass_market,0,competitive_dynamics,specific,0.9999999999117192,30,0.0,2.4783576261415975e-10,Maintain,1.0,,
Qwen/Qwen2.5-14B-Instruct,0.7,5_model_3_mass_market,0,count_fact,specific,0.9999999999117192,30,0.0,2.4783576261415975e-10,Maintain,1.0,,
Qwen/Qwen2.5-14B-Instruct,0.7,5_model_3_mass_market,0,opp_focus,specific,0.9999999999117192,30,0.0,2.4783576261415975e-10,Maintain,1.0,,
Qwen/Qwen2.5-14B-Instruct,0.7,5_model_3_mass_market,0,randomized_numbers,specific,0.9999999999117192,30,0.0,2.4783576261415975e-10,Maintain,1.0,,
Qwen/Qwen2.5-14B-Instruct,0.7,5_model_3_mass_market,1,base,specific,0.9999999999117192,30,0.0,2.4783576261415975e-10,Maintain,1.0,,
Qwen/Qwen2.5-14B-Instruct,0.7,5_model_3_mass_market,1,competitive_dynamics,specific,0.9999999999117192,30,0.0,2.4783576261415975e-10,Maintain,1.0,,
Qwen/Qwen2.5-14B-Instruct,0.7,5_model_3_mass_market,1,count_fact,specific,0.9999999999117192,30,0.0,2.4783576261415975e-10,Maintain,1.0,,
Qwen/Qwen2.5-14B-Instruct,0.7,5_model_3_mass_market,1,opp_focus,specific,0.9999999999117192,30,0.0,2.4783576261415975e-10,Maintain,1.0,,
Qwen/Qwen2.5-14B-Instruct,0.7,5_model_3_mass_market,1,randomized_numbers,specific,0.9999999999117192,30,0.0,2.4783576261415975e-10,Maintain,1.0,,
Qwen/Qwen2.5-14B-Instruct,0.7,5_model_3_mass_market,2,base,specific,0.9999999999117192,30,0.0,2.4783576261415975e-10,Maintain,1.0,,
Qwen/Qwen2.5-14B-Instruct,0.7,5_model_3_mass_market,2,competitive_dynamics,specific,0.9999999999117192,30,0.0,2.4783576261415975e-10,Maintain,1.0,,
Qwen/Qwen2.5-14B-Instruct,0.7,5_model_3_mass_market,2,count_fact,specific,0.9999999999117192,30,0.0,2.4783576261415975e-10,Maintain,1.0,,
Qwen/Qwen2.5-14B-Instruct,0.7,5_model_3_mass_market,2,opp_focus,specific,0.9999999999117192,30,0.0,2.4783576261415975e-10,Maintain,1.0,,
Qwen/Qwen2.5-14B-Instruct,0.7,5_model_3_mass_market,2,randomized_numbers,specific,0.9999999999117192,30,0.0,2.4783576261415975e-10,Maintain,1.0,,
Qwen/Qwen2.5-14B-Instruct,0.7,5_model_3_mass_market,3,base,specific,0.9999999999117192,30,0.0,2.4783576261415975e-10,Maintain,1.0,,
Qwen/Qwen2.5-14B-Instruct,0.7,5_model_3_mass_market,3,competitive_dynamics,specific,0.9999999999117192,30,0.0,2.4783576261415975e-10,Maintain,1.0,,
Qwen/Qwen2.5-14B-Instruct,0.7,5_model_3_mass_market,3,count_fact,specific,0.9999999999117192,30,0.0,2.4783576261415975e-10,Maintain,1.0,,
Qwen/Qwen2.5-14B-Instruct,0.7,5_model_3_mass_market,3,opp_focus,specific,0.9999999999117192,30,0.0,2.4783576261415975e-10,Maintain,1.0,,
Qwen/Qwen2.5-14B-Instruct,0.7,5_model_3_mass_market,3,randomized_numbers,specific,0.9999999999117192,30,0.0,2.4783576261415975e-10,Maintain,1.0,,
Qwen/Qwen2.5-14B-Instruct,0.7,5_model_3_mass_market,4,base,specific,0.9999999999117192,30,0.0,2.4783576261415975e-10,Maintain,1.0,,
Qwen/Qwen2.5-14B-Instruct,0.7,5_model_3_mass_market,4,competitive_dynamics,specific,0.9999999999117192,30,0.0,2.4783576261415975e-10,Maintain,1.0,,
Qwen/Qwen2.5-14B-Instruct,0.7,5_model_3_mass_market,4,count_fact,specific,0.9999999999117192,30,0.0,2.4783576261415975e-10,Maintain,1.0,,
Qwen/Qwen2.5-14B-Instruct,0.7,5_model_3_mass_market,4,opp_focus,specific,0.9999999999117192,30,0.0,2.4783576261415975e-10,Maintain,1.0,,
Qwen/Qwen2.5-14B-Instruct,0.7,5_model_3_mass_market,4,randomized_numbers,specific,0.9999999999117192,30,0.0,2.4783576261415975e-10,Maintain,1.0,,
Qwen/Qwen2.5-14B-Instruct,0.7,1_founder_period,0,base,generic,0.9999999999117193,30,0.0,2.478354422715094e-10,Niche Focus,1.0,,
Qwen/Qwen2.5-14B-Instruct,0.7,1_founder_period,0,competitive_dynamics,generic,0.9999999999117193,30,0.0,2.478354422715094e-10,Niche Focus,1.0,,
Qwen/Qwen2.5-14B-Instruct,0.7,1_founder_period,0,count_fact,generic,0.9999999999117193,30,0.0,2.478354422715094e-10,Niche Focus,1.0,,
Qwen/Qwen2.5-14B-Instruct,0.7,1_founder_period,0,opp_focus,generic,0.9999999999117193,30,0.0,2.478354422715094e-10,Niche Focus,1.0,,
Qwen/Qwen2.5-14B-Instruct,0.7,1_founder_period,0,randomized_numbers,generic,0.9999999999117193,30,0.0,2.478354422715094e-10,Niche Focus,1.0,,
Qwen/Qwen2.5-14B-Instruct,0.7,1_founder_period,1,base,generic,0.9999999999117193,30,0.0,2.478354422715094e-10,Niche Focus,1.0,,
Qwen/Qwen2.5-14B-Instruct,0.7,1_founder_period,1,base,specific,0.9999999999117193,30,0.0,2.478354422715094e-10,Niche Focus,1.0,,
Qwen/Qwen2.5-14B-Instruct,0.7,1_founder_period,1,competitive_dynamics,generic,0.9999999999117193,30,0.0,2.478354422715094e-10,Niche Focus,1.0,,
Qwen/Qwen2.5-14B-Instruct,0.7,1_founder_period,1,count_fact,generic,0.9999999999117193,30,0.0,2.478354422715094e-10,Niche Focus,1.0,,
Qwen/Qwen2.5-14B-Instruct,0.7,1_founder_period,1,count_fact,specific,0.9999999999117193,30,0.0,2.478354422715094e-10,Niche Focus,1.0,,
Qwen/Qwen2.5-14B-Instruct,0.7,1_founder_period,1,opp_focus,generic,0.9999999999117193,30,0.0,2.478354422715094e-10,Niche Focus,1.0,,
Qwen/Qwen2.5-14B-Instruct,0.7,1_founder_period,1,randomized_numbers,generic,0.9999999999117193,30,0.0,2.478354422715094e-10,Niche Focus,1.0,,
Qwen/Qwen2.5-14B-Instruct,0.7,1_founder_period,2,base,generic,0.9999999999117193,30,0.0,2.478354422715094e-10,Niche Focus,1.0,,
Qwen/Qwen2.5-14B-Instruct,0.7,1_founder_period,2,competitive_dynamics,generic,0.9999999999117193,30,0.0,2.478354422715094e-10,Niche Focus,1.0,,
Qwen/Qwen2.5-14B-Instruct,0.7,1_founder_period,2,count_fact,generic,0.9999999999117193,30,0.0,2.478354422715094e-10,Niche Focus,1.0,,
Qwen/Qwen2.5-14B-Instruct,0.7,1_founder_period,2,count_fact,specific,0.9999999999117193,30,0.0,2.478354422715094e-10,Niche Focus,1.0,,
Qwen/Qwen2.5-14B-Instruct,0.7,1_founder_period,2,opp_focus,generic,0.9999999999117193,30,0.0,2.478354422715094e-10,Niche Focus,1.0,,
Qwen/Qwen2.5-14B-Instruct,0.7,1_founder_period,2,randomized_numbers,generic,0.9999999999117193,30,0.0,2.478354422715094e-10,Niche Focus,1.0,,
Qwen/Qwen2.5-14B-Instruct,0.7,1_founder_period,3,base,generic,0.9999999999117193,30,0.0,2.478354422715094e-10,Niche Focus,1.0,,
Qwen/Qwen2.5-14B-Instruct,0.7,1_founder_period,3,base,specific,0.9999999999117193,30,0.0,2.478354422715094e-10,Niche Focus,1.0,,
Qwen/Qwen2.5-14B-Instruct,0.7,1_founder_period,3,competitive_dynamics,generic,0.9999999999117193,30,0.0,2.478354422715094e-10,Niche Focus,1.0,,
Qwen/Qwen2.5-14B-Instruct,0.7,1_founder_period,3,count_fact,generic,0.9999999999117193,30,0.0,2.478354422715094e-10,Niche Focus,1.0,,
Qwen/Qwen2.5-14B-Instruct,0.7,1_founder_period,3,count_fact,specific,0.9999999999117193,30,0.0,2.478354422715094e-10,Niche Focus,1.0,,
Qwen/Qwen2.5-14B-Instruct,0.7,1_founder_period,3,opp_focus,generic,0.9999999999117193,30,0.0,2.478354422715094e-10,Niche Focus,1.0,,
Qwen/Qwen2.5-14B-Instruct,0.7,1_founder_period,3,randomized_numbers,generic,0.9999999999117193,30,0.0,2.478354422715094e-10,Niche Focus,1.0,,
Qwen/Qwen2.5-14B-Instruct,0.7,1_founder_period,3,randomized_numbers,specific,0.9999999999117193,30,0.0,2.478354422715094e-10,Niche Focus,1.0,,
Qwen/Qwen2.5-14B-Instruct,0.7,1_founder_period,4,base,generic,0.9999999999117193,30,0.0,2.478354422715094e-10,Niche Focus,1.0,,
Qwen/Qwen2.5-14B-Instruct,0.7,1_founder_period,4,competitive_dynamics,generic,0.9999999999117193,30,0.0,2.478354422715094e-10,Niche Focus,1.0,,
Qwen/Qwen2.5-14B-Instruct,0.7,1_founder_period,4,count_fact,generic,0.9999999999117193,30,0.0,2.478354422715094e-10,Niche Focus,1.0,,
Qwen/Qwen2.5-14B-Instruct,0.7,1_founder_period,4,count_fact,specific,0.9999999999117193,30,0.0,2.478354422715094e-10,Niche Focus,1.0,,
Qwen/Qwen2.5-14B-Instruct,0.7,1_founder_period,4,randomized_numbers,generic,0.9999999999117193,30,0.0,2.478354422715094e-10,Niche Focus,1.0,,
Qwen/Qwen2.5-14B-Instruct,0.7,1_founder_period,5,base,generic,0.9999999999117193,30,0.0,2.478354422715094e-10,Niche Focus,1.0,,
Qwen/Qwen2.5-14B-Instruct,0.7,1_founder_period,5,competitive_dynamics,generic,0.9999999999117193,30,0.0,2.478354422715094e-10,Niche Focus,1.0,,
Qwen/Qwen2.5-14B-Instruct,0.7,1_founder_period,5,count_fact,generic,0.9999999999117193,30,0.0,2.478354422715094e-10,Niche Focus,1.0,,
Qwen/Qwen2.5-14B-Instruct,0.7,1_founder_period,5,count_fact,specific,0.9999999999117193,30,0.0,2.478354422715094e-10,Niche Focus,1.0,,
Qwen/Qwen2.5-14B-Instruct,0.7,1_founder_period,5,randomized_numbers,generic,0.9999999999117193,30,0.0,2.478354422715094e-10,Niche Focus,1.0,,
Qwen/Qwen2.5-14B-Instruct,0.7,1_founder_period,5,randomized_numbers,specific,0.9999999999117193,30,0.0,2.478354422715094e-10,Niche Focus,1.0,,
Qwen/Qwen2.5-14B-Instruct,0.7,1_founder_period,6,base,generic,0.9999999999117193,30,0.0,2.478354422715094e-10,Niche Focus,1.0,,
Qwen/Qwen2.5-14B-Instruct,0.7,1_founder_period,6,competitive_dynamics,generic,0.9999999999117193,23,0.0,2.478354422715094e-10,Niche Focus,1.0,,
Qwen/Qwen2.5-14B-Instruct,0.7,1_founder_period,6,count_fact,generic,0.9999999999117193,30,0.0,2.478354422715094e-10,Niche Focus,1.0,,
Qwen/Qwen2.5-14B-Instruct,0.7,1_founder_period,6,count_fact,specific,0.9999999999117193,28,0.0,2.478354422715094e-10,Niche Focus,1.0,,
Qwen/Qwen2.5-14B-Instruct,0.7,1_founder_period,6,randomized_numbers,generic,0.9999999999117193,30,0.0,2.478354422715094e-10,Niche Focus,1.0,,
Qwen/Qwen2.5-14B-Instruct,0.7,6_energy_infra,2,base,generic,0.9999999999117193,30,0.0,2.478354422715094e-10,Diversification,1.0,,
Qwen/Qwen2.5-14B-Instruct,0.7,6_energy_infra,2,opp_focus,generic,0.9999999999117193,30,0.0,2.478354422715094e-10,Diversification,1.0,,
Qwen/Qwen2.5-14B-Instruct,0.7,6_energy_infra,2,opp_focus,specific,0.9999999999117193,30,0.0,2.478354422715094e-10,Diversification,1.0,,
Qwen/Qwen2.5-14B-Instruct,0.7,6_energy_infra,2,randomized_numbers,generic,0.9999999999117193,30,0.0,2.478354422715094e-10,Diversification,1.0,,
Qwen/Qwen2.5-14B-Instruct,0.7,6_energy_infra,3,base,generic,0.9999999999117193,30,0.0,2.478354422715094e-10,Diversification,1.0,,
Qwen/Qwen2.5-14B-Instruct,0.7,6_energy_infra,3,opp_focus,generic,0.9999999999117193,30,0.0,2.478354422715094e-10,Diversification,1.0,,
Qwen/Qwen2.5-14B-Instruct,0.7,6_energy_infra,3,opp_focus,specific,0.9999999999117193,30,0.0,2.478354422715094e-10,Diversification,1.0,,
Qwen/Qwen2.5-14B-Instruct,0.7,6_energy_infra,3,randomized_numbers,generic,0.9999999999117193,30,0.0,2.478354422715094e-10,Diversification,1.0,,
Qwen/Qwen2.5-14B-Instruct,0.7,6_energy_infra,4,base,generic,0.9999999999117193,30,0.0,2.478354422715094e-10,Diversification,1.0,,
Qwen/Qwen2.5-14B-Instruct,0.7,6_energy_infra,4,base,specific,0.9999999999117193,30,0.0,2.478354422715094e-10,Diversification,1.0,,
Qwen/Qwen2.5-14B-Instruct,0.7,6_energy_infra,4,competitive_dynamics,generic,0.9999999999117193,30,0.0,2.478354422715094e-10,Diversification,1.0,,
Qwen/Qwen2.5-14B-Instruct,0.7,6_energy_infra,4,opp_focus,generic,0.9999999999117193,30,0.0,2.478354422715094e-10,Diversification,1.0,,
Qwen/Qwen2.5-14B-Instruct,0.7,6_energy_infra,4,opp_focus,specific,0.9999999999117193,30,0.0,2.478354422715094e-10,Diversification,1.0,,
Qwen/Qwen2.5-14B-Instruct,0.7,6_energy_infra,4,randomized_numbers,generic,0.9999999999117193,30,0.0,2.478354422715094e-10,Diversification,1.0,,
Qwen/Qwen2.5-14B-Instruct,0.7,6_energy_infra,4,randomized_numbers,specific,0.9999999999117193,30,0.0,2.478354422715094e-10,Diversification,1.0,,
Qwen/Qwen2.5-14B-Instruct,0.7,1_founder_period,1,competitive_dynamics,specific,0.9999999999117194,30,0.0,2.4783512192885906e-10,Technology Leadership,1.0,,
Qwen/Qwen2.5-14B-Instruct,0.7,1_founder_period,1,opp_focus,specific,0.9999999999117194,30,0.0,2.4783512192885906e-10,Technology Leadership,1.0,,
Qwen/Qwen2.5-14B-Instruct,0.7,1_founder_period,2,competitive_dynamics,specific,0.9999999999117194,30,0.0,2.4783512192885906e-10,Technology Leadership,1.0,,
Qwen/Qwen2.5-14B-Instruct,0.7,1_founder_period,2,opp_focus,specific,0.9999999999117194,30,0.0,2.4783512192885906e-10,Technology Leadership,1.0,,
Qwen/Qwen2.5-14B-Instruct,0.7,1_founder_period,3,competitive_dynamics,specific,0.9999999999117194,30,0.0,2.4783512192885906e-10,Technology Leadership,1.0,,
Qwen/Qwen2.5-14B-Instruct,0.7,1_founder_period,3,opp_focus,specific,0.9999999999117194,30,0.0,2.4783512192885906e-10,Technology Leadership,1.0,,
Qwen/Qwen2.5-14B-Instruct,0.7,1_founder_period,4,competitive_dynamics,specific,0.9999999999117194,30,0.0,2.4783512192885906e-10,Technology Leadership,1.0,,
Qwen/Qwen2.5-14B-Instruct,0.7,1_founder_period,4,opp_focus,specific,0.9999999999117194,30,0.0,2.4783512192885906e-10,Technology Leadership,1.0,,
Qwen/Qwen2.5-14B-Instruct,0.7,1_founder_period,5,competitive_dynamics,specific,0.9999999999117194,30,0.0,2.4783512192885906e-10,Technology Leadership,1.0,,
Qwen/Qwen2.5-14B-Instruct,0.7,1_founder_period,5,opp_focus,generic,0.9999999999117194,30,0.0,2.4783512192885906e-10,Technology Leadership,1.0,,
Qwen/Qwen2.5-14B-Instruct,0.7,1_founder_period,5,opp_focus,specific,0.9999999999117194,30,0.0,2.4783512192885906e-10,Technology Leadership,1.0,,
Qwen/Qwen2.5-14B-Instruct,0.7,1_founder_period,6,competitive_dynamics,specific,0.9999999999117194,26,0.0,2.4783512192885906e-10,Technology Leadership,1.0,,
Qwen/Qwen2.5-14B-Instruct,0.7,1_founder_period,6,opp_focus,generic,0.9999999999117194,29,0.0,2.4783512192885906e-10,Technology Leadership,1.0,,
Qwen/Qwen2.5-14B-Instruct,0.7,1_founder_period,6,opp_focus,specific,0.9999999999117194,29,0.0,2.4783512192885906e-10,Technology Leadership,1.0,,
Qwen/Qwen2.5-14B-Instruct,0.7,3_model_s_launch,1,base,specific,0.9999999999117194,30,0.0,2.4783512192885906e-10,Fast Follower,1.0,,
Qwen/Qwen2.5-14B-Instruct,0.7,3_model_s_launch,1,opp_focus,generic,0.9999999999117194,30,0.0,2.4783512192885906e-10,Fast Follower,1.0,,
Qwen/Qwen2.5-14B-Instruct,0.7,3_model_s_launch,1,opp_focus,specific,0.9999999999117194,30,0.0,2.4783512192885906e-10,Fast Follower,1.0,,
Qwen/Qwen2.5-14B-Instruct,0.7,3_model_s_launch,1,randomized_numbers,specific,0.9999999999117194,30,0.0,2.4783512192885906e-10,Fast Follower,1.0,,
Qwen/Qwen2.5-14B-Instruct,0.7,3_model_s_launch,2,base,generic,0.9999999999117194,30,0.0,2.4783512192885906e-10,Fast Follower,1.0,,
Qwen/Qwen2.5-14B-Instruct,0.7,3_model_s_launch,2,base,specific,0.9999999999117194,30,0.0,2.4783512192885906e-10,Fast Follower,1.0,,
Qwen/Qwen2.5-14B-Instruct,0.7,3_model_s_launch,2,competitive_dynamics,generic,0.9999999999117194,30,0.0,2.4783512192885906e-10,Fast Follower,1.0,,
Qwen/Qwen2.5-14B-Instruct,0.7,3_model_s_launch,2,opp_focus,generic,0.9999999999117194,30,0.0,2.4783512192885906e-10,Fast Follower,1.0,,
Qwen/Qwen2.5-14B-Instruct,0.7,3_model_s_launch,2,opp_focus,specific,0.9999999999117194,30,0.0,2.4783512192885906e-10,Fast Follower,1.0,,
Qwen/Qwen2.5-14B-Instruct,0.7,3_model_s_launch,2,randomized_numbers,generic,0.9999999999117194,30,0.0,2.4783512192885906e-10,Fast Follower,1.0,,
Qwen/Qwen2.5-14B-Instruct,0.7,3_model_s_launch,2,randomized_numbers,specific,0.9999999999117194,30,0.0,2.4783512192885906e-10,Fast Follower,1.0,,
Qwen/Qwen2.5-14B-Instruct,0.7,3_model_s_launch,3,base,generic,0.9999999999117194,30,0.0,2.4783512192885906e-10,Fast Follower,1.0,,
Qwen/Qwen2.5-14B-Instruct,0.7,3_model_s_launch,3,base,specific,0.9999999999117194,30,0.0,2.4783512192885906e-10,Fast Follower,1.0,,
Qwen/Qwen2.5-14B-Instruct,0.7,3_model_s_launch,3,competitive_dynamics,generic,0.9999999999117194,30,0.0,2.4783512192885906e-10,Fast Follower,1.0,,
Qwen/Qwen2.5-14B-Instruct,0.7,3_model_s_launch,3,competitive_dynamics,specific,0.9999999999117194,30,0.0,2.4783512192885906e-10,Fast Follower,1.0,,
Qwen/Qwen2.5-14B-Instruct,0.7,3_model_s_launch,3,count_fact,specific,0.9999999999117194,30,0.0,2.4783512192885906e-10,Fast Follower,1.0,,
Qwen/Qwen2.5-14B-Instruct,0.7,3_model_s_launch,3,opp_focus,generic,0.9999999999117194,30,0.0,2.4783512192885906e-10,Fast Follower,1.0,,
Qwen/Qwen2.5-14B-Instruct,0.7,3_model_s_launch,3,opp_focus,specific,0.9999999999117194,30,0.0,2.4783512192885906e-10,Fast Follower,1.0,,
Qwen/Qwen2.5-14B-Instruct,0.7,3_model_s_launch,3,randomized_numbers,generic,0.9999999999117194,30,0.0,2.4783512192885906e-10,Fast Follower,1.0,,
Qwen/Qwen2.5-14B-Instruct,0.7,3_model_s_launch,3,randomized_numbers,specific,0.9999999999117194,30,0.0,2.4783512192885906e-10,Fast Follower,1.0,,
Qwen/Qwen2.5-14B-Instruct,0.7,4_model_x_launch,0,base,generic,0.9999999999117194,30,0.0,2.4783512192885906e-10,Open Innovation,1.0,,
Qwen/Qwen2.5-14B-Instruct,0.7,4_model_x_launch,0,competitive_dynamics,generic,0.9999999999117194,30,0.0,2.4783512192885906e-10,Open Innovation,1.0,,
Qwen/Qwen2.5-14B-Instruct,0.7,4_model_x_launch,0,count_fact,generic,0.9999999999117194,30,0.0,2.4783512192885906e-10,Open Innovation,1.0,,
Qwen/Qwen2.5-14B-Instruct,0.7,4_model_x_launch,0,opp_focus,generic,0.9999999999117194,30,0.0,2.4783512192885906e-10,Open Innovation,1.0,,
Qwen/Qwen2.5-14B-Instruct,0.7,4_model_x_launch,0,randomized_numbers,generic,0.9999999999117194,30,0.0,2.4783512192885906e-10,Open Innovation,1.0,,
Qwen/Qwen2.5-14B-Instruct,0.7,4_model_x_launch,1,base,generic,0.9999999999117194,30,0.0,2.4783512192885906e-10,Open Innovation,1.0,,
Qwen/Qwen2.5-14B-Instruct,0.7,4_model_x_launch,1,competitive_dynamics,generic,0.9999999999117194,30,0.0,2.4783512192885906e-10,Open Innovation,1.0,,
Qwen/Qwen2.5-14B-Instruct,0.7,4_model_x_launch,1,count_fact,generic,0.9999999999117194,30,0.0,2.4783512192885906e-10,Open Innovation,1.0,,
Qwen/Qwen2.5-14B-Instruct,0.7,4_model_x_launch,1,count_fact,specific,0.9999999999117194,30,0.0,2.4783512192885906e-10,Open Innovation,1.0,,
Qwen/Qwen2.5-14B-Instruct,0.7,4_model_x_launch,1,opp_focus,generic,0.9999999999117194,30,0.0,2.4783512192885906e-10,Open Innovation,1.0,,
Qwen/Qwen2.5-14B-Instruct,0.7,4_model_x_launch,1,opp_focus,specific,0.9999999999117194,30,0.0,2.4783512192885906e-10,Open Innovation,1.0,,
Qwen/Qwen2.5-14B-Instruct,0.7,4_model_x_launch,1,randomized_numbers,generic,0.9999999999117194,30,0.0,2.4783512192885906e-10,Open Innovation,1.0,,
Qwen/Qwen2.5-14B-Instruct,0.7,4_model_x_launch,2,count_fact,generic,0.9999999999117194,30,0.0,2.4783512192885906e-10,Open Innovation,1.0,,
Qwen/Qwen2.5-14B-Instruct,0.7,4_model_x_launch,2,opp_focus,generic,0.9999999999117194,30,0.0,2.4783512192885906e-10,Open Innovation,1.0,,
Qwen/Qwen2.5-14B-Instruct,0.7,4_model_x_launch,3,competitive_dynamics,generic,0.9999999999117194,30,0.0,2.4783512192885906e-10,Open Innovation,1.0,,
Qwen/Qwen2.5-14B-Instruct,0.7,4_model_x_launch,3,count_fact,generic,0.9999999999117194,30,0.0,2.4783512192885906e-10,Open Innovation,1.0,,
Qwen/Qwen2.5-14B-Instruct,0.7,4_model_x_launch,3,opp_focus,generic,0.9999999999117194,30,0.0,2.4783512192885906e-10,Open Innovation,1.0,,
Qwen/Qwen2.5-14B-Instruct,0.7,4_model_x_launch,4,count_fact,generic,0.9999999999117194,30,0.0,2.4783512192885906e-10,Open Innovation,1.0,,
Qwen/Qwen2.5-14B-Instruct,0.7,4_model_x_launch,4,opp_focus,specific,0.9999999999117194,30,0.0,2.4783512192885906e-10,Technology Leadership,1.0,,
Qwen/Qwen2.5-14B-Instruct,0.7,5_model_3_mass_market,0,base,generic,0.9999999999117194,30,0.0,2.4783512192885906e-10,Open Innovation,1.0,,
Qwen/Qwen2.5-14B-Instruct,0.7,5_model_3_mass_market,0,competitive_dynamics,generic,0.9999999999117194,30,0.0,2.4783512192885906e-10,Open Innovation,1.0,,
Qwen/Qwen2.5-14B-Instruct,0.7,5_model_3_mass_market,0,count_fact,generic,0.9999999999117194,30,0.0,2.4783512192885906e-10,Open Innovation,1.0,,
Qwen/Qwen2.5-14B-Instruct,0.7,5_model_3_mass_market,0,opp_focus,generic,0.9999999999117194,30,0.0,2.4783512192885906e-10,Open Innovation,1.0,,
Qwen/Qwen2.5-14B-Instruct,0.7,5_model_3_mass_market,0,randomized_numbers,generic,0.9999999999117194,30,0.0,2.4783512192885906e-10,Open Innovation,1.0,,
Qwen/Qwen2.5-14B-Instruct,0.7,5_model_3_mass_market,1,base,generic,0.9999999999117194,30,0.0,2.4783512192885906e-10,Open Innovation,1.0,,
Qwen/Qwen2.5-14B-Instruct,0.7,5_model_3_mass_market,1,competitive_dynamics,generic,0.9999999999117194,30,0.0,2.4783512192885906e-10,Open Innovation,1.0,,
Qwen/Qwen2.5-14B-Instruct,0.7,5_model_3_mass_market,1,count_fact,generic,0.9999999999117194,30,0.0,2.4783512192885906e-10,Open Innovation,1.0,,
Qwen/Qwen2.5-14B-Instruct,0.7,5_model_3_mass_market,1,opp_focus,generic,0.9999999999117194,30,0.0,2.4783512192885906e-10,Open Innovation,1.0,,
Qwen/Qwen2.5-14B-Instruct,0.7,5_model_3_mass_market,1,randomized_numbers,generic,0.9999999999117194,30,0.0,2.4783512192885906e-10,Open Innovation,1.0,,
Qwen/Qwen2.5-14B-Instruct,0.7,5_model_3_mass_market,2,base,generic,0.9999999999117194,30,0.0,2.4783512192885906e-10,Open Innovation,1.0,,
Qwen/Qwen2.5-14B-Instruct,0.7,5_model_3_mass_market,2,competitive_dynamics,generic,0.9999999999117194,30,0.0,2.4783512192885906e-10,Open Innovation,1.0,,
Qwen/Qwen2.5-14B-Instruct,0.7,5_model_3_mass_market,2,count_fact,generic,0.9999999999117194,30,0.0,2.4783512192885906e-10,Open Innovation,1.0,,
Qwen/Qwen2.5-14B-Instruct,0.7,5_model_3_mass_market,2,opp_focus,generic,0.9999999999117194,30,0.0,2.4783512192885906e-10,Open Innovation,1.0,,
Qwen/Qwen2.5-14B-Instruct,0.7,5_model_3_mass_market,2,randomized_numbers,generic,0.9999999999117194,30,0.0,2.4783512192885906e-10,Open Innovation,1.0,,
Qwen/Qwen2.5-14B-Instruct,0.7,5_model_3_mass_market,3,base,generic,0.9999999999117194,30,0.0,2.4783512192885906e-10,Open Innovation,1.0,,
Qwen/Qwen2.5-14B-Instruct,0.7,5_model_3_mass_market,3,competitive_dynamics,generic,0.9999999999117194,30,0.0,2.4783512192885906e-10,Open Innovation,1.0,,
Qwen/Qwen2.5-14B-Instruct,0.7,5_model_3_mass_market,3,count_fact,generic,0.9999999999117194,30,0.0,2.4783512192885906e-10,Open Innovation,1.0,,
Qwen/Qwen2.5-14B-Instruct,0.7,5_model_3_mass_market,3,opp_focus,generic,0.9999999999117194,30,0.0,2.4783512192885906e-10,Open Innovation,1.0,,
Qwen/Qwen2.5-14B-Instruct,0.7,5_model_3_mass_market,3,randomized_numbers,generic,0.9999999999117194,30,0.0,2.4783512192885906e-10,Open Innovation,1.0,,
Qwen/Qwen2.5-14B-Instruct,0.7,5_model_3_mass_market,4,base,generic,0.9999999999117194,30,0.0,2.4783512192885906e-10,Open Innovation,1.0,,
Qwen/Qwen2.5-14B-Instruct,0.7,5_model_3_mass_market,4,competitive_dynamics,generic,0.9999999999117194,30,0.0,2.4783512192885906e-10,Open Innovation,1.0,,
Qwen/Qwen2.5-14B-Instruct,0.7,5_model_3_mass_market,4,count_fact,generic,0.9999999999117194,30,0.0,2.4783512192885906e-10,Open Innovation,1.0,,
Qwen/Qwen2.5-14B-Instruct,0.7,5_model_3_mass_market,4,opp_focus,generic,0.9999999999117194,30,0.0,2.4783512192885906e-10,Open Innovation,1.0,,
Qwen/Qwen2.5-14B-Instruct,0.7,5_model_3_mass_market,4,randomized_numbers,generic,0.9999999999117194,30,0.0,2.4783512192885906e-10,Open Innovation,1.0,,
Qwen/Qwen2.5-14B-Instruct,0.7,6_energy_infra,0,base,generic,0.9999999999117194,30,0.0,2.4783512192885906e-10,Open Innovation,1.0,,
Qwen/Qwen2.5-14B-Instruct,0.7,6_energy_infra,0,base,specific,0.9999999999117194,30,0.0,2.4783512192885906e-10,Open Innovation,1.0,,
Qwen/Qwen2.5-14B-Instruct,0.7,6_energy_infra,0,competitive_dynamics,generic,0.9999999999117194,30,0.0,2.4783512192885906e-10,Open Innovation,1.0,,
Qwen/Qwen2.5-14B-Instruct,0.7,6_energy_infra,0,competitive_dynamics,specific,0.9999999999117194,30,0.0,2.4783512192885906e-10,Open Innovation,1.0,,
Qwen/Qwen2.5-14B-Instruct,0.7,6_energy_infra,0,count_fact,generic,0.9999999999117194,30,0.0,2.4783512192885906e-10,Open Innovation,1.0,,
Qwen/Qwen2.5-14B-Instruct,0.7,6_energy_infra,0,count_fact,specific,0.9999999999117194,30,0.0,2.4783512192885906e-10,Open Innovation,1.0,,
Qwen/Qwen2.5-14B-Instruct,0.7,6_energy_infra,0,opp_focus,generic,0.9999999999117194,30,0.0,2.4783512192885906e-10,Open Innovation,1.0,,
Qwen/Qwen2.5-14B-Instruct,0.7,6_energy_infra,0,opp_focus,specific,0.9999999999117194,30,0.0,2.4783512192885906e-10,Open Innovation,1.0,,
Qwen/Qwen2.5-14B-Instruct,0.7,6_energy_infra,0,randomized_numbers,generic,0.9999999999117194,30,0.0,2.4783512192885906e-10,Open Innovation,1.0,,
Qwen/Qwen2.5-14B-Instruct,0.7,6_energy_infra,0,randomized_numbers,specific,0.9999999999117194,30,0.0,2.4783512192885906e-10,Open Innovation,1.0,,
Qwen/Qwen2.5-14B-Instruct,0.7,6_energy_infra,1,base,generic,0.9999999999117194,30,0.0,2.4783512192885906e-10,Open Innovation,1.0,,
Qwen/Qwen2.5-14B-Instruct,0.7,6_energy_infra,1,base,specific,0.9999999999117194,30,0.0,2.4783512192885906e-10,Open Innovation,1.0,,
Qwen/Qwen2.5-14B-Instruct,0.7,6_energy_infra,1,competitive_dynamics,generic,0.9999999999117194,30,0.0,2.4783512192885906e-10,Open Innovation,1.0,,
Qwen/Qwen2.5-14B-Instruct,0.7,6_energy_infra,1,competitive_dynamics,specific,0.9999999999117194,30,0.0,2.4783512192885906e-10,Open Innovation,1.0,,
Qwen/Qwen2.5-14B-Instruct,0.7,6_energy_infra,1,count_fact,specific,0.9999999999117194,30,0.0,2.4783512192885906e-10,Open Innovation,1.0,,
Qwen/Qwen2.5-14B-Instruct,0.7,6_energy_infra,1,opp_focus,specific,0.9999999999117194,30,0.0,2.4783512192885906e-10,Open Innovation,1.0,,
Qwen/Qwen2.5-14B-Instruct,0.7,6_energy_infra,1,randomized_numbers,specific,0.9999999999117194,30,0.0,2.4783512192885906e-10,Open Innovation,1.0,,
Qwen/Qwen2.5-14B-Instruct,0.7,6_energy_infra,2,count_fact,generic,0.9999999999117194,30,0.0,2.4783512192885906e-10,Fast Follower,1.0,,
Qwen/Qwen2.5-14B-Instruct,0.7,6_energy_infra,2,count_fact,specific,0.9999999999117194,30,0.0,2.4783512192885906e-10,Fast Follower,1.0,,
Qwen/Qwen2.5-14B-Instruct,0.7,6_energy_infra,3,competitive_dynamics,specific,0.9999999999117194,30,0.0,2.4783512192885906e-10,Open Innovation,1.0,,
Qwen/Qwen2.5-14B-Instruct,0.7,6_energy_infra,3,count_fact,generic,0.9999999999117194,30,0.0,2.4783512192885906e-10,Fast Follower,1.0,,
Qwen/Qwen2.5-14B-Instruct,0.7,6_energy_infra,3,count_fact,specific,0.9999999999117194,30,0.0,2.4783512192885906e-10,Fast Follower,1.0,,
Qwen/Qwen2.5-14B-Instruct,0.7,6_energy_infra,4,count_fact,generic,0.9999999999117194,30,0.0,2.4783512192885906e-10,Fast Follower,1.0,,
Qwen/Qwen2.5-14B-Instruct,0.7,6_energy_infra,4,count_fact,specific,0.9999999999117194,30,0.0,2.4783512192885906e-10,Fast Follower,1.0,,
deepseek-ai/deepseek-llm-7b-chat,0.0,6_energy_infra,1,base,specific,0.5801693230575586,30,0.5172413793103449,1.1786137173451388,Diversification,0.7,Technology Leadership,0.16666666666666666
deepseek-ai/deepseek-llm-7b-chat,0.0,6_energy_infra,1,count_fact,specific,0.6322985769565153,30,0.4827586206896552,1.032268399828712,Diversification,0.7,Fast Follower,0.26666666666666666
deepseek-ai/deepseek-llm-7b-chat,0.0,6_energy_infra,2,competitive_dynamics,generic,0.654140419856561,30,0.5862068965517241,0.97095059465646,Technology Leadership,0.6,Diversification,0.4
deepseek-ai/deepseek-llm-7b-chat,0.0,2_roadster_launch,3,count_fact,generic,0.7019825546208485,30,0.4482758620689655,0.8366407421441941,Fast Follower,0.7333333333333333,Retrenchment,0.26666666666666666
deepseek-ai/deepseek-llm-7b-chat,0.0,2_roadster_launch,3,randomized_numbers,generic,0.7019825546208485,30,0.4827586206896552,0.8366407421441941,Fast Follower,0.7333333333333333,Retrenchment,0.26666666666666666
deepseek-ai/deepseek-llm-7b-chat,0.0,2_roadster_launch,2,competitive_dynamics,specific,0.7428440239532104,30,0.3448275862068966,0.721928095091482,Niche Focus,0.8,Retrenchment,0.2
deepseek-ai/deepseek-llm-7b-chat,0.0,6_energy_infra,1,randomized_numbers,generic,0.7428440239532106,30,0.3448275862068966,0.7219280950914818,Technology Leadership,0.8,Fast Follower,0.2
deepseek-ai/deepseek-llm-7b-chat,0.0,6_energy_infra,2,count_fact,generic,0.7428440239532106,30,0.3448275862068966,0.7219280950914818,Fast Follower,0.8,Technology Leadership,0.2
deepseek-ai/deepseek-llm-7b-chat,0.0,2_roadster_launch,3,opp_focus,generic,0.7684573415545342,30,0.2413793103448276,0.6500224218531813,Fast Follower,0.8333333333333334,Retrenchment,0.16666666666666666
deepseek-ai/deepseek-llm-7b-chat,0.0,5_model_3_mass_market,4,competitive_dynamics,generic,0.7684573415545342,30,0.3103448275862069,0.6500224218531812,Open Innovation,0.8333333333333334,Maintain,0.16666666666666666
deepseek-ai/deepseek-llm-7b-chat,0.0,6_energy_infra,1,base,generic,0.7684573415545342,30,0.27586206896551724,0.6500224218531813,Fast Follower,0.8333333333333334,Diversification,0.16666666666666666
deepseek-ai/deepseek-llm-7b-chat,0.0,6_energy_infra,1,count_fact,generic,0.7684573415545342,30,0.3448275862068966,0.6500224218531813,Fast Follower,0.8333333333333334,Diversification,0.16666666666666666
deepseek-ai/deepseek-llm-7b-chat,0.0,2_roadster_launch,1,competitive_dynamics,specific,0.7982052421275723,30,0.10344827586206896,0.5665095067585826,Retrenchment,0.8666666666666667,Niche Focus,0.13333333333333333
deepseek-ai/deepseek-llm-7b-chat,0.0,2_roadster_launch,4,opp_focus,specific,0.7982052421275724,30,0.27586206896551724,0.5665095067585822,Fast Follower,0.8666666666666667,Retrenchment,0.13333333333333333
deepseek-ai/deepseek-llm-7b-chat,0.0,5_model_3_mass_market,3,randomized_numbers,specific,0.7982052421275724,30,0.2413793103448276,0.5665095067585821,Open Innovation,0.8666666666666667,Technology Leadership,0.13333333333333333
deepseek-ai/deepseek-llm-7b-chat,0.0,6_energy_infra,2,count_fact,specific,0.8002300411826995,30,0.13793103448275862,0.5608251771649935,Fast Follower,0.9,Technology Leadership,0.06666666666666667
deepseek-ai/deepseek-llm-7b-chat,0.0,5_model_3_mass_market,3,randomized_numbers,generic,0.8329403987678697,30,0.20689655172413793,0.4689955937960014,Open Innovation,0.9,Maintain,0.1
deepseek-ai/deepseek-llm-7b-chat,0.0,2_roadster_launch,4,randomized_numbers,generic,0.874130865159545,30,0.10344827586206896,0.3533593352294836,Fast Follower,0.9333333333333333,Retrenchment,0.06666666666666667
deepseek-ai/deepseek-llm-7b-chat,0.0,5_model_3_mass_market,3,competitive_dynamics,generic,0.874130865159545,30,0.06896551724137931,0.3533593352294836,Open Innovation,0.9333333333333333,Maintain,0.06666666666666667
deepseek-ai/deepseek-llm-7b-chat,0.0,1_founder_period,5,randomized_numbers,specific,0.8741308651595451,30,0.13793103448275862,0.3533593352294835,Open Innovation,0.9333333333333333,Technology Leadership,0.06666666666666667
deepseek-ai/deepseek-llm-7b-chat,0.0,5_model_3_mass_market,4,randomized_numbers,generic,0.8741308651595451,30,0.13793103448275862,0.3533593352294835,Open Innovation,0.9333333333333333,Technology Leadership,0.06666666666666667
deepseek-ai/deepseek-llm-7b-chat,0.0,6_energy_infra,1,opp_focus,specific,0.8741308651595451,30,0.13793103448275862,0.3533593352294835,Diversification,0.9333333333333333,Technology Leadership,0.06666666666666667
deepseek-ai/deepseek-llm-7b-chat,0.0,6_energy_infra,2,randomized_numbers,generic,0.8741308651595451,30,0.06896551724137931,0.3533593352294835,Diversification,0.9333333333333333,Technology Leadership,0.06666666666666667
deepseek-ai/deepseek-llm-7b-chat,0.0,2_roadster_launch,1,competitive_dynamics,generic,0.924896457205344,30,0.06896551724137931,0.2108423005285417,Niche Focus,0.9666666666666667,Retrenchment,0.03333333333333333
deepseek-ai/deepseek-llm-7b-chat,0.0,2_roadster_launch,4,opp_focus,generic,0.924896457205344,30,0.06896551724137931,0.21084230052854142,Fast Follower,0.9666666666666667,Retrenchment,0.03333333333333333
deepseek-ai/deepseek-llm-7b-chat,0.0,5_model_3_mass_market,2,randomized_numbers,specific,0.924896457205344,30,0.034482758620689655,0.21084230052854142,Open Innovation,0.9666666666666667,Maintain,0.03333333333333333
deepseek-ai/deepseek-llm-7b-chat,0.0,5_model_3_mass_market,4,base,generic,0.924896457205344,30,0.06896551724137931,0.21084230052854142,Maintain,0.9666666666666667,Open Innovation,0.03333333333333333
deepseek-ai/deepseek-llm-7b-chat,0.0,1_founder_period,3,opp_focus,generic,0.9248964572053441,30,0.034482758620689655,0.21084230052854108,Open Innovation,0.9666666666666667,Technology Leadership,0.03333333333333333
deepseek-ai/deepseek-llm-7b-chat,0.0,6_energy_infra,1,opp_focus,generic,0.9248964572053441,30,0.06896551724137931,0.2108423005285411,Diversification,0.9666666666666667,Technology Leadership,0.03333333333333333
deepseek-ai/deepseek-llm-7b-chat,0.0,6_energy_infra,2,base,specific,0.9248964572053441,30,0.06896551724137931,0.2108423005285411,Diversification,0.9666666666666667,Technology Leadership,0.03333333333333333
deepseek-ai/deepseek-llm-7b-chat,0.0,6_energy_infra,4,opp_focus,generic,0.9248964572053441,30,0.06896551724137931,0.2108423005285411,Technology Leadership,0.9666666666666667,Diversification,0.03333333333333333
deepseek-ai/deepseek-llm-7b-chat,0.0,2_roadster_launch,1,base,generic,0.9999999999117192,30,0.0,2.4783576261415975e-10,Retrenchment,1.0,,
deepseek-ai/deepseek-llm-7b-chat,0.0,2_roadster_launch,1,count_fact,generic,0.9999999999117192,30,0.0,2.4783576261415975e-10,Retrenchment,1.0,,
deepseek-ai/deepseek-llm-7b-chat,0.0,2_roadster_launch,1,count_fact,specific,0.9999999999117192,30,0.0,2.4783576261415975e-10,Retrenchment,1.0,,
deepseek-ai/deepseek-llm-7b-chat,0.0,2_roadster_launch,1,opp_focus,generic,0.9999999999117192,30,0.0,2.4783576261415975e-10,Retrenchment,1.0,,
deepseek-ai/deepseek-llm-7b-chat,0.0,2_roadster_launch,1,randomized_numbers,generic,0.9999999999117192,30,0.0,2.4783576261415975e-10,Retrenchment,1.0,,
deepseek-ai/deepseek-llm-7b-chat,0.0,2_roadster_launch,1,randomized_numbers,specific,0.9999999999117192,30,0.0,2.4783576261415975e-10,Retrenchment,1.0,,
deepseek-ai/deepseek-llm-7b-chat,0.0,2_roadster_launch,2,base,generic,0.9999999999117192,30,0.0,2.4783576261415975e-10,Retrenchment,1.0,,
deepseek-ai/deepseek-llm-7b-chat,0.0,2_roadster_launch,2,base,specific,0.9999999999117192,30,0.0,2.4783576261415975e-10,Retrenchment,1.0,,
deepseek-ai/deepseek-llm-7b-chat,0.0,2_roadster_launch,2,count_fact,generic,0.9999999999117192,30,0.0,2.4783576261415975e-10,Retrenchment,1.0,,
deepseek-ai/deepseek-llm-7b-chat,0.0,2_roadster_launch,2,count_fact,specific,0.9999999999117192,30,0.0,2.4783576261415975e-10,Retrenchment,1.0,,
deepseek-ai/deepseek-llm-7b-chat,0.0,2_roadster_launch,2,opp_focus,generic,0.9999999999117192,30,0.0,2.4783576261415975e-10,Retrenchment,1.0,,
deepseek-ai/deepseek-llm-7b-chat,0.0,2_roadster_launch,2,opp_focus,specific,0.9999999999117192,30,0.0,2.4783576261415975e-10,Retrenchment,1.0,,
deepseek-ai/deepseek-llm-7b-chat,0.0,2_roadster_launch,2,randomized_numbers,generic,0.9999999999117192,30,0.0,2.4783576261415975e-10,Retrenchment,1.0,,
deepseek-ai/deepseek-llm-7b-chat,0.0,2_roadster_launch,2,randomized_numbers,specific,0.9999999999117192,30,0.0,2.4783576261415975e-10,Retrenchment,1.0,,
deepseek-ai/deepseek-llm-7b-chat,0.0,2_roadster_launch,3,base,generic,0.9999999999117192,30,0.0,2.4783576261415975e-10,Retrenchment,1.0,,
deepseek-ai/deepseek-llm-7b-chat,0.0,2_roadster_launch,3,base,specific,0.9999999999117192,30,0.0,2.4783576261415975e-10,Retrenchment,1.0,,
deepseek-ai/deepseek-llm-7b-chat,0.0,2_roadster_launch,3,count_fact,specific,0.9999999999117192,30,0.0,2.4783576261415975e-10,Retrenchment,1.0,,
deepseek-ai/deepseek-llm-7b-chat,0.0,2_roadster_launch,4,base,generic,0.9999999999117192,30,0.0,2.4783576261415975e-10,Retrenchment,1.0,,
deepseek-ai/deepseek-llm-7b-chat,0.0,2_roadster_launch,4,base,specific,0.9999999999117192,30,0.0,2.4783576261415975e-10,Retrenchment,1.0,,
deepseek-ai/deepseek-llm-7b-chat,0.0,2_roadster_launch,4,count_fact,generic,0.9999999999117192,30,0.0,2.4783576261415975e-10,Retrenchment,1.0,,
deepseek-ai/deepseek-llm-7b-chat,0.0,2_roadster_launch,4,count_fact,specific,0.9999999999117192,30,0.0,2.4783576261415975e-10,Retrenchment,1.0,,
deepseek-ai/deepseek-llm-7b-chat,0.0,2_roadster_launch,4,randomized_numbers,specific,0.9999999999117192,30,0.0,2.4783576261415975e-10,Retrenchment,1.0,,
deepseek-ai/deepseek-llm-7b-chat,0.0,5_model_3_mass_market,0,base,generic,0.9999999999117192,30,0.0,2.4783576261415975e-10,Maintain,1.0,,
deepseek-ai/deepseek-llm-7b-chat,0.0,5_model_3_mass_market,0,base,specific,0.9999999999117192,30,0.0,2.4783576261415975e-10,Maintain,1.0,,
deepseek-ai/deepseek-llm-7b-chat,0.0,5_model_3_mass_market,0,competitive_dynamics,generic,0.9999999999117192,30,0.0,2.4783576261415975e-10,Maintain,1.0,,
deepseek-ai/deepseek-llm-7b-chat,0.0,5_model_3_mass_market,0,competitive_dynamics,specific,0.9999999999117192,30,0.0,2.4783576261415975e-10,Maintain,1.0,,
deepseek-ai/deepseek-llm-7b-chat,0.0,5_model_3_mass_market,0,count_fact,generic,0.9999999999117192,30,0.0,2.4783576261415975e-10,Maintain,1.0,,
deepseek-ai/deepseek-llm-7b-chat,0.0,5_model_3_mass_market,0,count_fact,specific,0.9999999999117192,30,0.0,2.4783576261415975e-10,Maintain,1.0,,
deepseek-ai/deepseek-llm-7b-chat,0.0,5_model_3_mass_market,0,opp_focus,generic,0.9999999999117192,30,0.0,2.4783576261415975e-10,Maintain,1.0,,
deepseek-ai/deepseek-llm-7b-chat,0.0,5_model_3_mass_market,0,opp_focus,specific,0.9999999999117192,30,0.0,2.4783576261415975e-10,Maintain,1.0,,
deepseek-ai/deepseek-llm-7b-chat,0.0,5_model_3_mass_market,0,randomized_numbers,generic,0.9999999999117192,30,0.0,2.4783576261415975e-10,Maintain,1.0,,
deepseek-ai/deepseek-llm-7b-chat,0.0,5_model_3_mass_market,0,randomized_numbers,specific,0.9999999999117192,30,0.0,2.4783576261415975e-10,Maintain,1.0,,
deepseek-ai/deepseek-llm-7b-chat,0.0,5_model_3_mass_market,1,base,generic,0.9999999999117192,30,0.0,2.4783576261415975e-10,Maintain,1.0,,
deepseek-ai/deepseek-llm-7b-chat,0.0,5_model_3_mass_market,1,base,specific,0.9999999999117192,30,0.0,2.4783576261415975e-10,Maintain,1.0,,
deepseek-ai/deepseek-llm-7b-chat,0.0,5_model_3_mass_market,1,competitive_dynamics,generic,0.9999999999117192,30,0.0,2.4783576261415975e-10,Maintain,1.0,,
deepseek-ai/deepseek-llm-7b-chat,0.0,5_model_3_mass_market,1,competitive_dynamics,specific,0.9999999999117192,30,0.0,2.4783576261415975e-10,Maintain,1.0,,
deepseek-ai/deepseek-llm-7b-chat,0.0,5_model_3_mass_market,1,count_fact,generic,0.9999999999117192,30,0.0,2.4783576261415975e-10,Maintain,1.0,,
deepseek-ai/deepseek-llm-7b-chat,0.0,5_model_3_mass_market,1,count_fact,specific,0.9999999999117192,30,0.0,2.4783576261415975e-10,Maintain,1.0,,
deepseek-ai/deepseek-llm-7b-chat,0.0,5_model_3_mass_market,1,opp_focus,generic,0.9999999999117192,30,0.0,2.4783576261415975e-10,Maintain,1.0,,
deepseek-ai/deepseek-llm-7b-chat,0.0,5_model_3_mass_market,1,opp_focus,specific,0.9999999999117192,30,0.0,2.4783576261415975e-10,Maintain,1.0,,
deepseek-ai/deepseek-llm-7b-chat,0.0,5_model_3_mass_market,1,randomized_numbers,generic,0.9999999999117192,30,0.0,2.4783576261415975e-10,Maintain,1.0,,
deepseek-ai/deepseek-llm-7b-chat,0.0,5_model_3_mass_market,1,randomized_numbers,specific,0.9999999999117192,30,0.0,2.4783576261415975e-10,Maintain,1.0,,
deepseek-ai/deepseek-llm-7b-chat,0.0,5_model_3_mass_market,2,base,generic,0.9999999999117192,30,0.0,2.4783576261415975e-10,Maintain,1.0,,
deepseek-ai/deepseek-llm-7b-chat,0.0,5_model_3_mass_market,2,base,specific,0.9999999999117192,30,0.0,2.4783576261415975e-10,Maintain,1.0,,
deepseek-ai/deepseek-llm-7b-chat,0.0,5_model_3_mass_market,2,competitive_dynamics,generic,0.9999999999117192,30,0.0,2.4783576261415975e-10,Maintain,1.0,,
deepseek-ai/deepseek-llm-7b-chat,0.0,5_model_3_mass_market,2,competitive_dynamics,specific,0.9999999999117192,30,0.0,2.4783576261415975e-10,Maintain,1.0,,
deepseek-ai/deepseek-llm-7b-chat,0.0,5_model_3_mass_market,2,count_fact,generic,0.9999999999117192,30,0.0,2.4783576261415975e-10,Maintain,1.0,,
deepseek-ai/deepseek-llm-7b-chat,0.0,5_model_3_mass_market,2,count_fact,specific,0.9999999999117192,30,0.0,2.4783576261415975e-10,Maintain,1.0,,
deepseek-ai/deepseek-llm-7b-chat,0.0,5_model_3_mass_market,2,opp_focus,generic,0.9999999999117192,30,0.0,2.4783576261415975e-10,Maintain,1.0,,
deepseek-ai/deepseek-llm-7b-chat,0.0,5_model_3_mass_market,2,opp_focus,specific,0.9999999999117192,30,0.0,2.4783576261415975e-10,Maintain,1.0,,
deepseek-ai/deepseek-llm-7b-chat,0.0,5_model_3_mass_market,2,randomized_numbers,generic,0.9999999999117192,30,0.0,2.4783576261415975e-10,Maintain,1.0,,
deepseek-ai/deepseek-llm-7b-chat,0.0,5_model_3_mass_market,3,base,generic,0.9999999999117192,30,0.0,2.4783576261415975e-10,Maintain,1.0,,
deepseek-ai/deepseek-llm-7b-chat,0.0,5_model_3_mass_market,3,base,specific,0.9999999999117192,30,0.0,2.4783576261415975e-10,Maintain,1.0,,
deepseek-ai/deepseek-llm-7b-chat,0.0,5_model_3_mass_market,3,competitive_dynamics,specific,0.9999999999117192,30,0.0,2.4783576261415975e-10,Maintain,1.0,,
deepseek-ai/deepseek-llm-7b-chat,0.0,5_model_3_mass_market,3,count_fact,generic,0.9999999999117192,30,0.0,2.4783576261415975e-10,Maintain,1.0,,
deepseek-ai/deepseek-llm-7b-chat,0.0,5_model_3_mass_market,3,count_fact,specific,0.9999999999117192,30,0.0,2.4783576261415975e-10,Maintain,1.0,,
deepseek-ai/deepseek-llm-7b-chat,0.0,5_model_3_mass_market,3,opp_focus,generic,0.9999999999117192,30,0.0,2.4783576261415975e-10,Maintain,1.0,,
deepseek-ai/deepseek-llm-7b-chat,0.0,5_model_3_mass_market,3,opp_focus,specific,0.9999999999117192,30,0.0,2.4783576261415975e-10,Maintain,1.0,,
deepseek-ai/deepseek-llm-7b-chat,0.0,5_model_3_mass_market,4,base,specific,0.9999999999117192,30,0.0,2.4783576261415975e-10,Maintain,1.0,,
deepseek-ai/deepseek-llm-7b-chat,0.0,5_model_3_mass_market,4,competitive_dynamics,specific,0.9999999999117192,30,0.0,2.4783576261415975e-10,Maintain,1.0,,
deepseek-ai/deepseek-llm-7b-chat,0.0,5_model_3_mass_market,4,count_fact,generic,0.9999999999117192,30,0.0,2.4783576261415975e-10,Maintain,1.0,,
deepseek-ai/deepseek-llm-7b-chat,0.0,5_model_3_mass_market,4,count_fact,specific,0.9999999999117192,30,0.0,2.4783576261415975e-10,Maintain,1.0,,
deepseek-ai/deepseek-llm-7b-chat,0.0,5_model_3_mass_market,4,opp_focus,generic,0.9999999999117192,30,0.0,2.4783576261415975e-10,Maintain,1.0,,
deepseek-ai/deepseek-llm-7b-chat,0.0,5_model_3_mass_market,4,opp_focus,specific,0.9999999999117192,30,0.0,2.4783576261415975e-10,Maintain,1.0,,
deepseek-ai/deepseek-llm-7b-chat,0.0,2_roadster_launch,1,base,specific,0.9999999999117193,30,0.0,2.478354422715094e-10,Niche Focus,1.0,,
deepseek-ai/deepseek-llm-7b-chat,0.0,2_roadster_launch,1,opp_focus,specific,0.9999999999117193,30,0.0,2.478354422715094e-10,Niche Focus,1.0,,
deepseek-ai/deepseek-llm-7b-chat,0.0,2_roadster_launch,2,competitive_dynamics,generic,0.9999999999117193,30,0.0,2.478354422715094e-10,Niche Focus,1.0,,
deepseek-ai/deepseek-llm-7b-chat,0.0,4_model_x_launch,0,base,generic,0.9999999999117193,30,0.0,2.478354422715094e-10,Niche Focus,1.0,,
deepseek-ai/deepseek-llm-7b-chat,0.0,4_model_x_launch,0,base,specific,0.9999999999117193,30,0.0,2.478354422715094e-10,Niche Focus,1.0,,
deepseek-ai/deepseek-llm-7b-chat,0.0,4_model_x_launch,0,competitive_dynamics,generic,0.9999999999117193,30,0.0,2.478354422715094e-10,Niche Focus,1.0,,
deepseek-ai/deepseek-llm-7b-chat,0.0,4_model_x_launch,0,competitive_dynamics,specific,0.9999999999117193,30,0.0,2.478354422715094e-10,Niche Focus,1.0,,
deepseek-ai/deepseek-llm-7b-chat,0.0,4_model_x_launch,0,count_fact,generic,0.9999999999117193,30,0.0,2.478354422715094e-10,Niche Focus,1.0,,
deepseek-ai/deepseek-llm-7b-chat,0.0,4_model_x_launch,0,count_fact,specific,0.9999999999117193,30,0.0,2.478354422715094e-10,Niche Focus,1.0,,
deepseek-ai/deepseek-llm-7b-chat,0.0,4_model_x_launch,0,opp_focus,generic,0.9999999999117193,30,0.0,2.478354422715094e-10,Niche Focus,1.0,,
deepseek-ai/deepseek-llm-7b-chat,0.0,4_model_x_launch,0,opp_focus,specific,0.9999999999117193,30,0.0,2.478354422715094e-10,Niche Focus,1.0,,
deepseek-ai/deepseek-llm-7b-chat,0.0,4_model_x_launch,0,randomized_numbers,generic,0.9999999999117193,30,0.0,2.478354422715094e-10,Niche Focus,1.0,,
deepseek-ai/deepseek-llm-7b-chat,0.0,4_model_x_launch,0,randomized_numbers,specific,0.9999999999117193,30,0.0,2.478354422715094e-10,Niche Focus,1.0,,
deepseek-ai/deepseek-llm-7b-chat,0.0,4_model_x_launch,1,base,generic,0.9999999999117193,30,0.0,2.478354422715094e-10,Niche Focus,1.0,,
deepseek-ai/deepseek-llm-7b-chat,0.0,4_model_x_launch,1,base,specific,0.9999999999117193,30,0.0,2.478354422715094e-10,Niche Focus,1.0,,
deepseek-ai/deepseek-llm-7b-chat,0.0,4_model_x_launch,1,competitive_dynamics,generic,0.9999999999117193,30,0.0,2.478354422715094e-10,Niche Focus,1.0,,
deepseek-ai/deepseek-llm-7b-chat,0.0,4_model_x_launch,1,competitive_dynamics,specific,0.9999999999117193,30,0.0,2.478354422715094e-10,Niche Focus,1.0,,
deepseek-ai/deepseek-llm-7b-chat,0.0,4_model_x_launch,1,count_fact,generic,0.9999999999117193,30,0.0,2.478354422715094e-10,Niche Focus,1.0,,
deepseek-ai/deepseek-llm-7b-chat,0.0,4_model_x_launch,1,count_fact,specific,0.9999999999117193,30,0.0,2.478354422715094e-10,Niche Focus,1.0,,
deepseek-ai/deepseek-llm-7b-chat,0.0,4_model_x_launch,1,opp_focus,generic,0.9999999999117193,30,0.0,2.478354422715094e-10,Niche Focus,1.0,,
deepseek-ai/deepseek-llm-7b-chat,0.0,4_model_x_launch,1,opp_focus,specific,0.9999999999117193,30,0.0,2.478354422715094e-10,Niche Focus,1.0,,
deepseek-ai/deepseek-llm-7b-chat,0.0,4_model_x_launch,1,randomized_numbers,generic,0.9999999999117193,30,0.0,2.478354422715094e-10,Niche Focus,1.0,,
deepseek-ai/deepseek-llm-7b-chat,0.0,4_model_x_launch,1,randomized_numbers,specific,0.9999999999117193,30,0.0,2.478354422715094e-10,Niche Focus,1.0,,
deepseek-ai/deepseek-llm-7b-chat,0.0,4_model_x_launch,2,base,generic,0.9999999999117193,30,0.0,2.478354422715094e-10,Niche Focus,1.0,,
deepseek-ai/deepseek-llm-7b-chat,0.0,4_model_x_launch,2,base,specific,0.9999999999117193,30,0.0,2.478354422715094e-10,Niche Focus,1.0,,
deepseek-ai/deepseek-llm-7b-chat,0.0,4_model_x_launch,2,competitive_dynamics,generic,0.9999999999117193,30,0.0,2.478354422715094e-10,Niche Focus,1.0,,
deepseek-ai/deepseek-llm-7b-chat,0.0,4_model_x_launch,2,competitive_dynamics,specific,0.9999999999117193,30,0.0,2.478354422715094e-10,Niche Focus,1.0,,
deepseek-ai/deepseek-llm-7b-chat,0.0,4_model_x_launch,2,count_fact,generic,0.9999999999117193,30,0.0,2.478354422715094e-10,Niche Focus,1.0,,
deepseek-ai/deepseek-llm-7b-chat,0.0,4_model_x_launch,2,count_fact,specific,0.9999999999117193,30,0.0,2.478354422715094e-10,Niche Focus,1.0,,
deepseek-ai/deepseek-llm-7b-chat,0.0,4_model_x_launch,2,opp_focus,generic,0.9999999999117193,30,0.0,2.478354422715094e-10,Niche Focus,1.0,,
deepseek-ai/deepseek-llm-7b-chat,0.0,4_model_x_launch,2,opp_focus,specific,0.9999999999117193,30,0.0,2.478354422715094e-10,Niche Focus,1.0,,
deepseek-ai/deepseek-llm-7b-chat,0.0,4_model_x_launch,2,randomized_numbers,generic,0.9999999999117193,30,0.0,2.478354422715094e-10,Niche Focus,1.0,,
deepseek-ai/deepseek-llm-7b-chat,0.0,4_model_x_launch,2,randomized_numbers,specific,0.9999999999117193,30,0.0,2.478354422715094e-10,Niche Focus,1.0,,
deepseek-ai/deepseek-llm-7b-chat,0.0,4_model_x_launch,3,base,generic,0.9999999999117193,30,0.0,2.478354422715094e-10,Niche Focus,1.0,,
deepseek-ai/deepseek-llm-7b-chat,0.0,4_model_x_launch,3,base,specific,0.9999999999117193,30,0.0,2.478354422715094e-10,Niche Focus,1.0,,
deepseek-ai/deepseek-llm-7b-chat,0.0,4_model_x_launch,3,competitive_dynamics,generic,0.9999999999117193,30,0.0,2.478354422715094e-10,Niche Focus,1.0,,
deepseek-ai/deepseek-llm-7b-chat,0.0,4_model_x_launch,3,competitive_dynamics,specific,0.9999999999117193,30,0.0,2.478354422715094e-10,Niche Focus,1.0,,
deepseek-ai/deepseek-llm-7b-chat,0.0,4_model_x_launch,3,count_fact,generic,0.9999999999117193,30,0.0,2.478354422715094e-10,Niche Focus,1.0,,
deepseek-ai/deepseek-llm-7b-chat,0.0,4_model_x_launch,3,count_fact,specific,0.9999999999117193,30,0.0,2.478354422715094e-10,Niche Focus,1.0,,
deepseek-ai/deepseek-llm-7b-chat,0.0,4_model_x_launch,3,opp_focus,generic,0.9999999999117193,30,0.0,2.478354422715094e-10,Niche Focus,1.0,,
deepseek-ai/deepseek-llm-7b-chat,0.0,4_model_x_launch,3,opp_focus,specific,0.9999999999117193,30,0.0,2.478354422715094e-10,Niche Focus,1.0,,
deepseek-ai/deepseek-llm-7b-chat,0.0,4_model_x_launch,3,randomized_numbers,generic,0.9999999999117193,30,0.0,2.478354422715094e-10,Niche Focus,1.0,,
deepseek-ai/deepseek-llm-7b-chat,0.0,4_model_x_launch,3,randomized_numbers,specific,0.9999999999117193,30,0.0,2.478354422715094e-10,Niche Focus,1.0,,
deepseek-ai/deepseek-llm-7b-chat,0.0,4_model_x_launch,4,base,generic,0.9999999999117193,30,0.0,2.478354422715094e-10,Niche Focus,1.0,,
deepseek-ai/deepseek-llm-7b-chat,0.0,4_model_x_launch,4,base,specific,0.9999999999117193,30,0.0,2.478354422715094e-10,Niche Focus,1.0,,
deepseek-ai/deepseek-llm-7b-chat,0.0,4_model_x_launch,4,competitive_dynamics,generic,0.9999999999117193,30,0.0,2.478354422715094e-10,Niche Focus,1.0,,
deepseek-ai/deepseek-llm-7b-chat,0.0,4_model_x_launch,4,competitive_dynamics,specific,0.9999999999117193,30,0.0,2.478354422715094e-10,Niche Focus,1.0,,
deepseek-ai/deepseek-llm-7b-chat,0.0,4_model_x_launch,4,count_fact,generic,0.9999999999117193,30,0.0,2.478354422715094e-10,Niche Focus,1.0,,
deepseek-ai/deepseek-llm-7b-chat,0.0,4_model_x_launch,4,count_fact,specific,0.9999999999117193,30,0.0,2.478354422715094e-10,Niche Focus,1.0,,
deepseek-ai/deepseek-llm-7b-chat,0.0,4_model_x_launch,4,opp_focus,generic,0.9999999999117193,30,0.0,2.478354422715094e-10,Niche Focus,1.0,,
deepseek-ai/deepseek-llm-7b-chat,0.0,4_model_x_launch,4,opp_focus,specific,0.9999999999117193,30,0.0,2.478354422715094e-10,Niche Focus,1.0,,
deepseek-ai/deepseek-llm-7b-chat,0.0,4_model_x_launch,4,randomized_numbers,generic,0.9999999999117193,30,0.0,2.478354422715094e-10,Niche Focus,1.0,,
deepseek-ai/deepseek-llm-7b-chat,0.0,4_model_x_launch,4,randomized_numbers,specific,0.9999999999117193,30,0.0,2.478354422715094e-10,Niche Focus,1.0,,
deepseek-ai/deepseek-llm-7b-chat,0.0,6_energy_infra,1,competitive_dynamics,generic,0.9999999999117193,30,0.0,2.478354422715094e-10,Diversification,1.0,,
deepseek-ai/deepseek-llm-7b-chat,0.0,6_energy_infra,1,competitive_dynamics,specific,0.9999999999117193,30,0.0,2.478354422715094e-10,Diversification,1.0,,
deepseek-ai/deepseek-llm-7b-chat,0.0,6_energy_infra,1,randomized_numbers,specific,0.9999999999117193,30,0.0,2.478354422715094e-10,Diversification,1.0,,
deepseek-ai/deepseek-llm-7b-chat,0.0,6_energy_infra,2,competitive_dynamics,specific,0.9999999999117193,30,0.0,2.478354422715094e-10,Diversification,1.0,,
deepseek-ai/deepseek-llm-7b-chat,0.0,6_energy_infra,2,opp_focus,specific,0.9999999999117193,30,0.0,2.478354422715094e-10,Diversification,1.0,,
deepseek-ai/deepseek-llm-7b-chat,0.0,6_energy_infra,3,base,generic,0.9999999999117193,30,0.0,2.478354422715094e-10,Diversification,1.0,,
deepseek-ai/deepseek-llm-7b-chat,0.0,6_energy_infra,3,base,specific,0.9999999999117193,30,0.0,2.478354422715094e-10,Diversification,1.0,,
deepseek-ai/deepseek-llm-7b-chat,0.0,6_energy_infra,3,competitive_dynamics,generic,0.9999999999117193,30,0.0,2.478354422715094e-10,Diversification,1.0,,
deepseek-ai/deepseek-llm-7b-chat,0.0,6_energy_infra,3,competitive_dynamics,specific,0.9999999999117193,30,0.0,2.478354422715094e-10,Diversification,1.0,,
deepseek-ai/deepseek-llm-7b-chat,0.0,6_energy_infra,3,opp_focus,specific,0.9999999999117193,30,0.0,2.478354422715094e-10,Diversification,1.0,,
deepseek-ai/deepseek-llm-7b-chat,0.0,6_energy_infra,3,randomized_numbers,specific,0.9999999999117193,30,0.0,2.478354422715094e-10,Diversification,1.0,,
deepseek-ai/deepseek-llm-7b-chat,0.0,6_energy_infra,4,base,generic,0.9999999999117193,30,0.0,2.478354422715094e-10,Diversification,1.0,,
deepseek-ai/deepseek-llm-7b-chat,0.0,6_energy_infra,4,base,specific,0.9999999999117193,30,0.0,2.478354422715094e-10,Diversification,1.0,,
deepseek-ai/deepseek-llm-7b-chat,0.0,6_energy_infra,4,competitive_dynamics,generic,0.9999999999117193,30,0.0,2.478354422715094e-10,Diversification,1.0,,
deepseek-ai/deepseek-llm-7b-chat,0.0,6_energy_infra,4,competitive_dynamics,specific,0.9999999999117193,30,0.0,2.478354422715094e-10,Diversification,1.0,,
deepseek-ai/deepseek-llm-7b-chat,0.0,6_energy_infra,4,opp_focus,specific,0.9999999999117193,30,0.0,2.478354422715094e-10,Diversification,1.0,,
deepseek-ai/deepseek-llm-7b-chat,0.0,6_energy_infra,4,randomized_numbers,generic,0.9999999999117193,30,0.0,2.478354422715094e-10,Diversification,1.0,,
deepseek-ai/deepseek-llm-7b-chat,0.0,6_energy_infra,4,randomized_numbers,specific,0.9999999999117193,30,0.0,2.478354422715094e-10,Diversification,1.0,,
deepseek-ai/deepseek-llm-7b-chat,0.0,1_founder_period,0,base,generic,0.9999999999117194,30,0.0,2.4783512192885906e-10,Open Innovation,1.0,,
deepseek-ai/deepseek-llm-7b-chat,0.0,1_founder_period,0,base,specific,0.9999999999117194,30,0.0,2.4783512192885906e-10,Open Innovation,1.0,,
deepseek-ai/deepseek-llm-7b-chat,0.0,1_founder_period,0,competitive_dynamics,generic,0.9999999999117194,30,0.0,2.4783512192885906e-10,Open Innovation,1.0,,
deepseek-ai/deepseek-llm-7b-chat,0.0,1_founder_period,0,competitive_dynamics,specific,0.9999999999117194,30,0.0,2.4783512192885906e-10,Open Innovation,1.0,,
deepseek-ai/deepseek-llm-7b-chat,0.0,1_founder_period,0,count_fact,generic,0.9999999999117194,30,0.0,2.4783512192885906e-10,Open Innovation,1.0,,
deepseek-ai/deepseek-llm-7b-chat,0.0,1_founder_period,0,count_fact,specific,0.9999999999117194,30,0.0,2.4783512192885906e-10,Open Innovation,1.0,,
deepseek-ai/deepseek-llm-7b-chat,0.0,1_founder_period,0,opp_focus,generic,0.9999999999117194,30,0.0,2.4783512192885906e-10,Open Innovation,1.0,,
deepseek-ai/deepseek-llm-7b-chat,0.0,1_founder_period,0,opp_focus,specific,0.9999999999117194,30,0.0,2.4783512192885906e-10,Open Innovation,1.0,,
deepseek-ai/deepseek-llm-7b-chat,0.0,1_founder_period,0,randomized_numbers,generic,0.9999999999117194,30,0.0,2.4783512192885906e-10,Open Innovation,1.0,,
deepseek-ai/deepseek-llm-7b-chat,0.0,1_founder_period,0,randomized_numbers,specific,0.9999999999117194,30,0.0,2.4783512192885906e-10,Open Innovation,1.0,,
deepseek-ai/deepseek-llm-7b-chat,0.0,1_founder_period,1,base,generic,0.9999999999117194,30,0.0,2.4783512192885906e-10,Open Innovation,1.0,,
deepseek-ai/deepseek-llm-7b-chat,0.0,1_founder_period,1,base,specific,0.9999999999117194,30,0.0,2.4783512192885906e-10,Open Innovation,1.0,,
deepseek-ai/deepseek-llm-7b-chat,0.0,1_founder_period,1,competitive_dynamics,generic,0.9999999999117194,30,0.0,2.4783512192885906e-10,Open Innovation,1.0,,
deepseek-ai/deepseek-llm-7b-chat,0.0,1_founder_period,1,competitive_dynamics,specific,0.9999999999117194,30,0.0,2.4783512192885906e-10,Open Innovation,1.0,,
deepseek-ai/deepseek-llm-7b-chat,0.0,1_founder_period,1,count_fact,generic,0.9999999999117194,30,0.0,2.4783512192885906e-10,Open Innovation,1.0,,
deepseek-ai/deepseek-llm-7b-chat,0.0,1_founder_period,1,count_fact,specific,0.9999999999117194,30,0.0,2.4783512192885906e-10,Open Innovation,1.0,,
deepseek-ai/deepseek-llm-7b-chat,0.0,1_founder_period,1,opp_focus,generic,0.9999999999117194,30,0.0,2.4783512192885906e-10,Open Innovation,1.0,,
deepseek-ai/deepseek-llm-7b-chat,0.0,1_founder_period,1,opp_focus,specific,0.9999999999117194,30,0.0,2.4783512192885906e-10,Open Innovation,1.0,,
deepseek-ai/deepseek-llm-7b-chat,0.0,1_founder_period,1,randomized_numbers,generic,0.9999999999117194,30,0.0,2.4783512192885906e-10,Open Innovation,1.0,,
deepseek-ai/deepseek-llm-7b-chat,0.0,1_founder_period,1,randomized_numbers,specific,0.9999999999117194,30,0.0,2.4783512192885906e-10,Open Innovation,1.0,,
deepseek-ai/deepseek-llm-7b-chat,0.0,1_founder_period,2,base,generic,0.9999999999117194,30,0.0,2.4783512192885906e-10,Open Innovation,1.0,,
deepseek-ai/deepseek-llm-7b-chat,0.0,1_founder_period,2,base,specific,0.9999999999117194,30,0.0,2.4783512192885906e-10,Open Innovation,1.0,,
deepseek-ai/deepseek-llm-7b-chat,0.0,1_founder_period,2,competitive_dynamics,generic,0.9999999999117194,30,0.0,2.4783512192885906e-10,Open Innovation,1.0,,
deepseek-ai/deepseek-llm-7b-chat,0.0,1_founder_period,2,competitive_dynamics,specific,0.9999999999117194,30,0.0,2.4783512192885906e-10,Open Innovation,1.0,,
deepseek-ai/deepseek-llm-7b-chat,0.0,1_founder_period,2,count_fact,generic,0.9999999999117194,30,0.0,2.4783512192885906e-10,Open Innovation,1.0,,
deepseek-ai/deepseek-llm-7b-chat,0.0,1_founder_period,2,count_fact,specific,0.9999999999117194,30,0.0,2.4783512192885906e-10,Open Innovation,1.0,,
deepseek-ai/deepseek-llm-7b-chat,0.0,1_founder_period,2,opp_focus,generic,0.9999999999117194,30,0.0,2.4783512192885906e-10,Open Innovation,1.0,,
deepseek-ai/deepseek-llm-7b-chat,0.0,1_founder_period,2,opp_focus,specific,0.9999999999117194,30,0.0,2.4783512192885906e-10,Open Innovation,1.0,,
deepseek-ai/deepseek-llm-7b-chat,0.0,1_founder_period,2,randomized_numbers,generic,0.9999999999117194,30,0.0,2.4783512192885906e-10,Open Innovation,1.0,,
deepseek-ai/deepseek-llm-7b-chat,0.0,1_founder_period,2,randomized_numbers,specific,0.9999999999117194,30,0.0,2.4783512192885906e-10,Open Innovation,1.0,,
deepseek-ai/deepseek-llm-7b-chat,0.0,1_founder_period,3,base,generic,0.9999999999117194,30,0.0,2.4783512192885906e-10,Open Innovation,1.0,,
deepseek-ai/deepseek-llm-7b-chat,0.0,1_founder_period,3,base,specific,0.9999999999117194,30,0.0,2.4783512192885906e-10,Open Innovation,1.0,,
deepseek-ai/deepseek-llm-7b-chat,0.0,1_founder_period,3,competitive_dynamics,generic,0.9999999999117194,30,0.0,2.4783512192885906e-10,Open Innovation,1.0,,
deepseek-ai/deepseek-llm-7b-chat,0.0,1_founder_period,3,competitive_dynamics,specific,0.9999999999117194,30,0.0,2.4783512192885906e-10,Open Innovation,1.0,,
deepseek-ai/deepseek-llm-7b-chat,0.0,1_founder_period,3,count_fact,generic,0.9999999999117194,30,0.0,2.4783512192885906e-10,Open Innovation,1.0,,
deepseek-ai/deepseek-llm-7b-chat,0.0,1_founder_period,3,count_fact,specific,0.9999999999117194,30,0.0,2.4783512192885906e-10,Open Innovation,1.0,,
deepseek-ai/deepseek-llm-7b-chat,0.0,1_founder_period,3,opp_focus,specific,0.9999999999117194,30,0.0,2.4783512192885906e-10,Technology Leadership,1.0,,
deepseek-ai/deepseek-llm-7b-chat,0.0,1_founder_period,3,randomized_numbers,generic,0.9999999999117194,30,0.0,2.4783512192885906e-10,Open Innovation,1.0,,
deepseek-ai/deepseek-llm-7b-chat,0.0,1_founder_period,3,randomized_numbers,specific,0.9999999999117194,30,0.0,2.4783512192885906e-10,Open Innovation,1.0,,
deepseek-ai/deepseek-llm-7b-chat,0.0,1_founder_period,4,base,generic,0.9999999999117194,30,0.0,2.4783512192885906e-10,Open Innovation,1.0,,
deepseek-ai/deepseek-llm-7b-chat,0.0,1_founder_period,4,base,specific,0.9999999999117194,30,0.0,2.4783512192885906e-10,Open Innovation,1.0,,
deepseek-ai/deepseek-llm-7b-chat,0.0,1_founder_period,4,competitive_dynamics,generic,0.9999999999117194,30,0.0,2.4783512192885906e-10,Open Innovation,1.0,,
deepseek-ai/deepseek-llm-7b-chat,0.0,1_founder_period,4,competitive_dynamics,specific,0.9999999999117194,30,0.0,2.4783512192885906e-10,Open Innovation,1.0,,
deepseek-ai/deepseek-llm-7b-chat,0.0,1_founder_period,4,count_fact,generic,0.9999999999117194,30,0.0,2.4783512192885906e-10,Open Innovation,1.0,,
deepseek-ai/deepseek-llm-7b-chat,0.0,1_founder_period,4,count_fact,specific,0.9999999999117194,30,0.0,2.4783512192885906e-10,Open Innovation,1.0,,
deepseek-ai/deepseek-llm-7b-chat,0.0,1_founder_period,4,opp_focus,generic,0.9999999999117194,30,0.0,2.4783512192885906e-10,Technology Leadership,1.0,,
deepseek-ai/deepseek-llm-7b-chat,0.0,1_founder_period,4,opp_focus,specific,0.9999999999117194,30,0.0,2.4783512192885906e-10,Technology Leadership,1.0,,
deepseek-ai/deepseek-llm-7b-chat,0.0,1_founder_period,4,randomized_numbers,generic,0.9999999999117194,30,0.0,2.4783512192885906e-10,Open Innovation,1.0,,
deepseek-ai/deepseek-llm-7b-chat,0.0,1_founder_period,4,randomized_numbers,specific,0.9999999999117194,30,0.0,2.4783512192885906e-10,Open Innovation,1.0,,
deepseek-ai/deepseek-llm-7b-chat,0.0,1_founder_period,5,base,generic,0.9999999999117194,30,0.0,2.4783512192885906e-10,Open Innovation,1.0,,
deepseek-ai/deepseek-llm-7b-chat,0.0,1_founder_period,5,base,specific,0.9999999999117194,30,0.0,2.4783512192885906e-10,Open Innovation,1.0,,
deepseek-ai/deepseek-llm-7b-chat,0.0,1_founder_period,5,competitive_dynamics,generic,0.9999999999117194,30,0.0,2.4783512192885906e-10,Open Innovation,1.0,,
deepseek-ai/deepseek-llm-7b-chat,0.0,1_founder_period,5,competitive_dynamics,specific,0.9999999999117194,30,0.0,2.4783512192885906e-10,Open Innovation,1.0,,
deepseek-ai/deepseek-llm-7b-chat,0.0,1_founder_period,5,count_fact,generic,0.9999999999117194,30,0.0,2.4783512192885906e-10,Open Innovation,1.0,,
deepseek-ai/deepseek-llm-7b-chat,0.0,1_founder_period,5,count_fact,specific,0.9999999999117194,30,0.0,2.4783512192885906e-10,Open Innovation,1.0,,
deepseek-ai/deepseek-llm-7b-chat,0.0,1_founder_period,5,opp_focus,generic,0.9999999999117194,30,0.0,2.4783512192885906e-10,Technology Leadership,1.0,,
deepseek-ai/deepseek-llm-7b-chat,0.0,1_founder_period,5,opp_focus,specific,0.9999999999117194,30,0.0,2.4783512192885906e-10,Technology Leadership,1.0,,
deepseek-ai/deepseek-llm-7b-chat,0.0,1_founder_period,5,randomized_numbers,generic,0.9999999999117194,30,0.0,2.4783512192885906e-10,Open Innovation,1.0,,
deepseek-ai/deepseek-llm-7b-chat,0.0,1_founder_period,6,base,generic,0.9999999999117194,30,0.0,2.4783512192885906e-10,Technology Leadership,1.0,,
deepseek-ai/deepseek-llm-7b-chat,0.0,1_founder_period,6,base,specific,0.9999999999117194,30,0.0,2.4783512192885906e-10,Technology Leadership,1.0,,
deepseek-ai/deepseek-llm-7b-chat,0.0,1_founder_period,6,competitive_dynamics,generic,0.9999999999117194,30,0.0,2.4783512192885906e-10,Technology Leadership,1.0,,
deepseek-ai/deepseek-llm-7b-chat,0.0,1_founder_period,6,competitive_dynamics,specific,0.9999999999117194,30,0.0,2.4783512192885906e-10,Technology Leadership,1.0,,
deepseek-ai/deepseek-llm-7b-chat,0.0,1_founder_period,6,count_fact,generic,0.9999999999117194,30,0.0,2.4783512192885906e-10,Open Innovation,1.0,,
deepseek-ai/deepseek-llm-7b-chat,0.0,1_founder_period,6,count_fact,specific,0.9999999999117194,30,0.0,2.4783512192885906e-10,Open Innovation,1.0,,
deepseek-ai/deepseek-llm-7b-chat,0.0,1_founder_period,6,opp_focus,generic,0.9999999999117194,30,0.0,2.4783512192885906e-10,Technology Leadership,1.0,,
deepseek-ai/deepseek-llm-7b-chat,0.0,1_founder_period,6,opp_focus,specific,0.9999999999117194,30,0.0,2.4783512192885906e-10,Technology Leadership,1.0,,
deepseek-ai/deepseek-llm-7b-chat,0.0,1_founder_period,6,randomized_numbers,generic,0.9999999999117194,30,0.0,2.4783512192885906e-10,Open Innovation,1.0,,
deepseek-ai/deepseek-llm-7b-chat,0.0,1_founder_period,6,randomized_numbers,specific,0.9999999999117194,30,0.0,2.4783512192885906e-10,Technology Leadership,1.0,,
deepseek-ai/deepseek-llm-7b-chat,0.0,2_roadster_launch,0,base,generic,0.9999999999117194,30,0.0,2.4783512192885906e-10,Open Innovation,1.0,,
deepseek-ai/deepseek-llm-7b-chat,0.0,2_roadster_launch,0,base,specific,0.9999999999117194,30,0.0,2.4783512192885906e-10,Open Innovation,1.0,,
deepseek-ai/deepseek-llm-7b-chat,0.0,2_roadster_launch,0,competitive_dynamics,generic,0.9999999999117194,30,0.0,2.4783512192885906e-10,Open Innovation,1.0,,
deepseek-ai/deepseek-llm-7b-chat,0.0,2_roadster_launch,0,competitive_dynamics,specific,0.9999999999117194,30,0.0,2.4783512192885906e-10,Open Innovation,1.0,,
deepseek-ai/deepseek-llm-7b-chat,0.0,2_roadster_launch,0,count_fact,generic,0.9999999999117194,30,0.0,2.4783512192885906e-10,Open Innovation,1.0,,
deepseek-ai/deepseek-llm-7b-chat,0.0,2_roadster_launch,0,count_fact,specific,0.9999999999117194,30,0.0,2.4783512192885906e-10,Open Innovation,1.0,,
deepseek-ai/deepseek-llm-7b-chat,0.0,2_roadster_launch,0,opp_focus,generic,0.9999999999117194,30,0.0,2.4783512192885906e-10,Open Innovation,1.0,,
deepseek-ai/deepseek-llm-7b-chat,0.0,2_roadster_launch,0,opp_focus,specific,0.9999999999117194,30,0.0,2.4783512192885906e-10,Open Innovation,1.0,,
deepseek-ai/deepseek-llm-7b-chat,0.0,2_roadster_launch,0,randomized_numbers,generic,0.9999999999117194,30,0.0,2.4783512192885906e-10,Open Innovation,1.0,,
deepseek-ai/deepseek-llm-7b-chat,0.0,2_roadster_launch,0,randomized_numbers,specific,0.9999999999117194,30,0.0,2.4783512192885906e-10,Open Innovation,1.0,,
deepseek-ai/deepseek-llm-7b-chat,0.0,2_roadster_launch,3,competitive_dynamics,generic,0.9999999999117194,30,0.0,2.4783512192885906e-10,Fast Follower,1.0,,
deepseek-ai/deepseek-llm-7b-chat,0.0,2_roadster_launch,3,competitive_dynamics,specific,0.9999999999117194,30,0.0,2.4783512192885906e-10,Fast Follower,1.0,,
deepseek-ai/deepseek-llm-7b-chat,0.0,2_roadster_launch,3,opp_focus,specific,0.9999999999117194,30,0.0,2.4783512192885906e-10,Fast Follower,1.0,,
deepseek-ai/deepseek-llm-7b-chat,0.0,2_roadster_launch,3,randomized_numbers,specific,0.9999999999117194,30,0.0,2.4783512192885906e-10,Fast Follower,1.0,,
deepseek-ai/deepseek-llm-7b-chat,0.0,2_roadster_launch,4,competitive_dynamics,generic,0.9999999999117194,30,0.0,2.4783512192885906e-10,Fast Follower,1.0,,
deepseek-ai/deepseek-llm-7b-chat,0.0,2_roadster_launch,4,competitive_dynamics,specific,0.9999999999117194,30,0.0,2.4783512192885906e-10,Fast Follower,1.0,,
deepseek-ai/deepseek-llm-7b-chat,0.0,3_model_s_launch,0,base,generic,0.9999999999117194,30,0.0,2.4783512192885906e-10,Fast Follower,1.0,,
deepseek-ai/deepseek-llm-7b-chat,0.0,3_model_s_launch,0,base,specific,0.9999999999117194,30,0.0,2.4783512192885906e-10,Fast Follower,1.0,,
deepseek-ai/deepseek-llm-7b-chat,0.0,3_model_s_launch,0,competitive_dynamics,generic,0.9999999999117194,30,0.0,2.4783512192885906e-10,Fast Follower,1.0,,
deepseek-ai/deepseek-llm-7b-chat,0.0,3_model_s_launch,0,competitive_dynamics,specific,0.9999999999117194,30,0.0,2.4783512192885906e-10,Fast Follower,1.0,,
deepseek-ai/deepseek-llm-7b-chat,0.0,3_model_s_launch,0,count_fact,generic,0.9999999999117194,30,0.0,2.4783512192885906e-10,Fast Follower,1.0,,
deepseek-ai/deepseek-llm-7b-chat,0.0,3_model_s_launch,0,count_fact,specific,0.9999999999117194,30,0.0,2.4783512192885906e-10,Fast Follower,1.0,,
deepseek-ai/deepseek-llm-7b-chat,0.0,3_model_s_launch,0,opp_focus,generic,0.9999999999117194,30,0.0,2.4783512192885906e-10,Fast Follower,1.0,,
deepseek-ai/deepseek-llm-7b-chat,0.0,3_model_s_launch,0,opp_focus,specific,0.9999999999117194,30,0.0,2.4783512192885906e-10,Fast Follower,1.0,,
deepseek-ai/deepseek-llm-7b-chat,0.0,3_model_s_launch,0,randomized_numbers,generic,0.9999999999117194,30,0.0,2.4783512192885906e-10,Fast Follower,1.0,,
deepseek-ai/deepseek-llm-7b-chat,0.0,3_model_s_launch,0,randomized_numbers,specific,0.9999999999117194,30,0.0,2.4783512192885906e-10,Fast Follower,1.0,,
deepseek-ai/deepseek-llm-7b-chat,0.0,3_model_s_launch,1,base,generic,0.9999999999117194,30,0.0,2.4783512192885906e-10,Fast Follower,1.0,,
deepseek-ai/deepseek-llm-7b-chat,0.0,3_model_s_launch,1,base,specific,0.9999999999117194,30,0.0,2.4783512192885906e-10,Fast Follower,1.0,,
deepseek-ai/deepseek-llm-7b-chat,0.0,3_model_s_launch,1,competitive_dynamics,generic,0.9999999999117194,30,0.0,2.4783512192885906e-10,Fast Follower,1.0,,
deepseek-ai/deepseek-llm-7b-chat,0.0,3_model_s_launch,1,competitive_dynamics,specific,0.9999999999117194,30,0.0,2.4783512192885906e-10,Fast Follower,1.0,,
deepseek-ai/deepseek-llm-7b-chat,0.0,3_model_s_launch,1,count_fact,generic,0.9999999999117194,30,0.0,2.4783512192885906e-10,Fast Follower,1.0,,
deepseek-ai/deepseek-llm-7b-chat,0.0,3_model_s_launch,1,count_fact,specific,0.9999999999117194,30,0.0,2.4783512192885906e-10,Fast Follower,1.0,,
deepseek-ai/deepseek-llm-7b-chat,0.0,3_model_s_launch,1,opp_focus,generic,0.9999999999117194,30,0.0,2.4783512192885906e-10,Fast Follower,1.0,,
deepseek-ai/deepseek-llm-7b-chat,0.0,3_model_s_launch,1,opp_focus,specific,0.9999999999117194,30,0.0,2.4783512192885906e-10,Fast Follower,1.0,,
deepseek-ai/deepseek-llm-7b-chat,0.0,3_model_s_launch,1,randomized_numbers,generic,0.9999999999117194,30,0.0,2.4783512192885906e-10,Fast Follower,1.0,,
deepseek-ai/deepseek-llm-7b-chat,0.0,3_model_s_launch,1,randomized_numbers,specific,0.9999999999117194,30,0.0,2.4783512192885906e-10,Fast Follower,1.0,,
deepseek-ai/deepseek-llm-7b-chat,0.0,3_model_s_launch,2,base,generic,0.9999999999117194,30,0.0,2.4783512192885906e-10,Fast Follower,1.0,,
deepseek-ai/deepseek-llm-7b-chat,0.0,3_model_s_launch,2,base,specific,0.9999999999117194,30,0.0,2.4783512192885906e-10,Fast Follower,1.0,,
deepseek-ai/deepseek-llm-7b-chat,0.0,3_model_s_launch,2,competitive_dynamics,generic,0.9999999999117194,30,0.0,2.4783512192885906e-10,Fast Follower,1.0,,
deepseek-ai/deepseek-llm-7b-chat,0.0,3_model_s_launch,2,competitive_dynamics,specific,0.9999999999117194,30,0.0,2.4783512192885906e-10,Fast Follower,1.0,,
deepseek-ai/deepseek-llm-7b-chat,0.0,3_model_s_launch,2,count_fact,generic,0.9999999999117194,30,0.0,2.4783512192885906e-10,Fast Follower,1.0,,
deepseek-ai/deepseek-llm-7b-chat,0.0,3_model_s_launch,2,count_fact,specific,0.9999999999117194,30,0.0,2.4783512192885906e-10,Fast Follower,1.0,,
deepseek-ai/deepseek-llm-7b-chat,0.0,3_model_s_launch,2,opp_focus,generic,0.9999999999117194,30,0.0,2.4783512192885906e-10,Fast Follower,1.0,,
deepseek-ai/deepseek-llm-7b-chat,0.0,3_model_s_launch,2,opp_focus,specific,0.9999999999117194,30,0.0,2.4783512192885906e-10,Fast Follower,1.0,,
deepseek-ai/deepseek-llm-7b-chat,0.0,3_model_s_launch,2,randomized_numbers,generic,0.9999999999117194,30,0.0,2.4783512192885906e-10,Fast Follower,1.0,,
deepseek-ai/deepseek-llm-7b-chat,0.0,3_model_s_launch,2,randomized_numbers,specific,0.9999999999117194,30,0.0,2.4783512192885906e-10,Fast Follower,1.0,,
deepseek-ai/deepseek-llm-7b-chat,0.0,3_model_s_launch,3,base,specific,0.9999999999117194,30,0.0,2.4783512192885906e-10,Fast Follower,1.0,,
deepseek-ai/deepseek-llm-7b-chat,0.0,3_model_s_launch,3,competitive_dynamics,generic,0.9999999999117194,30,0.0,2.4783512192885906e-10,Fast Follower,1.0,,
deepseek-ai/deepseek-llm-7b-chat,0.0,3_model_s_launch,3,competitive_dynamics,specific,0.9999999999117194,30,0.0,2.4783512192885906e-10,Fast Follower,1.0,,
deepseek-ai/deepseek-llm-7b-chat,0.0,3_model_s_launch,3,count_fact,generic,0.9999999999117194,29,0.0,2.4783512192885906e-10,Fast Follower,1.0,,
deepseek-ai/deepseek-llm-7b-chat,0.0,3_model_s_launch,3,count_fact,specific,0.9999999999117194,30,0.0,2.4783512192885906e-10,Fast Follower,1.0,,
deepseek-ai/deepseek-llm-7b-chat,0.0,3_model_s_launch,3,opp_focus,generic,0.9999999999117194,30,0.0,2.4783512192885906e-10,Fast Follower,1.0,,
deepseek-ai/deepseek-llm-7b-chat,0.0,3_model_s_launch,3,opp_focus,specific,0.9999999999117194,30,0.0,2.4783512192885906e-10,Fast Follower,1.0,,
deepseek-ai/deepseek-llm-7b-chat,0.0,3_model_s_launch,3,randomized_numbers,generic,0.9999999999117194,30,0.0,2.4783512192885906e-10,Fast Follower,1.0,,
deepseek-ai/deepseek-llm-7b-chat,0.0,3_model_s_launch,3,randomized_numbers,specific,0.9999999999117194,30,0.0,2.4783512192885906e-10,Fast Follower,1.0,,
deepseek-ai/deepseek-llm-7b-chat,0.0,5_model_3_mass_market,4,randomized_numbers,specific,0.9999999999117194,30,0.0,2.4783512192885906e-10,Technology Leadership,1.0,,
deepseek-ai/deepseek-llm-7b-chat,0.0,6_energy_infra,0,base,generic,0.9999999999117194,30,0.0,2.4783512192885906e-10,Fast Follower,1.0,,
deepseek-ai/deepseek-llm-7b-chat,0.0,6_energy_infra,0,base,specific,0.9999999999117194,30,0.0,2.4783512192885906e-10,Fast Follower,1.0,,
deepseek-ai/deepseek-llm-7b-chat,0.0,6_energy_infra,0,competitive_dynamics,generic,0.9999999999117194,30,0.0,2.4783512192885906e-10,Fast Follower,1.0,,
deepseek-ai/deepseek-llm-7b-chat,0.0,6_energy_infra,0,competitive_dynamics,specific,0.9999999999117194,30,0.0,2.4783512192885906e-10,Fast Follower,1.0,,
deepseek-ai/deepseek-llm-7b-chat,0.0,6_energy_infra,0,count_fact,generic,0.9999999999117194,30,0.0,2.4783512192885906e-10,Fast Follower,1.0,,
deepseek-ai/deepseek-llm-7b-chat,0.0,6_energy_infra,0,count_fact,specific,0.9999999999117194,30,0.0,2.4783512192885906e-10,Fast Follower,1.0,,
deepseek-ai/deepseek-llm-7b-chat,0.0,6_energy_infra,0,opp_focus,generic,0.9999999999117194,30,0.0,2.4783512192885906e-10,Fast Follower,1.0,,
deepseek-ai/deepseek-llm-7b-chat,0.0,6_energy_infra,0,opp_focus,specific,0.9999999999117194,30,0.0,2.4783512192885906e-10,Fast Follower,1.0,,
deepseek-ai/deepseek-llm-7b-chat,0.0,6_energy_infra,0,randomized_numbers,generic,0.9999999999117194,30,0.0,2.4783512192885906e-10,Fast Follower,1.0,,
deepseek-ai/deepseek-llm-7b-chat,0.0,6_energy_infra,0,randomized_numbers,specific,0.9999999999117194,30,0.0,2.4783512192885906e-10,Fast Follower,1.0,,
deepseek-ai/deepseek-llm-7b-chat,0.0,6_energy_infra,2,base,generic,0.9999999999117194,30,0.0,2.4783512192885906e-10,Technology Leadership,1.0,,
deepseek-ai/deepseek-llm-7b-chat,0.0,6_energy_infra,2,opp_focus,generic,0.9999999999117194,30,0.0,2.4783512192885906e-10,Technology Leadership,1.0,,
deepseek-ai/deepseek-llm-7b-chat,0.0,6_energy_infra,2,randomized_numbers,specific,0.9999999999117194,30,0.0,2.4783512192885906e-10,Technology Leadership,1.0,,
deepseek-ai/deepseek-llm-7b-chat,0.0,6_energy_infra,3,count_fact,generic,0.9999999999117194,30,0.0,2.4783512192885906e-10,Fast Follower,1.0,,
deepseek-ai/deepseek-llm-7b-chat,0.0,6_energy_infra,3,count_fact,specific,0.9999999999117194,30,0.0,2.4783512192885906e-10,Fast Follower,1.0,,
deepseek-ai/deepseek-llm-7b-chat,0.0,6_energy_infra,3,opp_focus,generic,0.9999999999117194,30,0.0,2.4783512192885906e-10,Technology Leadership,1.0,,
deepseek-ai/deepseek-llm-7b-chat,0.0,6_energy_infra,3,randomized_numbers,generic,0.9999999999117194,30,0.0,2.4783512192885906e-10,Technology Leadership,1.0,,
deepseek-ai/deepseek-llm-7b-chat,0.0,6_energy_infra,4,count_fact,generic,0.9999999999117194,30,0.0,2.4783512192885906e-10,Fast Follower,1.0,,
deepseek-ai/deepseek-llm-7b-chat,0.0,6_energy_infra,4,count_fact,specific,0.9999999999117194,30,0.0,2.4783512192885906e-10,Fast Follower,1.0,,
deepseek-ai/deepseek-llm-7b-chat,0.7,5_model_3_mass_market,4,base,specific,0.16043042178019684,29,0.75,2.356969787825191,Technology Leadership,0.3103448275862069,Maintain,0.27586206896551724
deepseek-ai/deepseek-llm-7b-chat,0.7,5_model_3_mass_market,4,randomized_numbers,generic,0.20759961589021625,30,0.6896551724137931,2.2245491185709376,Open Innovation,0.43333333333333335,Niche Focus,0.16666666666666666
deepseek-ai/deepseek-llm-7b-chat,0.7,2_roadster_launch,4,opp_focus,specific,0.21699019453430723,30,0.9655172413793104,2.19818643139348,Open Innovation,0.26666666666666666,Niche Focus,0.26666666666666666
deepseek-ai/deepseek-llm-7b-chat,0.7,2_roadster_launch,3,randomized_numbers,specific,0.22082160649317328,30,0.7931034482758621,2.187430298172327,Retrenchment,0.3333333333333333,Fast Follower,0.26666666666666666
deepseek-ai/deepseek-llm-7b-chat,0.7,5_model_3_mass_market,4,opp_focus,specific,0.2211977899663511,30,0.6896551724137931,2.1863742176473044,Maintain,0.43333333333333335,Open Innovation,0.2
deepseek-ai/deepseek-llm-7b-chat,0.7,2_roadster_launch,3,competitive_dynamics,generic,0.25930194240397997,30,0.7931034482758621,2.0794023377506936,Fast Follower,0.36666666666666664,Retrenchment,0.23333333333333334
deepseek-ai/deepseek-llm-7b-chat,0.7,2_roadster_launch,1,competitive_dynamics,generic,0.2755457684990871,30,0.6206896551724138,2.033800152609547,Niche Focus,0.36666666666666664,Retrenchment,0.3
deepseek-ai/deepseek-llm-7b-chat,0.7,2_roadster_launch,4,count_fact,generic,0.276513360875277,29,0.7142857142857143,2.031083777389705,Retrenchment,0.4482758620689655,Fast Follower,0.20689655172413793
deepseek-ai/deepseek-llm-7b-chat,0.7,2_roadster_launch,3,opp_focus,specific,0.27872083870536546,30,0.8275862068965517,2.024886603638073,Retrenchment,0.36666666666666664,Open Innovation,0.26666666666666666
deepseek-ai/deepseek-llm-7b-chat,0.7,2_roadster_launch,4,randomized_numbers,generic,0.2802063158043685,29,0.5714285714285714,2.020716342192583,Retrenchment,0.41379310344827586,Niche Focus,0.2413793103448276
deepseek-ai/deepseek-llm-7b-chat,0.7,2_roadster_launch,0,opp_focus,generic,0.2887284694889686,30,0.7931034482758621,1.9967916320995893,Open Innovation,0.26666666666666666,Fast Follower,0.26666666666666666
deepseek-ai/deepseek-llm-7b-chat,0.7,2_roadster_launch,0,competitive_dynamics,specific,0.29738496850000584,30,0.8275862068965517,1.9724897669931671,Retrenchment,0.3333333333333333,Niche Focus,0.23333333333333334
deepseek-ai/deepseek-llm-7b-chat,0.7,2_roadster_launch,3,base,specific,0.3038620324906014,30,0.7586206896551724,1.9543063495186868,Retrenchment,0.5,Niche Focus,0.16666666666666666
deepseek-ai/deepseek-llm-7b-chat,0.7,2_roadster_launch,0,base,generic,0.30548500703318004,29,0.75,1.9497500839482045,Retrenchment,0.3448275862068966,Niche Focus,0.27586206896551724
deepseek-ai/deepseek-llm-7b-chat,0.7,2_roadster_launch,4,competitive_dynamics,specific,0.30548500703318004,29,0.6428571428571429,1.9497500839482043,Retrenchment,0.3448275862068966,Fast Follower,0.27586206896551724
deepseek-ai/deepseek-llm-7b-chat,0.7,2_roadster_launch,3,count_fact,specific,0.30784065303569264,30,0.7931034482758621,1.9431369495484254,Retrenchment,0.4666666666666667,Open Innovation,0.26666666666666666
deepseek-ai/deepseek-llm-7b-chat,0.7,2_roadster_launch,0,count_fact,generic,0.31362879459511284,30,0.8620689655172413,1.9268875818520208,Open Innovation,0.3333333333333333,Niche Focus,0.3
deepseek-ai/deepseek-llm-7b-chat,0.7,2_roadster_launch,0,opp_focus,specific,0.31362879459511284,30,0.6206896551724138,1.9268875818520208,Open Innovation,0.3333333333333333,Retrenchment,0.3
deepseek-ai/deepseek-llm-7b-chat,0.7,5_model_3_mass_market,2,randomized_numbers,specific,0.31725191851572576,30,0.7586206896551724,1.9167161870802634,Open Innovation,0.36666666666666664,Maintain,0.26666666666666666
deepseek-ai/deepseek-llm-7b-chat,0.7,2_roadster_launch,0,competitive_dynamics,generic,0.323587641558991,30,0.6896551724137931,1.898929563809959,Open Innovation,0.4,Niche Focus,0.26666666666666666
deepseek-ai/deepseek-llm-7b-chat,0.7,5_model_3_mass_market,4,randomized_numbers,specific,0.3262639141515975,30,0.7241379310344828,1.8914163167743374,Technology Leadership,0.4666666666666667,Open Innovation,0.23333333333333334
deepseek-ai/deepseek-llm-7b-chat,0.7,2_roadster_launch,4,randomized_numbers,specific,0.3272111788150506,29,0.7857142857142857,1.8887570086589012,Retrenchment,0.3793103448275862,Niche Focus,0.3793103448275862
deepseek-ai/deepseek-llm-7b-chat,0.7,2_roadster_launch,0,base,specific,0.33250010943781383,30,0.7241379310344828,1.8739091032426654,Open Innovation,0.36666666666666664,Retrenchment,0.3
deepseek-ai/deepseek-llm-7b-chat,0.7,2_roadster_launch,4,competitive_dynamics,generic,0.33250010943781383,30,0.8275862068965517,1.8739091032426654,Niche Focus,0.36666666666666664,Open Innovation,0.3
deepseek-ai/deepseek-llm-7b-chat,0.7,2_roadster_launch,4,opp_focus,generic,0.33250010943781383,30,0.6551724137931034,1.8739091032426654,Retrenchment,0.36666666666666664,Niche Focus,0.3
deepseek-ai/deepseek-llm-7b-chat,0.7,2_roadster_launch,2,competitive_dynamics,generic,0.3357953942368751,30,0.7586206896551724,1.8646580692424393,Niche Focus,0.43333333333333335,Open Innovation,0.23333333333333334
deepseek-ai/deepseek-llm-7b-chat,0.7,5_model_3_mass_market,3,randomized_numbers,generic,0.3390097540562287,30,0.6551724137931034,1.8556342203823128,Maintain,0.36666666666666664,Open Innovation,0.3333333333333333
deepseek-ai/deepseek-llm-7b-chat,0.7,2_roadster_launch,0,count_fact,specific,0.34111927891539606,30,0.5862068965517241,1.8497120353857264,Retrenchment,0.43333333333333335,Open Innovation,0.26666666666666666
deepseek-ai/deepseek-llm-7b-chat,0.7,2_roadster_launch,3,randomized_numbers,generic,0.3411192789153962,30,0.7931034482758621,1.8497120353857261,Retrenchment,0.43333333333333335,Fast Follower,0.26666666666666666
deepseek-ai/deepseek-llm-7b-chat,0.7,5_model_3_mass_market,4,competitive_dynamics,generic,0.3473347873659115,30,0.8275862068965517,1.832262897144081,Maintain,0.4,Open Innovation,0.3333333333333333
deepseek-ai/deepseek-llm-7b-chat,0.7,6_energy_infra,1,base,generic,0.3554762855588407,30,0.8620689655172413,1.8094068221192383,Fast Follower,0.36666666666666664,Technology Leadership,0.3333333333333333
deepseek-ai/deepseek-llm-7b-chat,0.7,5_model_3_mass_market,4,competitive_dynamics,specific,0.3582873094358583,30,0.6551724137931034,1.8015152804020715,Maintain,0.5333333333333333,Open Innovation,0.23333333333333334
deepseek-ai/deepseek-llm-7b-chat,0.7,2_roadster_launch,1,opp_focus,specific,0.36648169927115737,30,0.7241379310344828,1.7785107197646859,Retrenchment,0.5666666666666667,Niche Focus,0.16666666666666666
deepseek-ai/deepseek-llm-7b-chat,0.7,2_roadster_launch,3,competitive_dynamics,specific,0.37127205793976104,30,0.7586206896551724,1.7650624827779602,Fast Follower,0.5,Niche Focus,0.23333333333333334
deepseek-ai/deepseek-llm-7b-chat,0.7,2_roadster_launch,3,opp_focus,generic,0.37273195001878545,30,0.7586206896551724,1.7609640475642379,Retrenchment,0.5,Fast Follower,0.2
deepseek-ai/deepseek-llm-7b-chat,0.7,5_model_3_mass_market,3,randomized_numbers,specific,0.3763550739393049,30,0.7586206896551724,1.750792652792743,Technology Leadership,0.4,Open Innovation,0.36666666666666664
deepseek-ai/deepseek-llm-7b-chat,0.7,2_roadster_launch,4,base,specific,0.38514436416789843,30,0.7241379310344828,1.7261179956081083,Retrenchment,0.6,Niche Focus,0.16666666666666666
deepseek-ai/deepseek-llm-7b-chat,0.7,2_roadster_launch,0,randomized_numbers,specific,0.3906909542409047,30,0.7241379310344828,1.710546748666018,Open Innovation,0.4,Niche Focus,0.3333333333333333
deepseek-ai/deepseek-llm-7b-chat,0.7,2_roadster_launch,4,base,generic,0.39479405967120595,29,0.5714285714285714,1.6990278754405406,Retrenchment,0.5517241379310345,Niche Focus,0.1724137931034483
deepseek-ai/deepseek-llm-7b-chat,0.7,5_model_3_mass_market,3,count_fact,specific,0.399928298183833,30,0.6551724137931034,1.6846142456810993,Maintain,0.6,Technology Leadership,0.16666666666666666
deepseek-ai/deepseek-llm-7b-chat,0.7,6_energy_infra,2,competitive_dynamics,generic,0.40332607378478,30,0.7241379310344828,1.6750754836237336,Diversification,0.4666666666666667,Fast Follower,0.26666666666666666
deepseek-ai/deepseek-llm-7b-chat,0.7,5_model_3_mass_market,4,base,generic,0.4075913462061316,28,0.5925925925925926,1.6631013500977359,Open Innovation,0.42857142857142855,Maintain,0.42857142857142855
deepseek-ai/deepseek-llm-7b-chat,0.7,2_roadster_launch,1,competitive_dynamics,specific,0.4186109531701141,30,0.6206896551724138,1.632165402248259,Retrenchment,0.5666666666666667,Niche Focus,0.26666666666666666
deepseek-ai/deepseek-llm-7b-chat,0.7,2_roadster_launch,1,base,specific,0.4318495228115371,30,0.7586206896551724,1.5950000386044079,Retrenchment,0.4666666666666667,Niche Focus,0.36666666666666664
deepseek-ai/deepseek-llm-7b-chat,0.7,5_model_3_mass_market,4,opp_focus,generic,0.43342714920537573,29,0.5357142857142857,1.590571081382497,Maintain,0.5517241379310345,Open Innovation,0.27586206896551724
deepseek-ai/deepseek-llm-7b-chat,0.7,2_roadster_launch,0,randomized_numbers,generic,0.4473736175337941,29,0.6071428571428571,1.551418394875391,Niche Focus,0.41379310344827586,Open Innovation,0.3448275862068966
deepseek-ai/deepseek-llm-7b-chat,0.7,6_energy_infra,1,count_fact,generic,0.44809334889396635,30,0.5172413793103449,1.5493978534988524,Technology Leadership,0.4,Diversification,0.36666666666666664
deepseek-ai/deepseek-llm-7b-chat,0.7,6_energy_infra,1,opp_focus,generic,0.454958490124606,30,0.7586206896551724,1.5301249654743956,Technology Leadership,0.4666666666666667,Diversification,0.26666666666666666
deepseek-ai/deepseek-llm-7b-chat,0.7,6_energy_infra,3,base,generic,0.454958490124606,30,0.7586206896551724,1.5301249654743958,Diversification,0.4666666666666667,Fast Follower,0.26666666666666666
deepseek-ai/deepseek-llm-7b-chat,0.7,2_roadster_launch,3,count_fact,generic,0.4568884366922169,30,0.5172413793103449,1.5247069204785049,Retrenchment,0.6333333333333333,Niche Focus,0.13333333333333333
deepseek-ai/deepseek-llm-7b-chat,0.7,5_model_3_mass_market,4,count_fact,generic,0.46369730982354995,29,0.6071428571428571,1.5055919969795912,Maintain,0.5517241379310345,Open Innovation,0.3448275862068966
deepseek-ai/deepseek-llm-7b-chat,0.7,6_energy_infra,1,randomized_numbers,generic,0.47470885212739977,30,0.5862068965517241,1.4746786894934332,Fast Follower,0.4666666666666667,Technology Leadership,0.36666666666666664
deepseek-ai/deepseek-llm-7b-chat,0.7,4_model_x_launch,4,count_fact,specific,0.4772483888970963,29,0.6785714285714286,1.4675493084432794,Niche Focus,0.4827586206896552,Open Innovation,0.41379310344827586
deepseek-ai/deepseek-llm-7b-chat,0.7,6_energy_infra,2,base,generic,0.48024102484413844,30,0.7241379310344828,1.459147917187424,Diversification,0.5,Technology Leadership,0.3333333333333333
deepseek-ai/deepseek-llm-7b-chat,0.7,1_founder_period,6,base,generic,0.5014591066450944,30,0.41379310344827586,1.3995812308068893,Technology Leadership,0.5333333333333333,Open Innovation,0.3333333333333333
deepseek-ai/deepseek-llm-7b-chat,0.7,1_founder_period,6,randomized_numbers,specific,0.5043546023937933,29,0.5357142857142857,1.391452546564983,Technology Leadership,0.5517241379310345,Open Innovation,0.3103448275862069
deepseek-ai/deepseek-llm-7b-chat,0.7,2_roadster_launch,1,randomized_numbers,generic,0.5089278856620277,30,0.5172413793103449,1.378613717271941,Retrenchment,0.7,Niche Focus,0.16666666666666666
deepseek-ai/deepseek-llm-7b-chat,0.7,5_model_3_mass_market,4,count_fact,specific,0.5108563049560231,29,0.42857142857142855,1.3731999598751523,Maintain,0.6206896551724138,Open Innovation,0.27586206896551724
deepseek-ai/deepseek-llm-7b-chat,0.7,4_model_x_launch,4,opp_focus,specific,0.5125120465362164,29,0.5357142857142857,1.3685517056003411,Niche Focus,0.6896551724137931,Open Innovation,0.13793103448275862
deepseek-ai/deepseek-llm-7b-chat,0.7,2_roadster_launch,1,count_fact,specific,0.519078817459727,30,0.6551724137931034,1.3501164489261992,Retrenchment,0.6666666666666666,Niche Focus,0.2
deepseek-ai/deepseek-llm-7b-chat,0.7,6_energy_infra,1,competitive_dynamics,generic,0.5203304214877953,30,0.5172413793103449,1.3466027521975341,Fast Follower,0.5333333333333333,Diversification,0.36666666666666664
deepseek-ai/deepseek-llm-7b-chat,0.7,5_model_3_mass_market,1,randomized_numbers,specific,0.5280767576087597,30,0.7586206896551724,1.3248560373604321,Maintain,0.5666666666666667,Open Innovation,0.3333333333333333
deepseek-ai/deepseek-llm-7b-chat,0.7,2_roadster_launch,2,competitive_dynamics,specific,0.5377762107270094,30,0.5517241379310345,1.2976262299076469,Niche Focus,0.6,Retrenchment,0.3333333333333333
deepseek-ai/deepseek-llm-7b-chat,0.7,4_model_x_launch,2,opp_focus,specific,0.5416382432471981,30,0.4827586206896552,1.2867841339029487,Niche Focus,0.7,Open Innovation,0.16666666666666666
deepseek-ai/deepseek-llm-7b-chat,0.7,4_model_x_launch,4,competitive_dynamics,specific,0.5446946059066218,29,0.5357142857142857,1.2782038391474226,Niche Focus,0.6206896551724138,Open Innovation,0.27586206896551724
deepseek-ai/deepseek-llm-7b-chat,0.7,2_roadster_launch,2,opp_focus,generic,0.5536789575797341,30,0.4482758620689655,1.2529815752564142,Retrenchment,0.7333333333333333,Technology Leadership,0.1
deepseek-ai/deepseek-llm-7b-chat,0.7,2_roadster_launch,4,count_fact,specific,0.5548647175319351,30,0.3448275862068966,1.249652726218224,Retrenchment,0.7333333333333333,Fast Follower,0.16666666666666666
deepseek-ai/deepseek-llm-7b-chat,0.7,1_founder_period,6,randomized_numbers,generic,0.5556585614469324,29,0.6785714285714286,1.2474241245961109,Open Innovation,0.5862068965517241,Technology Leadership,0.3448275862068966
deepseek-ai/deepseek-llm-7b-chat,0.7,4_model_x_launch,3,competitive_dynamics,generic,0.5729459330543144,30,0.5172413793103449,1.198892336824688,Niche Focus,0.6333333333333333,Open Innovation,0.3
deepseek-ai/deepseek-llm-7b-chat,0.7,5_model_3_mass_market,3,competitive_dynamics,generic,0.5729459330543144,30,0.6206896551724138,1.198892336824688,Open Innovation,0.6333333333333333,Maintain,0.3
deepseek-ai/deepseek-llm-7b-chat,0.7,2_roadster_launch,3,base,generic,0.5786118633263609,30,0.41379310344827586,1.182986059587423,Retrenchment,0.7333333333333333,Niche Focus,0.16666666666666666
deepseek-ai/deepseek-llm-7b-chat,0.7,6_energy_infra,4,opp_focus,generic,0.5789936766783234,29,0.5714285714285714,1.181914173994484,Diversification,0.4827586206896552,Technology Leadership,0.4827586206896552
deepseek-ai/deepseek-llm-7b-chat,0.7,2_roadster_launch,1,count_fact,generic,0.5806661606166893,30,0.5862068965517241,1.1772189179780501,Retrenchment,0.7,Niche Focus,0.23333333333333334
deepseek-ai/deepseek-llm-7b-chat,0.7,5_model_3_mass_market,3,opp_focus,generic,0.5806661606166893,30,0.4827586206896552,1.1772189179780501,Maintain,0.7,Open Innovation,0.23333333333333334
deepseek-ai/deepseek-llm-7b-chat,0.7,4_model_x_launch,4,base,specific,0.5808582454503914,30,0.6551724137931034,1.1766796676747038,Niche Focus,0.5,Open Innovation,0.4666666666666667
deepseek-ai/deepseek-llm-7b-chat,0.7,2_roadster_launch,2,opp_focus,specific,0.5824682680789155,30,0.3793103448275862,1.1721597627238927,Retrenchment,0.7666666666666667,Niche Focus,0.13333333333333333
deepseek-ai/deepseek-llm-7b-chat,0.7,5_model_3_mass_market,1,randomized_numbers,generic,0.5832256992569567,30,0.5517241379310345,1.1700333845780988,Maintain,0.5333333333333333,Open Innovation,0.43333333333333335
deepseek-ai/deepseek-llm-7b-chat,0.7,6_energy_infra,2,opp_focus,generic,0.5832256992569569,30,0.5517241379310345,1.1700333845780984,Diversification,0.5333333333333333,Technology Leadership,0.43333333333333335
deepseek-ai/deepseek-llm-7b-chat,0.7,4_model_x_launch,2,competitive_dynamics,generic,0.587946774908503,30,0.3793103448275862,1.156779649610324,Niche Focus,0.7,Open Innovation,0.2
deepseek-ai/deepseek-llm-7b-chat,0.7,4_model_x_launch,4,competitive_dynamics,generic,0.587946774908503,30,0.41379310344827586,1.156779649610324,Niche Focus,0.7,Open Innovation,0.2
deepseek-ai/deepseek-llm-7b-chat,0.7,5_model_3_mass_market,2,competitive_dynamics,generic,0.5879834633587149,30,0.5172413793103449,1.1566766521090388,Maintain,0.5666666666666667,Open Innovation,0.4
deepseek-ai/deepseek-llm-7b-chat,0.7,5_model_3_mass_market,3,base,specific,0.5914314798574067,30,0.4482758620689655,1.1469968460201005,Maintain,0.7666666666666667,Open Innovation,0.1
deepseek-ai/deepseek-llm-7b-chat,0.7,4_model_x_launch,1,count_fact,generic,0.595178605380071,30,0.4482758620689655,1.1364773347404815,Niche Focus,0.6,Open Innovation,0.36666666666666664
deepseek-ai/deepseek-llm-7b-chat,0.7,2_roadster_launch,2,randomized_numbers,specific,0.6011732491932401,30,0.3448275862068966,1.1196482419255989,Retrenchment,0.7333333333333333,Niche Focus,0.2
deepseek-ai/deepseek-llm-7b-chat,0.7,4_model_x_launch,1,randomized_numbers,specific,0.6172098902401877,30,0.5517241379310345,1.0746276987491796,Niche Focus,0.6666666666666666,Open Innovation,0.3
deepseek-ai/deepseek-llm-7b-chat,0.7,4_model_x_launch,2,randomized_numbers,generic,0.6172098902401877,30,0.41379310344827586,1.0746276987491796,Niche Focus,0.6666666666666666,Open Innovation,0.3
deepseek-ai/deepseek-llm-7b-chat,0.7,4_model_x_launch,2,randomized_numbers,specific,0.6172098902401877,30,0.4482758620689655,1.0746276987491796,Niche Focus,0.6666666666666666,Open Innovation,0.3
deepseek-ai/deepseek-llm-7b-chat,0.7,5_model_3_mass_market,3,count_fact,generic,0.624920394987666,30,0.4827586206896552,1.052981575294798,Maintain,0.7333333333333333,Open Innovation,0.2
deepseek-ai/deepseek-llm-7b-chat,0.7,6_energy_infra,3,randomized_numbers,generic,0.624920394987666,30,0.41379310344827586,1.052981575294798,Diversification,0.7333333333333333,Technology Leadership,0.2
deepseek-ai/deepseek-llm-7b-chat,0.7,6_energy_infra,2,randomized_numbers,generic,0.6322985769565153,30,0.41379310344827586,1.032268399828712,Technology Leadership,0.7,Diversification,0.26666666666666666
deepseek-ai/deepseek-llm-7b-chat,0.7,6_energy_infra,3,competitive_dynamics,generic,0.6322985769565153,30,0.3448275862068966,1.032268399828712,Diversification,0.7,Technology Leadership,0.26666666666666666
deepseek-ai/deepseek-llm-7b-chat,0.7,5_model_3_mass_market,3,opp_focus,specific,0.6388922289601084,30,0.3448275862068966,1.01375767842209,Maintain,0.8,Open Innovation,0.1
deepseek-ai/deepseek-llm-7b-chat,0.7,5_model_3_mass_market,0,competitive_dynamics,generic,0.6389257714585115,30,0.41379310344827586,1.0136635127240998,Maintain,0.7666666666666667,Niche Focus,0.13333333333333333
deepseek-ai/deepseek-llm-7b-chat,0.7,4_model_x_launch,2,competitive_dynamics,specific,0.6389257714585117,30,0.3793103448275862,1.0136635127240996,Niche Focus,0.7666666666666667,Open Innovation,0.13333333333333333
deepseek-ai/deepseek-llm-7b-chat,0.7,1_founder_period,3,opp_focus,specific,0.6437928128201917,30,0.5517241379310345,1.0000000002015292,Technology Leadership,0.5,Open Innovation,0.5
deepseek-ai/deepseek-llm-7b-chat,0.7,6_energy_infra,2,randomized_numbers,specific,0.6437928128201917,30,0.4482758620689655,1.0000000002015292,Technology Leadership,0.5,Diversification,0.5
deepseek-ai/deepseek-llm-7b-chat,0.7,6_energy_infra,4,count_fact,specific,0.6438996930949814,29,0.42857142857142855,0.9996999493360272,Fast Follower,0.7241379310344828,Diversification,0.2413793103448276
deepseek-ai/deepseek-llm-7b-chat,0.7,4_model_x_launch,0,opp_focus,specific,0.64493565656721,30,0.5172413793103449,0.9967916321831949,Niche Focus,0.5333333333333333,Open Innovation,0.4666666666666667
deepseek-ai/deepseek-llm-7b-chat,0.7,4_model_x_launch,1,count_fact,specific,0.6490747431892039,30,0.3448275862068966,0.9851717469821172,Niche Focus,0.7666666666666667,Open Innovation,0.16666666666666666
deepseek-ai/deepseek-llm-7b-chat,0.7,4_model_x_launch,3,base,generic,0.6503501382810224,30,0.41379310344827586,0.9815912602935323,Niche Focus,0.7333333333333333,Open Innovation,0.23333333333333334
deepseek-ai/deepseek-llm-7b-chat,0.7,6_energy_infra,3,count_fact,specific,0.6541404198565609,30,0.41379310344827586,0.9709505946564602,Diversification,0.6,Fast Follower,0.4
deepseek-ai/deepseek-llm-7b-chat,0.7,2_roadster_launch,1,base,generic,0.654140419856561,30,0.5862068965517241,0.97095059465646,Niche Focus,0.6,Retrenchment,0.4
deepseek-ai/deepseek-llm-7b-chat,0.7,4_model_x_launch,0,base,generic,0.6622877156191471,30,0.4827586206896552,0.9480782437959046,Niche Focus,0.6333333333333333,Open Innovation,0.36666666666666664
deepseek-ai/deepseek-llm-7b-chat,0.7,4_model_x_launch,0,count_fact,generic,0.6622877156191471,30,0.3793103448275862,0.9480782437959046,Niche Focus,0.6333333333333333,Open Innovation,0.36666666666666664
deepseek-ai/deepseek-llm-7b-chat,0.7,4_model_x_launch,1,base,specific,0.6716361290560829,30,0.4482758620689655,0.9218339293202934,Niche Focus,0.7666666666666667,Open Innovation,0.2
deepseek-ai/deepseek-llm-7b-chat,0.7,4_model_x_launch,3,count_fact,generic,0.6716361290560829,30,0.41379310344827586,0.9218339293202934,Niche Focus,0.7666666666666667,Open Innovation,0.2
deepseek-ai/deepseek-llm-7b-chat,0.7,4_model_x_launch,4,count_fact,generic,0.6716361290560829,30,0.4482758620689655,0.9218339293202934,Niche Focus,0.7666666666666667,Open Innovation,0.2
deepseek-ai/deepseek-llm-7b-chat,0.7,1_founder_period,6,count_fact,generic,0.6716644308769812,28,0.3333333333333333,0.9217544760640914,Open Innovation,0.8214285714285714,Fast Follower,0.10714285714285714
deepseek-ai/deepseek-llm-7b-chat,0.7,4_model_x_launch,1,randomized_numbers,generic,0.6728964239463848,30,0.5172413793103449,0.9182958342567604,Niche Focus,0.6666666666666666,Open Innovation,0.3333333333333333
deepseek-ai/deepseek-llm-7b-chat,0.7,6_energy_infra,0,count_fact,specific,0.6728964239463848,30,0.41379310344827586,0.9182958342567604,Fast Follower,0.6666666666666666,Diversification,0.3333333333333333
deepseek-ai/deepseek-llm-7b-chat,0.7,6_energy_infra,3,opp_focus,generic,0.6774233087704689,30,0.3793103448275862,0.9055872618642802,Technology Leadership,0.8,Diversification,0.13333333333333333
deepseek-ai/deepseek-llm-7b-chat,0.7,1_founder_period,6,competitive_dynamics,specific,0.6817035513266129,29,0.25,0.893571101856689,Technology Leadership,0.6896551724137931,Open Innovation,0.3103448275862069
deepseek-ai/deepseek-llm-7b-chat,0.7,1_founder_period,5,base,specific,0.6860778476889638,30,0.4827586206896552,0.8812908994333042,Open Innovation,0.7,Technology Leadership,0.3
deepseek-ai/deepseek-llm-7b-chat,0.7,2_roadster_launch,1,opp_focus,generic,0.6860778476889638,30,0.3448275862068966,0.8812908994333043,Retrenchment,0.7,Niche Focus,0.3
deepseek-ai/deepseek-llm-7b-chat,0.7,4_model_x_launch,0,competitive_dynamics,specific,0.6860778476889638,30,0.4482758620689655,0.8812908994333042,Niche Focus,0.7,Open Innovation,0.3
deepseek-ai/deepseek-llm-7b-chat,0.7,4_model_x_launch,1,base,generic,0.6860778476889638,30,0.5517241379310345,0.8812908994333042,Niche Focus,0.7,Open Innovation,0.3
deepseek-ai/deepseek-llm-7b-chat,0.7,4_model_x_launch,1,competitive_dynamics,generic,0.6860778476889638,30,0.41379310344827586,0.8812908994333042,Niche Focus,0.7,Open Innovation,0.3
deepseek-ai/deepseek-llm-7b-chat,0.7,5_model_3_mass_market,3,competitive_dynamics,specific,0.6860778476889638,30,0.4482758620689655,0.8812908994333042,Maintain,0.7,Open Innovation,0.3
deepseek-ai/deepseek-llm-7b-chat,0.7,2_roadster_launch,2,randomized_numbers,generic,0.6965354922919056,30,0.3793103448275862,0.8519325793841068,Retrenchment,0.8,Niche Focus,0.16666666666666666
deepseek-ai/deepseek-llm-7b-chat,0.7,4_model_x_launch,1,opp_focus,specific,0.6965354922919056,30,0.3103448275862069,0.8519325793841067,Niche Focus,0.8,Open Innovation,0.16666666666666666
deepseek-ai/deepseek-llm-7b-chat,0.7,5_model_3_mass_market,0,randomized_numbers,specific,0.6965354922919056,30,0.3103448275862069,0.8519325793841068,Maintain,0.8,Open Innovation,0.16666666666666666
deepseek-ai/deepseek-llm-7b-chat,0.7,4_model_x_launch,0,base,specific,0.7019825546208485,30,0.3448275862068966,0.8366407421441941,Niche Focus,0.7333333333333333,Open Innovation,0.26666666666666666
deepseek-ai/deepseek-llm-7b-chat,0.7,4_model_x_launch,0,count_fact,specific,0.7019825546208485,30,0.4827586206896552,0.8366407421441941,Niche Focus,0.7333333333333333,Open Innovation,0.26666666666666666
deepseek-ai/deepseek-llm-7b-chat,0.7,5_model_3_mass_market,2,opp_focus,generic,0.7019825546208485,30,0.5172413793103449,0.8366407421441941,Maintain,0.7333333333333333,Open Innovation,0.26666666666666666
deepseek-ai/deepseek-llm-7b-chat,0.7,6_energy_infra,0,opp_focus,specific,0.7019825546208485,30,0.27586206896551724,0.8366407421441943,Fast Follower,0.7333333333333333,Diversification,0.26666666666666666
deepseek-ai/deepseek-llm-7b-chat,0.7,5_model_3_mass_market,0,base,generic,0.710814078222737,30,0.3448275862068966,0.8118475208911646,Maintain,0.8333333333333334,Niche Focus,0.1
deepseek-ai/deepseek-llm-7b-chat,0.7,4_model_x_launch,4,randomized_numbers,generic,0.7159865665412721,29,0.2857142857142857,0.7973265103508393,Niche Focus,0.7586206896551724,Open Innovation,0.2413793103448276
deepseek-ai/deepseek-llm-7b-chat,0.7,6_energy_infra,0,competitive_dynamics,specific,0.7208130181438653,30,0.27586206896551724,0.7837769476882267,Fast Follower,0.7666666666666667,Diversification,0.23333333333333334
deepseek-ai/deepseek-llm-7b-chat,0.7,1_founder_period,6,base,specific,0.7208130181438654,30,0.27586206896551724,0.7837769476882265,Technology Leadership,0.7666666666666667,Open Innovation,0.23333333333333334
deepseek-ai/deepseek-llm-7b-chat,0.7,4_model_x_launch,0,opp_focus,generic,0.7208130181438654,30,0.41379310344827586,0.7837769476882266,Niche Focus,0.7666666666666667,Open Innovation,0.23333333333333334
deepseek-ai/deepseek-llm-7b-chat,0.7,4_model_x_launch,3,randomized_numbers,generic,0.7208130181438654,30,0.3103448275862069,0.7837769476882266,Niche Focus,0.7666666666666667,Open Innovation,0.23333333333333334
deepseek-ai/deepseek-llm-7b-chat,0.7,4_model_x_launch,2,base,generic,0.7255980122386716,30,0.3103448275862069,0.7703437709641557,Niche Focus,0.8333333333333334,Open Innovation,0.13333333333333333
deepseek-ai/deepseek-llm-7b-chat,0.7,4_model_x_launch,4,base,generic,0.7255980122386716,30,0.27586206896551724,0.7703437709641557,Niche Focus,0.8333333333333334,Open Innovation,0.13333333333333333
deepseek-ai/deepseek-llm-7b-chat,0.7,4_model_x_launch,4,opp_focus,generic,0.7269638047320415,30,0.27586206896551724,0.7665095066853843,Niche Focus,0.8666666666666667,Technology Leadership,0.06666666666666667
deepseek-ai/deepseek-llm-7b-chat,0.7,4_model_x_launch,3,opp_focus,generic,0.7269638047320416,30,0.27586206896551724,0.7665095066853842,Niche Focus,0.8666666666666667,Open Innovation,0.06666666666666667
deepseek-ai/deepseek-llm-7b-chat,0.7,1_founder_period,6,count_fact,specific,0.7380065569982334,29,0.35714285714285715,0.735508581757828,Open Innovation,0.7931034482758621,Technology Leadership,0.20689655172413793
deepseek-ai/deepseek-llm-7b-chat,0.7,4_model_x_launch,0,competitive_dynamics,generic,0.7428440239532105,30,0.2413793103448276,0.7219280950914819,Niche Focus,0.8,Open Innovation,0.2
deepseek-ai/deepseek-llm-7b-chat,0.7,4_model_x_launch,1,competitive_dynamics,specific,0.7428440239532105,30,0.41379310344827586,0.7219280950914819,Niche Focus,0.8,Open Innovation,0.2
deepseek-ai/deepseek-llm-7b-chat,0.7,4_model_x_launch,2,base,specific,0.7428440239532105,30,0.41379310344827586,0.7219280950914819,Niche Focus,0.8,Open Innovation,0.2
deepseek-ai/deepseek-llm-7b-chat,0.7,5_model_3_mass_market,2,randomized_numbers,generic,0.7428440239532105,30,0.2413793103448276,0.7219280950914819,Maintain,0.8,Open Innovation,0.2
deepseek-ai/deepseek-llm-7b-chat,0.7,6_energy_infra,0,base,specific,0.7428440239532105,30,0.3448275862068966,0.7219280950914819,Fast Follower,0.8,Diversification,0.2
deepseek-ai/deepseek-llm-7b-chat,0.7,1_founder_period,5,randomized_numbers,specific,0.7428440239532106,30,0.3448275862068966,0.7219280950914818,Open Innovation,0.8,Technology Leadership,0.2
deepseek-ai/deepseek-llm-7b-chat,0.7,6_energy_infra,2,base,specific,0.7428440239532106,30,0.3793103448275862,0.7219280950914817,Diversification,0.8,Technology Leadership,0.2
deepseek-ai/deepseek-llm-7b-chat,0.7,4_model_x_launch,2,count_fact,specific,0.7507109505264674,30,0.2413793103448276,0.6998428400545832,Niche Focus,0.8666666666666667,Fast Follower,0.06666666666666667
deepseek-ai/deepseek-llm-7b-chat,0.7,2_roadster_launch,1,randomized_numbers,specific,0.7596741623172119,30,0.27586206896551724,0.6746799233163923,Retrenchment,0.8666666666666667,Niche Focus,0.1
deepseek-ai/deepseek-llm-7b-chat,0.7,2_roadster_launch,2,base,generic,0.7596741623172119,30,0.27586206896551724,0.6746799233163923,Retrenchment,0.8666666666666667,Niche Focus,0.1
deepseek-ai/deepseek-llm-7b-chat,0.7,4_model_x_launch,2,count_fact,generic,0.7596741623172119,30,0.27586206896551724,0.6746799233163921,Niche Focus,0.8666666666666667,Open Innovation,0.1
deepseek-ai/deepseek-llm-7b-chat,0.7,4_model_x_launch,3,count_fact,specific,0.7596741623172119,30,0.20689655172413793,0.6746799233163921,Niche Focus,0.8666666666666667,Open Innovation,0.1
deepseek-ai/deepseek-llm-7b-chat,0.7,6_energy_infra,4,base,generic,0.7596741623172119,30,0.27586206896551724,0.674679923316392,Diversification,0.8666666666666667,Technology Leadership,0.1
deepseek-ai/deepseek-llm-7b-chat,0.7,1_founder_period,5,competitive_dynamics,specific,0.7684573415545342,30,0.3448275862068966,0.6500224218531813,Open Innovation,0.8333333333333334,Technology Leadership,0.16666666666666666
deepseek-ai/deepseek-llm-7b-chat,0.7,1_founder_period,6,competitive_dynamics,generic,0.7684573415545342,30,0.3448275862068966,0.6500224218531813,Technology Leadership,0.8333333333333334,Open Innovation,0.16666666666666666
deepseek-ai/deepseek-llm-7b-chat,0.7,4_model_x_launch,0,randomized_numbers,generic,0.7684573415545342,30,0.3448275862068966,0.6500224218531813,Niche Focus,0.8333333333333334,Open Innovation,0.16666666666666666
deepseek-ai/deepseek-llm-7b-chat,0.7,4_model_x_launch,4,randomized_numbers,specific,0.7684573415545342,30,0.3448275862068966,0.6500224218531813,Niche Focus,0.8333333333333334,Open Innovation,0.16666666666666666
deepseek-ai/deepseek-llm-7b-chat,0.7,5_model_3_mass_market,2,base,generic,0.7684573415545342,30,0.3103448275862069,0.6500224218531813,Maintain,0.8333333333333334,Open Innovation,0.16666666666666666
deepseek-ai/deepseek-llm-7b-chat,0.7,5_model_3_mass_market,3,base,generic,0.7684573415545342,30,0.3448275862068966,0.6500224218531813,Maintain,0.8333333333333334,Open Innovation,0.16666666666666666
deepseek-ai/deepseek-llm-7b-chat,0.7,6_energy_infra,0,randomized_numbers,specific,0.7684573415545342,30,0.20689655172413793,0.6500224218531813,Fast Follower,0.8333333333333334,Diversification,0.16666666666666666
deepseek-ai/deepseek-llm-7b-chat,0.7,6_energy_infra,2,count_fact,specific,0.7684573415545342,30,0.3103448275862069,0.6500224218531813,Fast Follower,0.8333333333333334,Diversification,0.16666666666666666
deepseek-ai/deepseek-llm-7b-chat,0.7,5_model_3_mass_market,0,count_fact,specific,0.7952420835591574,29,0.21428571428571427,0.574828144550459,Maintain,0.896551724137931,Open Innovation,0.06896551724137931
deepseek-ai/deepseek-llm-7b-chat,0.7,5_model_3_mass_market,1,competitive_dynamics,generic,0.7982052421275723,30,0.13793103448275862,0.5665095067585824,Maintain,0.8666666666666667,Open Innovation,0.13333333333333333
deepseek-ai/deepseek-llm-7b-chat,0.7,5_model_3_mass_market,1,competitive_dynamics,specific,0.7982052421275723,30,0.27586206896551724,0.5665095067585824,Maintain,0.8666666666666667,Open Innovation,0.13333333333333333
deepseek-ai/deepseek-llm-7b-chat,0.7,6_energy_infra,0,randomized_numbers,generic,0.7982052421275723,30,0.20689655172413793,0.5665095067585824,Fast Follower,0.8666666666666667,Open Innovation,0.13333333333333333
deepseek-ai/deepseek-llm-7b-chat,0.7,6_energy_infra,1,opp_focus,specific,0.7982052421275724,30,0.27586206896551724,0.5665095067585821,Diversification,0.8666666666666667,Technology Leadership,0.13333333333333333
deepseek-ai/deepseek-llm-7b-chat,0.7,5_model_3_mass_market,0,opp_focus,specific,0.8002300411826995,30,0.20689655172413793,0.5608251771649937,Maintain,0.9,Open Innovation,0.06666666666666667
deepseek-ai/deepseek-llm-7b-chat,0.7,6_energy_infra,0,base,generic,0.8002300411826995,30,0.20689655172413793,0.5608251771649936,Fast Follower,0.9,Niche Focus,0.06666666666666667
deepseek-ai/deepseek-llm-7b-chat,0.7,6_energy_infra,0,competitive_dynamics,generic,0.8002300411826995,30,0.13793103448275862,0.5608251771649937,Fast Follower,0.9,Open Innovation,0.06666666666666667
deepseek-ai/deepseek-llm-7b-chat,0.7,6_energy_infra,4,competitive_dynamics,generic,0.8002300411826995,30,0.13793103448275862,0.5608251771649935,Diversification,0.9,Niche Focus,0.06666666666666667
deepseek-ai/deepseek-llm-7b-chat,0.7,1_founder_period,0,randomized_numbers,specific,0.8290803845097561,29,0.17857142857142858,0.4798320238227295,Open Innovation,0.896551724137931,Niche Focus,0.10344827586206896
deepseek-ai/deepseek-llm-7b-chat,0.7,4_model_x_launch,1,opp_focus,generic,0.8329403987678697,30,0.13793103448275862,0.46899559379600153,Niche Focus,0.9,Open Innovation,0.1
deepseek-ai/deepseek-llm-7b-chat,0.7,4_model_x_launch,3,base,specific,0.8329403987678697,30,0.20689655172413793,0.46899559379600153,Niche Focus,0.9,Open Innovation,0.1
deepseek-ai/deepseek-llm-7b-chat,0.7,5_model_3_mass_market,0,opp_focus,generic,0.8329403987678697,30,0.1724137931034483,0.46899559379600153,Maintain,0.9,Open Innovation,0.1
deepseek-ai/deepseek-llm-7b-chat,0.7,5_model_3_mass_market,1,count_fact,generic,0.8329403987678697,30,0.13793103448275862,0.46899559379600153,Maintain,0.9,Open Innovation,0.1
deepseek-ai/deepseek-llm-7b-chat,0.7,5_model_3_mass_market,2,opp_focus,specific,0.8329403987678697,30,0.20689655172413793,0.46899559379600153,Maintain,0.9,Open Innovation,0.1
deepseek-ai/deepseek-llm-7b-chat,0.7,6_energy_infra,2,count_fact,generic,0.8503837193651191,30,0.13793103448275862,0.42002600186028444,Fast Follower,0.9333333333333333,Diversification,0.03333333333333333
deepseek-ai/deepseek-llm-7b-chat,0.7,5_model_3_mass_market,0,base,specific,0.8710347419568187,29,0.14285714285714285,0.3620512519419541,Maintain,0.9310344827586207,Niche Focus,0.06896551724137931
deepseek-ai/deepseek-llm-7b-chat,0.7,4_model_x_launch,3,competitive_dynamics,specific,0.874130865159545,30,0.10344827586206896,0.35335933522948365,Niche Focus,0.9333333333333333,Open Innovation,0.06666666666666667
deepseek-ai/deepseek-llm-7b-chat,0.7,4_model_x_launch,3,randomized_numbers,specific,0.874130865159545,30,0.06896551724137931,0.35335933522948365,Niche Focus,0.9333333333333333,Open Innovation,0.06666666666666667
deepseek-ai/deepseek-llm-7b-chat,0.7,5_model_3_mass_market,0,randomized_numbers,generic,0.874130865159545,30,0.13793103448275862,0.35335933522948376,Maintain,0.9333333333333333,Niche Focus,0.06666666666666667
deepseek-ai/deepseek-llm-7b-chat,0.7,5_model_3_mass_market,1,base,generic,0.874130865159545,30,0.13793103448275862,0.35335933522948365,Maintain,0.9333333333333333,Open Innovation,0.06666666666666667
deepseek-ai/deepseek-llm-7b-chat,0.7,5_model_3_mass_market,1,count_fact,specific,0.874130865159545,30,0.13793103448275862,0.35335933522948365,Maintain,0.9333333333333333,Open Innovation,0.06666666666666667
deepseek-ai/deepseek-llm-7b-chat,0.7,5_model_3_mass_market,1,opp_focus,generic,0.874130865159545,30,0.13793103448275862,0.35335933522948365,Maintain,0.9333333333333333,Open Innovation,0.06666666666666667
deepseek-ai/deepseek-llm-7b-chat,0.7,5_model_3_mass_market,2,count_fact,specific,0.874130865159545,30,0.13793103448275862,0.35335933522948365,Maintain,0.9333333333333333,Open Innovation,0.06666666666666667
deepseek-ai/deepseek-llm-7b-chat,0.7,6_energy_infra,3,count_fact,generic,0.874130865159545,30,0.13793103448275862,0.35335933522948365,Fast Follower,0.9333333333333333,Diversification,0.06666666666666667
deepseek-ai/deepseek-llm-7b-chat,0.7,1_founder_period,5,randomized_numbers,generic,0.8741308651595451,30,0.10344827586206896,0.3533593352294835,Open Innovation,0.9333333333333333,Technology Leadership,0.06666666666666667
deepseek-ai/deepseek-llm-7b-chat,0.7,2_roadster_launch,2,count_fact,generic,0.8741308651595451,30,0.13793103448275862,0.3533593352294835,Retrenchment,0.9333333333333333,Technology Leadership,0.06666666666666667
deepseek-ai/deepseek-llm-7b-chat,0.7,3_model_s_launch,3,competitive_dynamics,generic,0.8741308651595451,30,0.13793103448275862,0.3533593352294835,Fast Follower,0.9333333333333333,Technology Leadership,0.06666666666666667
deepseek-ai/deepseek-llm-7b-chat,0.7,6_energy_infra,3,randomized_numbers,specific,0.8741308651595451,30,0.13793103448275862,0.3533593352294835,Diversification,0.9333333333333333,Technology Leadership,0.06666666666666667
deepseek-ai/deepseek-llm-7b-chat,0.7,1_founder_period,0,competitive_dynamics,specific,0.918593070520715,27,0.07692307692307693,0.22853814416326704,Open Innovation,0.9629629629629629,Niche Focus,0.037037037037037035
deepseek-ai/deepseek-llm-7b-chat,0.7,3_model_s_launch,3,base,generic,0.920820545649924,28,0.037037037037037035,0.22228483089552123,Fast Follower,0.9642857142857143,Open Innovation,0.03571428571428571
deepseek-ai/deepseek-llm-7b-chat,0.7,6_energy_infra,4,randomized_numbers,generic,0.9229178573179542,29,0.07142857142857142,0.21639693266118792,Diversification,0.9655172413793104,Fast Follower,0.034482758620689655
deepseek-ai/deepseek-llm-7b-chat,0.7,1_founder_period,0,opp_focus,specific,0.924896457205344,30,0.06896551724137931,0.21084230052854142,Open Innovation,0.9666666666666667,Niche Focus,0.03333333333333333
deepseek-ai/deepseek-llm-7b-chat,0.7,3_model_s_launch,3,competitive_dynamics,specific,0.924896457205344,30,0.034482758620689655,0.21084230052854142,Fast Follower,0.9666666666666667,Open Innovation,0.03333333333333333
deepseek-ai/deepseek-llm-7b-chat,0.7,4_model_x_launch,2,opp_focus,generic,0.924896457205344,30,0.06896551724137931,0.21084230052854142,Niche Focus,0.9666666666666667,Open Innovation,0.03333333333333333
deepseek-ai/deepseek-llm-7b-chat,0.7,5_model_3_mass_market,0,competitive_dynamics,specific,0.924896457205344,30,0.06896551724137931,0.21084230052854142,Maintain,0.9666666666666667,Open Innovation,0.03333333333333333
deepseek-ai/deepseek-llm-7b-chat,0.7,5_model_3_mass_market,0,count_fact,generic,0.924896457205344,30,0.06896551724137931,0.2108423005285417,Maintain,0.9666666666666667,Niche Focus,0.03333333333333333
deepseek-ai/deepseek-llm-7b-chat,0.7,5_model_3_mass_market,1,base,specific,0.924896457205344,30,0.06896551724137931,0.21084230052854142,Maintain,0.9666666666666667,Open Innovation,0.03333333333333333
deepseek-ai/deepseek-llm-7b-chat,0.7,5_model_3_mass_market,2,base,specific,0.924896457205344,30,0.06896551724137931,0.21084230052854142,Maintain,0.9666666666666667,Open Innovation,0.03333333333333333
deepseek-ai/deepseek-llm-7b-chat,0.7,5_model_3_mass_market,2,count_fact,generic,0.924896457205344,30,0.06896551724137931,0.21084230052854142,Maintain,0.9666666666666667,Open Innovation,0.03333333333333333
deepseek-ai/deepseek-llm-7b-chat,0.7,6_energy_infra,0,count_fact,generic,0.924896457205344,30,0.034482758620689655,0.21084230052854142,Fast Follower,0.9666666666666667,Diversification,0.03333333333333333
deepseek-ai/deepseek-llm-7b-chat,0.7,6_energy_infra,0,opp_focus,generic,0.924896457205344,30,0.06896551724137931,0.21084230052854142,Fast Follower,0.9666666666666667,Niche Focus,0.03333333333333333
deepseek-ai/deepseek-llm-7b-chat,0.7,6_energy_infra,1,competitive_dynamics,specific,0.924896457205344,30,0.06896551724137931,0.21084230052854142,Diversification,0.9666666666666667,Fast Follower,0.03333333333333333
deepseek-ai/deepseek-llm-7b-chat,0.7,6_energy_infra,1,count_fact,specific,0.924896457205344,30,0.06896551724137931,0.21084230052854142,Diversification,0.9666666666666667,Fast Follower,0.03333333333333333
deepseek-ai/deepseek-llm-7b-chat,0.7,6_energy_infra,1,randomized_numbers,specific,0.924896457205344,30,0.06896551724137931,0.21084230052854142,Diversification,0.9666666666666667,Fast Follower,0.03333333333333333
deepseek-ai/deepseek-llm-7b-chat,0.7,6_energy_infra,2,competitive_dynamics,specific,0.924896457205344,30,0.06896551724137931,0.21084230052854142,Diversification,0.9666666666666667,Fast Follower,0.03333333333333333
deepseek-ai/deepseek-llm-7b-chat,0.7,6_energy_infra,4,count_fact,generic,0.924896457205344,30,0.06896551724137931,0.21084230052854142,Fast Follower,0.9666666666666667,Diversification,0.03333333333333333
deepseek-ai/deepseek-llm-7b-chat,0.7,1_founder_period,5,base,generic,0.9248964572053441,30,0.06896551724137931,0.21084230052854108,Open Innovation,0.9666666666666667,Technology Leadership,0.03333333333333333
deepseek-ai/deepseek-llm-7b-chat,0.7,1_founder_period,5,competitive_dynamics,generic,0.9248964572053441,30,0.06896551724137931,0.21084230052854108,Open Innovation,0.9666666666666667,Technology Leadership,0.03333333333333333
deepseek-ai/deepseek-llm-7b-chat,0.7,2_roadster_launch,2,count_fact,specific,0.9248964572053441,30,0.06896551724137931,0.2108423005285411,Retrenchment,0.9666666666666667,Technology Leadership,0.03333333333333333
deepseek-ai/deepseek-llm-7b-chat,0.7,4_model_x_launch,3,opp_focus,specific,0.9248964572053441,30,0.06896551724137931,0.2108423005285411,Niche Focus,0.9666666666666667,Fast Follower,0.03333333333333333
deepseek-ai/deepseek-llm-7b-chat,0.7,5_model_3_mass_market,1,opp_focus,specific,0.9248964572053441,30,0.06896551724137931,0.2108423005285411,Maintain,0.9666666666666667,Technology Leadership,0.03333333333333333
deepseek-ai/deepseek-llm-7b-chat,0.7,6_energy_infra,1,base,specific,0.9248964572053441,30,0.06896551724137931,0.2108423005285411,Diversification,0.9666666666666667,Technology Leadership,0.03333333333333333
deepseek-ai/deepseek-llm-7b-chat,0.7,6_energy_infra,2,opp_focus,specific,0.9248964572053441,30,0.06896551724137931,0.2108423005285411,Diversification,0.9666666666666667,Technology Leadership,0.03333333333333333
deepseek-ai/deepseek-llm-7b-chat,0.7,2_roadster_launch,2,base,specific,0.9999999999117192,30,0.0,2.4783576261415975e-10,Retrenchment,1.0,,
deepseek-ai/deepseek-llm-7b-chat,0.7,5_model_3_mass_market,2,competitive_dynamics,specific,0.9999999999117192,30,0.0,2.4783576261415975e-10,Maintain,1.0,,
deepseek-ai/deepseek-llm-7b-chat,0.7,4_model_x_launch,0,randomized_numbers,specific,0.9999999999117193,30,0.0,2.478354422715094e-10,Niche Focus,1.0,,
deepseek-ai/deepseek-llm-7b-chat,0.7,6_energy_infra,3,base,specific,0.9999999999117193,30,0.0,2.478354422715094e-10,Diversification,1.0,,
deepseek-ai/deepseek-llm-7b-chat,0.7,6_energy_infra,3,competitive_dynamics,specific,0.9999999999117193,30,0.0,2.478354422715094e-10,Diversification,1.0,,
deepseek-ai/deepseek-llm-7b-chat,0.7,6_energy_infra,3,opp_focus,specific,0.9999999999117193,30,0.0,2.478354422715094e-10,Diversification,1.0,,
deepseek-ai/deepseek-llm-7b-chat,0.7,6_energy_infra,4,base,specific,0.9999999999117193,30,0.0,2.478354422715094e-10,Diversification,1.0,,
deepseek-ai/deepseek-llm-7b-chat,0.7,6_energy_infra,4,competitive_dynamics,specific,0.9999999999117193,30,0.0,2.478354422715094e-10,Diversification,1.0,,
deepseek-ai/deepseek-llm-7b-chat,0.7,6_energy_infra,4,opp_focus,specific,0.9999999999117193,29,0.0,2.478354422715094e-10,Diversification,1.0,,
deepseek-ai/deepseek-llm-7b-chat,0.7,6_energy_infra,4,randomized_numbers,specific,0.9999999999117193,29,0.0,2.478354422715094e-10,Diversification,1.0,,
deepseek-ai/deepseek-llm-7b-chat,0.7,1_founder_period,0,base,generic,0.9999999999117194,30,0.0,2.4783512192885906e-10,Open Innovation,1.0,,
deepseek-ai/deepseek-llm-7b-chat,0.7,1_founder_period,0,base,specific,0.9999999999117194,28,0.0,2.4783512192885906e-10,Open Innovation,1.0,,
deepseek-ai/deepseek-llm-7b-chat,0.7,1_founder_period,0,competitive_dynamics,generic,0.9999999999117194,30,0.0,2.4783512192885906e-10,Open Innovation,1.0,,
deepseek-ai/deepseek-llm-7b-chat,0.7,1_founder_period,0,count_fact,generic,0.9999999999117194,30,0.0,2.4783512192885906e-10,Open Innovation,1.0,,
deepseek-ai/deepseek-llm-7b-chat,0.7,1_founder_period,0,count_fact,specific,0.9999999999117194,30,0.0,2.4783512192885906e-10,Open Innovation,1.0,,
deepseek-ai/deepseek-llm-7b-chat,0.7,1_founder_period,0,opp_focus,generic,0.9999999999117194,29,0.0,2.4783512192885906e-10,Open Innovation,1.0,,
deepseek-ai/deepseek-llm-7b-chat,0.7,1_founder_period,0,randomized_numbers,generic,0.9999999999117194,30,0.0,2.4783512192885906e-10,Open Innovation,1.0,,
deepseek-ai/deepseek-llm-7b-chat,0.7,1_founder_period,1,base,generic,0.9999999999117194,30,0.0,2.4783512192885906e-10,Open Innovation,1.0,,
deepseek-ai/deepseek-llm-7b-chat,0.7,1_founder_period,1,base,specific,0.9999999999117194,30,0.0,2.4783512192885906e-10,Open Innovation,1.0,,
deepseek-ai/deepseek-llm-7b-chat,0.7,1_founder_period,1,competitive_dynamics,generic,0.9999999999117194,30,0.0,2.4783512192885906e-10,Open Innovation,1.0,,
deepseek-ai/deepseek-llm-7b-chat,0.7,1_founder_period,1,competitive_dynamics,specific,0.9999999999117194,30,0.0,2.4783512192885906e-10,Open Innovation,1.0,,
deepseek-ai/deepseek-llm-7b-chat,0.7,1_founder_period,1,count_fact,generic,0.9999999999117194,30,0.0,2.4783512192885906e-10,Open Innovation,1.0,,
deepseek-ai/deepseek-llm-7b-chat,0.7,1_founder_period,1,count_fact,specific,0.9999999999117194,30,0.0,2.4783512192885906e-10,Open Innovation,1.0,,
deepseek-ai/deepseek-llm-7b-chat,0.7,1_founder_period,1,opp_focus,generic,0.9999999999117194,30,0.0,2.4783512192885906e-10,Open Innovation,1.0,,
deepseek-ai/deepseek-llm-7b-chat,0.7,1_founder_period,1,opp_focus,specific,0.9999999999117194,30,0.0,2.4783512192885906e-10,Open Innovation,1.0,,
deepseek-ai/deepseek-llm-7b-chat,0.7,1_founder_period,1,randomized_numbers,generic,0.9999999999117194,30,0.0,2.4783512192885906e-10,Open Innovation,1.0,,
deepseek-ai/deepseek-llm-7b-chat,0.7,1_founder_period,1,randomized_numbers,specific,0.9999999999117194,30,0.0,2.4783512192885906e-10,Open Innovation,1.0,,
deepseek-ai/deepseek-llm-7b-chat,0.7,1_founder_period,2,base,generic,0.9999999999117194,30,0.0,2.4783512192885906e-10,Open Innovation,1.0,,
deepseek-ai/deepseek-llm-7b-chat,0.7,1_founder_period,2,base,specific,0.9999999999117194,30,0.0,2.4783512192885906e-10,Open Innovation,1.0,,
deepseek-ai/deepseek-llm-7b-chat,0.7,1_founder_period,2,competitive_dynamics,generic,0.9999999999117194,30,0.0,2.4783512192885906e-10,Open Innovation,1.0,,
deepseek-ai/deepseek-llm-7b-chat,0.7,1_founder_period,2,competitive_dynamics,specific,0.9999999999117194,30,0.0,2.4783512192885906e-10,Open Innovation,1.0,,
deepseek-ai/deepseek-llm-7b-chat,0.7,1_founder_period,2,count_fact,generic,0.9999999999117194,30,0.0,2.4783512192885906e-10,Open Innovation,1.0,,
deepseek-ai/deepseek-llm-7b-chat,0.7,1_founder_period,2,count_fact,specific,0.9999999999117194,30,0.0,2.4783512192885906e-10,Open Innovation,1.0,,
deepseek-ai/deepseek-llm-7b-chat,0.7,1_founder_period,2,opp_focus,generic,0.9999999999117194,30,0.0,2.4783512192885906e-10,Open Innovation,1.0,,
deepseek-ai/deepseek-llm-7b-chat,0.7,1_founder_period,2,opp_focus,specific,0.9999999999117194,30,0.0,2.4783512192885906e-10,Open Innovation,1.0,,
deepseek-ai/deepseek-llm-7b-chat,0.7,1_founder_period,2,randomized_numbers,generic,0.9999999999117194,30,0.0,2.4783512192885906e-10,Open Innovation,1.0,,
deepseek-ai/deepseek-llm-7b-chat,0.7,1_founder_period,2,randomized_numbers,specific,0.9999999999117194,30,0.0,2.4783512192885906e-10,Open Innovation,1.0,,
deepseek-ai/deepseek-llm-7b-chat,0.7,1_founder_period,3,base,generic,0.9999999999117194,30,0.0,2.4783512192885906e-10,Open Innovation,1.0,,
deepseek-ai/deepseek-llm-7b-chat,0.7,1_founder_period,3,base,specific,0.9999999999117194,30,0.0,2.4783512192885906e-10,Open Innovation,1.0,,
deepseek-ai/deepseek-llm-7b-chat,0.7,1_founder_period,3,competitive_dynamics,generic,0.9999999999117194,30,0.0,2.4783512192885906e-10,Open Innovation,1.0,,
deepseek-ai/deepseek-llm-7b-chat,0.7,1_founder_period,3,competitive_dynamics,specific,0.9999999999117194,30,0.0,2.4783512192885906e-10,Open Innovation,1.0,,
deepseek-ai/deepseek-llm-7b-chat,0.7,1_founder_period,3,count_fact,generic,0.9999999999117194,30,0.0,2.4783512192885906e-10,Open Innovation,1.0,,
deepseek-ai/deepseek-llm-7b-chat,0.7,1_founder_period,3,count_fact,specific,0.9999999999117194,30,0.0,2.4783512192885906e-10,Open Innovation,1.0,,
deepseek-ai/deepseek-llm-7b-chat,0.7,1_founder_period,3,opp_focus,generic,0.9999999999117194,30,0.0,2.4783512192885906e-10,Open Innovation,1.0,,
deepseek-ai/deepseek-llm-7b-chat,0.7,1_founder_period,3,randomized_numbers,generic,0.9999999999117194,30,0.0,2.4783512192885906e-10,Open Innovation,1.0,,
deepseek-ai/deepseek-llm-7b-chat,0.7,1_founder_period,3,randomized_numbers,specific,0.9999999999117194,30,0.0,2.4783512192885906e-10,Open Innovation,1.0,,
deepseek-ai/deepseek-llm-7b-chat,0.7,1_founder_period,4,base,generic,0.9999999999117194,30,0.0,2.4783512192885906e-10,Open Innovation,1.0,,
deepseek-ai/deepseek-llm-7b-chat,0.7,1_founder_period,4,base,specific,0.9999999999117194,30,0.0,2.4783512192885906e-10,Open Innovation,1.0,,
deepseek-ai/deepseek-llm-7b-chat,0.7,1_founder_period,4,competitive_dynamics,generic,0.9999999999117194,30,0.0,2.4783512192885906e-10,Open Innovation,1.0,,
deepseek-ai/deepseek-llm-7b-chat,0.7,1_founder_period,4,competitive_dynamics,specific,0.9999999999117194,30,0.0,2.4783512192885906e-10,Open Innovation,1.0,,
deepseek-ai/deepseek-llm-7b-chat,0.7,1_founder_period,4,count_fact,generic,0.9999999999117194,30,0.0,2.4783512192885906e-10,Open Innovation,1.0,,
deepseek-ai/deepseek-llm-7b-chat,0.7,1_founder_period,4,count_fact,specific,0.9999999999117194,30,0.0,2.4783512192885906e-10,Open Innovation,1.0,,
deepseek-ai/deepseek-llm-7b-chat,0.7,1_founder_period,4,opp_focus,generic,0.9999999999117194,30,0.0,2.4783512192885906e-10,Technology Leadership,1.0,,
deepseek-ai/deepseek-llm-7b-chat,0.7,1_founder_period,4,opp_focus,specific,0.9999999999117194,30,0.0,2.4783512192885906e-10,Technology Leadership,1.0,,
deepseek-ai/deepseek-llm-7b-chat,0.7,1_founder_period,4,randomized_numbers,generic,0.9999999999117194,30,0.0,2.4783512192885906e-10,Open Innovation,1.0,,
deepseek-ai/deepseek-llm-7b-chat,0.7,1_founder_period,4,randomized_numbers,specific,0.9999999999117194,30,0.0,2.4783512192885906e-10,Open Innovation,1.0,,
deepseek-ai/deepseek-llm-7b-chat,0.7,1_founder_period,5,count_fact,generic,0.9999999999117194,30,0.0,2.4783512192885906e-10,Open Innovation,1.0,,
deepseek-ai/deepseek-llm-7b-chat,0.7,1_founder_period,5,count_fact,specific,0.9999999999117194,30,0.0,2.4783512192885906e-10,Open Innovation,1.0,,
deepseek-ai/deepseek-llm-7b-chat,0.7,1_founder_period,5,opp_focus,generic,0.9999999999117194,30,0.0,2.4783512192885906e-10,Technology Leadership,1.0,,
deepseek-ai/deepseek-llm-7b-chat,0.7,1_founder_period,5,opp_focus,specific,0.9999999999117194,30,0.0,2.4783512192885906e-10,Technology Leadership,1.0,,
deepseek-ai/deepseek-llm-7b-chat,0.7,1_founder_period,6,opp_focus,generic,0.9999999999117194,30,0.0,2.4783512192885906e-10,Technology Leadership,1.0,,
deepseek-ai/deepseek-llm-7b-chat,0.7,1_founder_period,6,opp_focus,specific,0.9999999999117194,30,0.0,2.4783512192885906e-10,Technology Leadership,1.0,,
deepseek-ai/deepseek-llm-7b-chat,0.7,3_model_s_launch,0,base,generic,0.9999999999117194,30,0.0,2.4783512192885906e-10,Fast Follower,1.0,,
deepseek-ai/deepseek-llm-7b-chat,0.7,3_model_s_launch,0,base,specific,0.9999999999117194,30,0.0,2.4783512192885906e-10,Fast Follower,1.0,,
deepseek-ai/deepseek-llm-7b-chat,0.7,3_model_s_launch,0,competitive_dynamics,generic,0.9999999999117194,30,0.0,2.4783512192885906e-10,Fast Follower,1.0,,
deepseek-ai/deepseek-llm-7b-chat,0.7,3_model_s_launch,0,competitive_dynamics,specific,0.9999999999117194,30,0.0,2.4783512192885906e-10,Fast Follower,1.0,,
deepseek-ai/deepseek-llm-7b-chat,0.7,3_model_s_launch,0,count_fact,generic,0.9999999999117194,30,0.0,2.4783512192885906e-10,Fast Follower,1.0,,
deepseek-ai/deepseek-llm-7b-chat,0.7,3_model_s_launch,0,count_fact,specific,0.9999999999117194,30,0.0,2.4783512192885906e-10,Fast Follower,1.0,,
deepseek-ai/deepseek-llm-7b-chat,0.7,3_model_s_launch,0,opp_focus,generic,0.9999999999117194,30,0.0,2.4783512192885906e-10,Fast Follower,1.0,,
deepseek-ai/deepseek-llm-7b-chat,0.7,3_model_s_launch,0,opp_focus,specific,0.9999999999117194,30,0.0,2.4783512192885906e-10,Fast Follower,1.0,,
deepseek-ai/deepseek-llm-7b-chat,0.7,3_model_s_launch,0,randomized_numbers,generic,0.9999999999117194,30,0.0,2.4783512192885906e-10,Fast Follower,1.0,,
deepseek-ai/deepseek-llm-7b-chat,0.7,3_model_s_launch,0,randomized_numbers,specific,0.9999999999117194,30,0.0,2.4783512192885906e-10,Fast Follower,1.0,,
deepseek-ai/deepseek-llm-7b-chat,0.7,3_model_s_launch,1,base,generic,0.9999999999117194,30,0.0,2.4783512192885906e-10,Fast Follower,1.0,,
deepseek-ai/deepseek-llm-7b-chat,0.7,3_model_s_launch,1,base,specific,0.9999999999117194,30,0.0,2.4783512192885906e-10,Fast Follower,1.0,,
deepseek-ai/deepseek-llm-7b-chat,0.7,3_model_s_launch,1,competitive_dynamics,generic,0.9999999999117194,30,0.0,2.4783512192885906e-10,Fast Follower,1.0,,
deepseek-ai/deepseek-llm-7b-chat,0.7,3_model_s_launch,1,competitive_dynamics,specific,0.9999999999117194,30,0.0,2.4783512192885906e-10,Fast Follower,1.0,,
deepseek-ai/deepseek-llm-7b-chat,0.7,3_model_s_launch,1,count_fact,generic,0.9999999999117194,30,0.0,2.4783512192885906e-10,Fast Follower,1.0,,
deepseek-ai/deepseek-llm-7b-chat,0.7,3_model_s_launch,1,count_fact,specific,0.9999999999117194,30,0.0,2.4783512192885906e-10,Fast Follower,1.0,,
deepseek-ai/deepseek-llm-7b-chat,0.7,3_model_s_launch,1,opp_focus,generic,0.9999999999117194,30,0.0,2.4783512192885906e-10,Fast Follower,1.0,,
deepseek-ai/deepseek-llm-7b-chat,0.7,3_model_s_launch,1,opp_focus,specific,0.9999999999117194,30,0.0,2.4783512192885906e-10,Fast Follower,1.0,,
deepseek-ai/deepseek-llm-7b-chat,0.7,3_model_s_launch,1,randomized_numbers,generic,0.9999999999117194,30,0.0,2.4783512192885906e-10,Fast Follower,1.0,,
deepseek-ai/deepseek-llm-7b-chat,0.7,3_model_s_launch,1,randomized_numbers,specific,0.9999999999117194,30,0.0,2.4783512192885906e-10,Fast Follower,1.0,,
deepseek-ai/deepseek-llm-7b-chat,0.7,3_model_s_launch,2,base,generic,0.9999999999117194,30,0.0,2.4783512192885906e-10,Fast Follower,1.0,,
deepseek-ai/deepseek-llm-7b-chat,0.7,3_model_s_launch,2,base,specific,0.9999999999117194,30,0.0,2.4783512192885906e-10,Fast Follower,1.0,,
deepseek-ai/deepseek-llm-7b-chat,0.7,3_model_s_launch,2,competitive_dynamics,generic,0.9999999999117194,30,0.0,2.4783512192885906e-10,Fast Follower,1.0,,
deepseek-ai/deepseek-llm-7b-chat,0.7,3_model_s_launch,2,competitive_dynamics,specific,0.9999999999117194,30,0.0,2.4783512192885906e-10,Fast Follower,1.0,,
deepseek-ai/deepseek-llm-7b-chat,0.7,3_model_s_launch,2,count_fact,generic,0.9999999999117194,30,0.0,2.4783512192885906e-10,Fast Follower,1.0,,
deepseek-ai/deepseek-llm-7b-chat,0.7,3_model_s_launch,2,count_fact,specific,0.9999999999117194,30,0.0,2.4783512192885906e-10,Fast Follower,1.0,,
deepseek-ai/deepseek-llm-7b-chat,0.7,3_model_s_launch,2,opp_focus,generic,0.9999999999117194,30,0.0,2.4783512192885906e-10,Fast Follower,1.0,,
deepseek-ai/deepseek-llm-7b-chat,0.7,3_model_s_launch,2,opp_focus,specific,0.9999999999117194,30,0.0,2.4783512192885906e-10,Fast Follower,1.0,,
deepseek-ai/deepseek-llm-7b-chat,0.7,3_model_s_launch,2,randomized_numbers,generic,0.9999999999117194,30,0.0,2.4783512192885906e-10,Fast Follower,1.0,,
deepseek-ai/deepseek-llm-7b-chat,0.7,3_model_s_launch,2,randomized_numbers,specific,0.9999999999117194,30,0.0,2.4783512192885906e-10,Fast Follower,1.0,,
deepseek-ai/deepseek-llm-7b-chat,0.7,3_model_s_launch,3,base,specific,0.9999999999117194,30,0.0,2.4783512192885906e-10,Fast Follower,1.0,,
deepseek-ai/deepseek-llm-7b-chat,0.7,3_model_s_launch,3,count_fact,generic,0.9999999999117194,30,0.0,2.4783512192885906e-10,Fast Follower,1.0,,
deepseek-ai/deepseek-llm-7b-chat,0.7,3_model_s_launch,3,count_fact,specific,0.9999999999117194,28,0.0,2.4783512192885906e-10,Fast Follower,1.0,,
deepseek-ai/deepseek-llm-7b-chat,0.7,3_model_s_launch,3,opp_focus,generic,0.9999999999117194,30,0.0,2.4783512192885906e-10,Fast Follower,1.0,,
deepseek-ai/deepseek-llm-7b-chat,0.7,3_model_s_launch,3,opp_focus,specific,0.9999999999117194,30,0.0,2.4783512192885906e-10,Fast Follower,1.0,,
deepseek-ai/deepseek-llm-7b-chat,0.7,3_model_s_launch,3,randomized_numbers,generic,0.9999999999117194,30,0.0,2.4783512192885906e-10,Fast Follower,1.0,,
deepseek-ai/deepseek-llm-7b-chat,0.7,3_model_s_launch,3,randomized_numbers,specific,0.9999999999117194,30,0.0,2.4783512192885906e-10,Fast Follower,1.0,,
meta-llama/Meta-Llama-3.1-8B-Instruct,0.0,6_energy_infra,2,opp_focus,specific,0.6860778476889638,30,0.3793103448275862,0.8812908994333042,Diversification,0.7,Technology Leadership,0.3
meta-llama/Meta-Llama-3.1-8B-Instruct,0.0,6_energy_infra,4,count_fact,generic,0.7019825546208485,30,0.3103448275862069,0.8366407421441943,Fast Follower,0.7333333333333333,Diversification,0.26666666666666666
meta-llama/Meta-Llama-3.1-8B-Instruct,0.0,1_founder_period,1,base,generic,0.7684573415545342,30,0.3103448275862069,0.6500224218531814,Retrenchment,0.8333333333333334,Niche Focus,0.16666666666666666
meta-llama/Meta-Llama-3.1-8B-Instruct,0.0,4_model_x_launch,1,competitive_dynamics,specific,0.7684573415545342,30,0.2413793103448276,0.6500224218531812,Open Innovation,0.8333333333333334,Retrenchment,0.16666666666666666
meta-llama/Meta-Llama-3.1-8B-Instruct,0.0,6_energy_infra,2,count_fact,specific,0.7684573415545342,30,0.27586206896551724,0.6500224218531813,Fast Follower,0.8333333333333334,Diversification,0.16666666666666666
meta-llama/Meta-Llama-3.1-8B-Instruct,0.0,6_energy_infra,2,opp_focus,generic,0.7684573415545342,30,0.3103448275862069,0.6500224218531812,Technology Leadership,0.8333333333333334,Diversification,0.16666666666666666
meta-llama/Meta-Llama-3.1-8B-Instruct,0.0,4_model_x_launch,1,opp_focus,generic,0.874130865159545,30,0.06896551724137931,0.3533593352294836,Open Innovation,0.9333333333333333,Retrenchment,0.06666666666666667
meta-llama/Meta-Llama-3.1-8B-Instruct,0.0,2_roadster_launch,1,randomized_numbers,generic,0.8741308651595451,30,0.10344827586206896,0.3533593352294833,Technology Leadership,0.9333333333333333,Maintain,0.06666666666666667
meta-llama/Meta-Llama-3.1-8B-Instruct,0.0,1_founder_period,1,count_fact,generic,0.924896457205344,30,0.034482758620689655,0.2108423005285417,Niche Focus,0.9666666666666667,Retrenchment,0.03333333333333333
meta-llama/Meta-Llama-3.1-8B-Instruct,0.0,1_founder_period,2,randomized_numbers,generic,0.924896457205344,30,0.06896551724137931,0.2108423005285417,Retrenchment,0.9666666666666667,Niche Focus,0.03333333333333333
meta-llama/Meta-Llama-3.1-8B-Instruct,0.0,4_model_x_launch,1,count_fact,specific,0.924896457205344,30,0.034482758620689655,0.21084230052854142,Open Innovation,0.9666666666666667,Retrenchment,0.03333333333333333
meta-llama/Meta-Llama-3.1-8B-Instruct,0.0,4_model_x_launch,4,randomized_numbers,specific,0.924896457205344,30,0.06896551724137931,0.21084230052854142,Retrenchment,0.9666666666666667,Open Innovation,0.03333333333333333
meta-llama/Meta-Llama-3.1-8B-Instruct,0.0,6_energy_infra,3,opp_focus,specific,0.9248964572053441,30,0.06896551724137931,0.2108423005285411,Technology Leadership,0.9666666666666667,Diversification,0.03333333333333333
meta-llama/Meta-Llama-3.1-8B-Instruct,0.0,1_founder_period,0,base,generic,0.9999999999117192,30,0.0,2.4783576261415975e-10,Retrenchment,1.0,,
meta-llama/Meta-Llama-3.1-8B-Instruct,0.0,1_founder_period,0,competitive_dynamics,generic,0.9999999999117192,30,0.0,2.4783576261415975e-10,Retrenchment,1.0,,
meta-llama/Meta-Llama-3.1-8B-Instruct,0.0,1_founder_period,0,count_fact,generic,0.9999999999117192,30,0.0,2.4783576261415975e-10,Retrenchment,1.0,,
meta-llama/Meta-Llama-3.1-8B-Instruct,0.0,1_founder_period,0,opp_focus,generic,0.9999999999117192,30,0.0,2.4783576261415975e-10,Retrenchment,1.0,,
meta-llama/Meta-Llama-3.1-8B-Instruct,0.0,1_founder_period,0,randomized_numbers,generic,0.9999999999117192,30,0.0,2.4783576261415975e-10,Retrenchment,1.0,,
meta-llama/Meta-Llama-3.1-8B-Instruct,0.0,1_founder_period,1,competitive_dynamics,generic,0.9999999999117192,30,0.0,2.4783576261415975e-10,Retrenchment,1.0,,
meta-llama/Meta-Llama-3.1-8B-Instruct,0.0,1_founder_period,1,randomized_numbers,generic,0.9999999999117192,30,0.0,2.4783576261415975e-10,Retrenchment,1.0,,
meta-llama/Meta-Llama-3.1-8B-Instruct,0.0,1_founder_period,2,base,generic,0.9999999999117192,30,0.0,2.4783576261415975e-10,Retrenchment,1.0,,
meta-llama/Meta-Llama-3.1-8B-Instruct,0.0,2_roadster_launch,2,randomized_numbers,generic,0.9999999999117192,30,0.0,2.4783576261415975e-10,Maintain,1.0,,
meta-llama/Meta-Llama-3.1-8B-Instruct,0.0,2_roadster_launch,3,base,generic,0.9999999999117192,30,0.0,2.4783576261415975e-10,Maintain,1.0,,
meta-llama/Meta-Llama-3.1-8B-Instruct,0.0,2_roadster_launch,3,randomized_numbers,generic,0.9999999999117192,30,0.0,2.4783576261415975e-10,Maintain,1.0,,
meta-llama/Meta-Llama-3.1-8B-Instruct,0.0,2_roadster_launch,4,base,generic,0.9999999999117192,30,0.0,2.4783576261415975e-10,Maintain,1.0,,
meta-llama/Meta-Llama-3.1-8B-Instruct,0.0,2_roadster_launch,4,randomized_numbers,generic,0.9999999999117192,30,0.0,2.4783576261415975e-10,Maintain,1.0,,
meta-llama/Meta-Llama-3.1-8B-Instruct,0.0,4_model_x_launch,0,base,generic,0.9999999999117192,30,0.0,2.4783576261415975e-10,Retrenchment,1.0,,
meta-llama/Meta-Llama-3.1-8B-Instruct,0.0,4_model_x_launch,0,base,specific,0.9999999999117192,30,0.0,2.4783576261415975e-10,Retrenchment,1.0,,
meta-llama/Meta-Llama-3.1-8B-Instruct,0.0,4_model_x_launch,0,competitive_dynamics,generic,0.9999999999117192,30,0.0,2.4783576261415975e-10,Retrenchment,1.0,,
meta-llama/Meta-Llama-3.1-8B-Instruct,0.0,4_model_x_launch,0,competitive_dynamics,specific,0.9999999999117192,30,0.0,2.4783576261415975e-10,Retrenchment,1.0,,
meta-llama/Meta-Llama-3.1-8B-Instruct,0.0,4_model_x_launch,0,count_fact,generic,0.9999999999117192,30,0.0,2.4783576261415975e-10,Retrenchment,1.0,,
meta-llama/Meta-Llama-3.1-8B-Instruct,0.0,4_model_x_launch,0,count_fact,specific,0.9999999999117192,30,0.0,2.4783576261415975e-10,Retrenchment,1.0,,
meta-llama/Meta-Llama-3.1-8B-Instruct,0.0,4_model_x_launch,0,opp_focus,generic,0.9999999999117192,30,0.0,2.4783576261415975e-10,Retrenchment,1.0,,
meta-llama/Meta-Llama-3.1-8B-Instruct,0.0,4_model_x_launch,0,opp_focus,specific,0.9999999999117192,30,0.0,2.4783576261415975e-10,Retrenchment,1.0,,
meta-llama/Meta-Llama-3.1-8B-Instruct,0.0,4_model_x_launch,0,randomized_numbers,generic,0.9999999999117192,30,0.0,2.4783576261415975e-10,Retrenchment,1.0,,
meta-llama/Meta-Llama-3.1-8B-Instruct,0.0,4_model_x_launch,0,randomized_numbers,specific,0.9999999999117192,30,0.0,2.4783576261415975e-10,Retrenchment,1.0,,
meta-llama/Meta-Llama-3.1-8B-Instruct,0.0,4_model_x_launch,1,base,generic,0.9999999999117192,30,0.0,2.4783576261415975e-10,Retrenchment,1.0,,
meta-llama/Meta-Llama-3.1-8B-Instruct,0.0,4_model_x_launch,1,competitive_dynamics,generic,0.9999999999117192,30,0.0,2.4783576261415975e-10,Retrenchment,1.0,,
meta-llama/Meta-Llama-3.1-8B-Instruct,0.0,4_model_x_launch,1,count_fact,generic,0.9999999999117192,30,0.0,2.4783576261415975e-10,Retrenchment,1.0,,
meta-llama/Meta-Llama-3.1-8B-Instruct,0.0,4_model_x_launch,1,randomized_numbers,generic,0.9999999999117192,30,0.0,2.4783576261415975e-10,Retrenchment,1.0,,
meta-llama/Meta-Llama-3.1-8B-Instruct,0.0,4_model_x_launch,2,base,generic,0.9999999999117192,30,0.0,2.4783576261415975e-10,Retrenchment,1.0,,
meta-llama/Meta-Llama-3.1-8B-Instruct,0.0,4_model_x_launch,2,base,specific,0.9999999999117192,30,0.0,2.4783576261415975e-10,Retrenchment,1.0,,
meta-llama/Meta-Llama-3.1-8B-Instruct,0.0,4_model_x_launch,2,randomized_numbers,generic,0.9999999999117192,30,0.0,2.4783576261415975e-10,Retrenchment,1.0,,
meta-llama/Meta-Llama-3.1-8B-Instruct,0.0,4_model_x_launch,2,randomized_numbers,specific,0.9999999999117192,30,0.0,2.4783576261415975e-10,Retrenchment,1.0,,
meta-llama/Meta-Llama-3.1-8B-Instruct,0.0,4_model_x_launch,3,base,generic,0.9999999999117192,30,0.0,2.4783576261415975e-10,Retrenchment,1.0,,
meta-llama/Meta-Llama-3.1-8B-Instruct,0.0,4_model_x_launch,3,base,specific,0.9999999999117192,30,0.0,2.4783576261415975e-10,Retrenchment,1.0,,
meta-llama/Meta-Llama-3.1-8B-Instruct,0.0,4_model_x_launch,3,randomized_numbers,generic,0.9999999999117192,30,0.0,2.4783576261415975e-10,Retrenchment,1.0,,
meta-llama/Meta-Llama-3.1-8B-Instruct,0.0,4_model_x_launch,3,randomized_numbers,specific,0.9999999999117192,30,0.0,2.4783576261415975e-10,Retrenchment,1.0,,
meta-llama/Meta-Llama-3.1-8B-Instruct,0.0,4_model_x_launch,4,base,generic,0.9999999999117192,30,0.0,2.4783576261415975e-10,Retrenchment,1.0,,
meta-llama/Meta-Llama-3.1-8B-Instruct,0.0,4_model_x_launch,4,base,specific,0.9999999999117192,30,0.0,2.4783576261415975e-10,Retrenchment,1.0,,
meta-llama/Meta-Llama-3.1-8B-Instruct,0.0,4_model_x_launch,4,competitive_dynamics,generic,0.9999999999117192,30,0.0,2.4783576261415975e-10,Retrenchment,1.0,,
meta-llama/Meta-Llama-3.1-8B-Instruct,0.0,4_model_x_launch,4,randomized_numbers,generic,0.9999999999117192,30,0.0,2.4783576261415975e-10,Retrenchment,1.0,,
meta-llama/Meta-Llama-3.1-8B-Instruct,0.0,5_model_3_mass_market,0,base,generic,0.9999999999117192,30,0.0,2.4783576261415975e-10,Maintain,1.0,,
meta-llama/Meta-Llama-3.1-8B-Instruct,0.0,5_model_3_mass_market,0,base,specific,0.9999999999117192,30,0.0,2.4783576261415975e-10,Maintain,1.0,,
meta-llama/Meta-Llama-3.1-8B-Instruct,0.0,5_model_3_mass_market,0,competitive_dynamics,generic,0.9999999999117192,30,0.0,2.4783576261415975e-10,Maintain,1.0,,
meta-llama/Meta-Llama-3.1-8B-Instruct,0.0,5_model_3_mass_market,0,competitive_dynamics,specific,0.9999999999117192,30,0.0,2.4783576261415975e-10,Maintain,1.0,,
meta-llama/Meta-Llama-3.1-8B-Instruct,0.0,5_model_3_mass_market,0,count_fact,generic,0.9999999999117192,30,0.0,2.4783576261415975e-10,Maintain,1.0,,
meta-llama/Meta-Llama-3.1-8B-Instruct,0.0,5_model_3_mass_market,0,count_fact,specific,0.9999999999117192,30,0.0,2.4783576261415975e-10,Maintain,1.0,,
meta-llama/Meta-Llama-3.1-8B-Instruct,0.0,5_model_3_mass_market,0,opp_focus,generic,0.9999999999117192,30,0.0,2.4783576261415975e-10,Maintain,1.0,,
meta-llama/Meta-Llama-3.1-8B-Instruct,0.0,5_model_3_mass_market,0,opp_focus,specific,0.9999999999117192,30,0.0,2.4783576261415975e-10,Maintain,1.0,,
meta-llama/Meta-Llama-3.1-8B-Instruct,0.0,5_model_3_mass_market,0,randomized_numbers,generic,0.9999999999117192,30,0.0,2.4783576261415975e-10,Maintain,1.0,,
meta-llama/Meta-Llama-3.1-8B-Instruct,0.0,5_model_3_mass_market,0,randomized_numbers,specific,0.9999999999117192,30,0.0,2.4783576261415975e-10,Maintain,1.0,,
meta-llama/Meta-Llama-3.1-8B-Instruct,0.0,5_model_3_mass_market,1,base,generic,0.9999999999117192,30,0.0,2.4783576261415975e-10,Maintain,1.0,,
meta-llama/Meta-Llama-3.1-8B-Instruct,0.0,5_model_3_mass_market,1,base,specific,0.9999999999117192,30,0.0,2.4783576261415975e-10,Maintain,1.0,,
meta-llama/Meta-Llama-3.1-8B-Instruct,0.0,5_model_3_mass_market,1,competitive_dynamics,generic,0.9999999999117192,30,0.0,2.4783576261415975e-10,Maintain,1.0,,
meta-llama/Meta-Llama-3.1-8B-Instruct,0.0,5_model_3_mass_market,1,competitive_dynamics,specific,0.9999999999117192,30,0.0,2.4783576261415975e-10,Maintain,1.0,,
meta-llama/Meta-Llama-3.1-8B-Instruct,0.0,5_model_3_mass_market,1,count_fact,generic,0.9999999999117192,30,0.0,2.4783576261415975e-10,Maintain,1.0,,
meta-llama/Meta-Llama-3.1-8B-Instruct,0.0,5_model_3_mass_market,1,count_fact,specific,0.9999999999117192,30,0.0,2.4783576261415975e-10,Maintain,1.0,,
meta-llama/Meta-Llama-3.1-8B-Instruct,0.0,5_model_3_mass_market,1,opp_focus,generic,0.9999999999117192,30,0.0,2.4783576261415975e-10,Maintain,1.0,,
meta-llama/Meta-Llama-3.1-8B-Instruct,0.0,5_model_3_mass_market,1,opp_focus,specific,0.9999999999117192,30,0.0,2.4783576261415975e-10,Maintain,1.0,,
meta-llama/Meta-Llama-3.1-8B-Instruct,0.0,5_model_3_mass_market,1,randomized_numbers,generic,0.9999999999117192,30,0.0,2.4783576261415975e-10,Maintain,1.0,,
meta-llama/Meta-Llama-3.1-8B-Instruct,0.0,5_model_3_mass_market,1,randomized_numbers,specific,0.9999999999117192,30,0.0,2.4783576261415975e-10,Maintain,1.0,,
meta-llama/Meta-Llama-3.1-8B-Instruct,0.0,5_model_3_mass_market,2,base,generic,0.9999999999117192,30,0.0,2.4783576261415975e-10,Maintain,1.0,,
meta-llama/Meta-Llama-3.1-8B-Instruct,0.0,5_model_3_mass_market,2,base,specific,0.9999999999117192,30,0.0,2.4783576261415975e-10,Maintain,1.0,,
meta-llama/Meta-Llama-3.1-8B-Instruct,0.0,5_model_3_mass_market,2,competitive_dynamics,generic,0.9999999999117192,30,0.0,2.4783576261415975e-10,Maintain,1.0,,
meta-llama/Meta-Llama-3.1-8B-Instruct,0.0,5_model_3_mass_market,2,competitive_dynamics,specific,0.9999999999117192,30,0.0,2.4783576261415975e-10,Maintain,1.0,,
meta-llama/Meta-Llama-3.1-8B-Instruct,0.0,5_model_3_mass_market,2,count_fact,generic,0.9999999999117192,30,0.0,2.4783576261415975e-10,Maintain,1.0,,
meta-llama/Meta-Llama-3.1-8B-Instruct,0.0,5_model_3_mass_market,2,count_fact,specific,0.9999999999117192,30,0.0,2.4783576261415975e-10,Maintain,1.0,,
meta-llama/Meta-Llama-3.1-8B-Instruct,0.0,5_model_3_mass_market,2,opp_focus,generic,0.9999999999117192,30,0.0,2.4783576261415975e-10,Maintain,1.0,,
meta-llama/Meta-Llama-3.1-8B-Instruct,0.0,5_model_3_mass_market,2,opp_focus,specific,0.9999999999117192,30,0.0,2.4783576261415975e-10,Maintain,1.0,,
meta-llama/Meta-Llama-3.1-8B-Instruct,0.0,5_model_3_mass_market,2,randomized_numbers,generic,0.9999999999117192,30,0.0,2.4783576261415975e-10,Maintain,1.0,,
meta-llama/Meta-Llama-3.1-8B-Instruct,0.0,5_model_3_mass_market,2,randomized_numbers,specific,0.9999999999117192,30,0.0,2.4783576261415975e-10,Maintain,1.0,,
meta-llama/Meta-Llama-3.1-8B-Instruct,0.0,5_model_3_mass_market,3,base,generic,0.9999999999117192,30,0.0,2.4783576261415975e-10,Maintain,1.0,,
meta-llama/Meta-Llama-3.1-8B-Instruct,0.0,5_model_3_mass_market,3,base,specific,0.9999999999117192,30,0.0,2.4783576261415975e-10,Maintain,1.0,,
meta-llama/Meta-Llama-3.1-8B-Instruct,0.0,5_model_3_mass_market,3,competitive_dynamics,generic,0.9999999999117192,30,0.0,2.4783576261415975e-10,Maintain,1.0,,
meta-llama/Meta-Llama-3.1-8B-Instruct,0.0,5_model_3_mass_market,3,competitive_dynamics,specific,0.9999999999117192,30,0.0,2.4783576261415975e-10,Maintain,1.0,,
meta-llama/Meta-Llama-3.1-8B-Instruct,0.0,5_model_3_mass_market,3,count_fact,generic,0.9999999999117192,30,0.0,2.4783576261415975e-10,Maintain,1.0,,
meta-llama/Meta-Llama-3.1-8B-Instruct,0.0,5_model_3_mass_market,3,count_fact,specific,0.9999999999117192,30,0.0,2.4783576261415975e-10,Maintain,1.0,,
meta-llama/Meta-Llama-3.1-8B-Instruct,0.0,5_model_3_mass_market,3,opp_focus,generic,0.9999999999117192,30,0.0,2.4783576261415975e-10,Maintain,1.0,,
meta-llama/Meta-Llama-3.1-8B-Instruct,0.0,5_model_3_mass_market,3,opp_focus,specific,0.9999999999117192,30,0.0,2.4783576261415975e-10,Maintain,1.0,,
meta-llama/Meta-Llama-3.1-8B-Instruct,0.0,5_model_3_mass_market,3,randomized_numbers,generic,0.9999999999117192,30,0.0,2.4783576261415975e-10,Maintain,1.0,,
meta-llama/Meta-Llama-3.1-8B-Instruct,0.0,5_model_3_mass_market,3,randomized_numbers,specific,0.9999999999117192,30,0.0,2.4783576261415975e-10,Maintain,1.0,,
meta-llama/Meta-Llama-3.1-8B-Instruct,0.0,5_model_3_mass_market,4,base,generic,0.9999999999117192,30,0.0,2.4783576261415975e-10,Maintain,1.0,,
meta-llama/Meta-Llama-3.1-8B-Instruct,0.0,5_model_3_mass_market,4,base,specific,0.9999999999117192,30,0.0,2.4783576261415975e-10,Maintain,1.0,,
meta-llama/Meta-Llama-3.1-8B-Instruct,0.0,5_model_3_mass_market,4,competitive_dynamics,generic,0.9999999999117192,30,0.0,2.4783576261415975e-10,Maintain,1.0,,
meta-llama/Meta-Llama-3.1-8B-Instruct,0.0,5_model_3_mass_market,4,competitive_dynamics,specific,0.9999999999117192,30,0.0,2.4783576261415975e-10,Maintain,1.0,,
meta-llama/Meta-Llama-3.1-8B-Instruct,0.0,5_model_3_mass_market,4,count_fact,generic,0.9999999999117192,30,0.0,2.4783576261415975e-10,Maintain,1.0,,
meta-llama/Meta-Llama-3.1-8B-Instruct,0.0,5_model_3_mass_market,4,count_fact,specific,0.9999999999117192,30,0.0,2.4783576261415975e-10,Maintain,1.0,,
meta-llama/Meta-Llama-3.1-8B-Instruct,0.0,5_model_3_mass_market,4,opp_focus,generic,0.9999999999117192,30,0.0,2.4783576261415975e-10,Maintain,1.0,,
meta-llama/Meta-Llama-3.1-8B-Instruct,0.0,5_model_3_mass_market,4,opp_focus,specific,0.9999999999117192,30,0.0,2.4783576261415975e-10,Maintain,1.0,,
meta-llama/Meta-Llama-3.1-8B-Instruct,0.0,5_model_3_mass_market,4,randomized_numbers,generic,0.9999999999117192,30,0.0,2.4783576261415975e-10,Maintain,1.0,,
meta-llama/Meta-Llama-3.1-8B-Instruct,0.0,5_model_3_mass_market,4,randomized_numbers,specific,0.9999999999117192,30,0.0,2.4783576261415975e-10,Maintain,1.0,,
meta-llama/Meta-Llama-3.1-8B-Instruct,0.0,1_founder_period,0,base,specific,0.9999999999117193,30,0.0,2.478354422715094e-10,Niche Focus,1.0,,
meta-llama/Meta-Llama-3.1-8B-Instruct,0.0,1_founder_period,0,competitive_dynamics,specific,0.9999999999117193,30,0.0,2.478354422715094e-10,Niche Focus,1.0,,
meta-llama/Meta-Llama-3.1-8B-Instruct,0.0,1_founder_period,0,count_fact,specific,0.9999999999117193,30,0.0,2.478354422715094e-10,Niche Focus,1.0,,
meta-llama/Meta-Llama-3.1-8B-Instruct,0.0,1_founder_period,0,opp_focus,specific,0.9999999999117193,30,0.0,2.478354422715094e-10,Niche Focus,1.0,,
meta-llama/Meta-Llama-3.1-8B-Instruct,0.0,1_founder_period,0,randomized_numbers,specific,0.9999999999117193,30,0.0,2.478354422715094e-10,Niche Focus,1.0,,
meta-llama/Meta-Llama-3.1-8B-Instruct,0.0,1_founder_period,1,base,specific,0.9999999999117193,30,0.0,2.478354422715094e-10,Niche Focus,1.0,,
meta-llama/Meta-Llama-3.1-8B-Instruct,0.0,1_founder_period,1,competitive_dynamics,specific,0.9999999999117193,30,0.0,2.478354422715094e-10,Niche Focus,1.0,,
meta-llama/Meta-Llama-3.1-8B-Instruct,0.0,1_founder_period,1,count_fact,specific,0.9999999999117193,30,0.0,2.478354422715094e-10,Niche Focus,1.0,,
meta-llama/Meta-Llama-3.1-8B-Instruct,0.0,1_founder_period,1,randomized_numbers,specific,0.9999999999117193,30,0.0,2.478354422715094e-10,Niche Focus,1.0,,
meta-llama/Meta-Llama-3.1-8B-Instruct,0.0,1_founder_period,2,base,specific,0.9999999999117193,30,0.0,2.478354422715094e-10,Niche Focus,1.0,,
meta-llama/Meta-Llama-3.1-8B-Instruct,0.0,1_founder_period,2,competitive_dynamics,generic,0.9999999999117193,30,0.0,2.478354422715094e-10,Niche Focus,1.0,,
meta-llama/Meta-Llama-3.1-8B-Instruct,0.0,1_founder_period,2,competitive_dynamics,specific,0.9999999999117193,30,0.0,2.478354422715094e-10,Niche Focus,1.0,,
meta-llama/Meta-Llama-3.1-8B-Instruct,0.0,1_founder_period,2,count_fact,generic,0.9999999999117193,30,0.0,2.478354422715094e-10,Niche Focus,1.0,,
meta-llama/Meta-Llama-3.1-8B-Instruct,0.0,1_founder_period,2,count_fact,specific,0.9999999999117193,30,0.0,2.478354422715094e-10,Niche Focus,1.0,,
meta-llama/Meta-Llama-3.1-8B-Instruct,0.0,1_founder_period,2,randomized_numbers,specific,0.9999999999117193,30,0.0,2.478354422715094e-10,Niche Focus,1.0,,
meta-llama/Meta-Llama-3.1-8B-Instruct,0.0,1_founder_period,3,base,generic,0.9999999999117193,30,0.0,2.478354422715094e-10,Niche Focus,1.0,,
meta-llama/Meta-Llama-3.1-8B-Instruct,0.0,1_founder_period,3,base,specific,0.9999999999117193,30,0.0,2.478354422715094e-10,Niche Focus,1.0,,
meta-llama/Meta-Llama-3.1-8B-Instruct,0.0,1_founder_period,3,competitive_dynamics,generic,0.9999999999117193,30,0.0,2.478354422715094e-10,Niche Focus,1.0,,
meta-llama/Meta-Llama-3.1-8B-Instruct,0.0,1_founder_period,3,count_fact,generic,0.9999999999117193,30,0.0,2.478354422715094e-10,Niche Focus,1.0,,
meta-llama/Meta-Llama-3.1-8B-Instruct,0.0,1_founder_period,3,count_fact,specific,0.9999999999117193,30,0.0,2.478354422715094e-10,Niche Focus,1.0,,
meta-llama/Meta-Llama-3.1-8B-Instruct,0.0,1_founder_period,3,randomized_numbers,generic,0.9999999999117193,30,0.0,2.478354422715094e-10,Niche Focus,1.0,,
meta-llama/Meta-Llama-3.1-8B-Instruct,0.0,1_founder_period,3,randomized_numbers,specific,0.9999999999117193,30,0.0,2.478354422715094e-10,Niche Focus,1.0,,
meta-llama/Meta-Llama-3.1-8B-Instruct,0.0,1_founder_period,4,base,generic,0.9999999999117193,30,0.0,2.478354422715094e-10,Niche Focus,1.0,,
meta-llama/Meta-Llama-3.1-8B-Instruct,0.0,1_founder_period,4,base,specific,0.9999999999117193,30,0.0,2.478354422715094e-10,Niche Focus,1.0,,
meta-llama/Meta-Llama-3.1-8B-Instruct,0.0,1_founder_period,4,count_fact,generic,0.9999999999117193,30,0.0,2.478354422715094e-10,Niche Focus,1.0,,
meta-llama/Meta-Llama-3.1-8B-Instruct,0.0,1_founder_period,4,count_fact,specific,0.9999999999117193,30,0.0,2.478354422715094e-10,Niche Focus,1.0,,
meta-llama/Meta-Llama-3.1-8B-Instruct,0.0,1_founder_period,4,randomized_numbers,generic,0.9999999999117193,30,0.0,2.478354422715094e-10,Niche Focus,1.0,,
meta-llama/Meta-Llama-3.1-8B-Instruct,0.0,1_founder_period,4,randomized_numbers,specific,0.9999999999117193,30,0.0,2.478354422715094e-10,Niche Focus,1.0,,
meta-llama/Meta-Llama-3.1-8B-Instruct,0.0,1_founder_period,5,base,generic,0.9999999999117193,30,0.0,2.478354422715094e-10,Niche Focus,1.0,,
meta-llama/Meta-Llama-3.1-8B-Instruct,0.0,1_founder_period,5,base,specific,0.9999999999117193,30,0.0,2.478354422715094e-10,Niche Focus,1.0,,
meta-llama/Meta-Llama-3.1-8B-Instruct,0.0,1_founder_period,5,count_fact,generic,0.9999999999117193,30,0.0,2.478354422715094e-10,Niche Focus,1.0,,
meta-llama/Meta-Llama-3.1-8B-Instruct,0.0,1_founder_period,5,count_fact,specific,0.9999999999117193,30,0.0,2.478354422715094e-10,Niche Focus,1.0,,
meta-llama/Meta-Llama-3.1-8B-Instruct,0.0,1_founder_period,5,randomized_numbers,generic,0.9999999999117193,30,0.0,2.478354422715094e-10,Niche Focus,1.0,,
meta-llama/Meta-Llama-3.1-8B-Instruct,0.0,1_founder_period,6,base,generic,0.9999999999117193,30,0.0,2.478354422715094e-10,Niche Focus,1.0,,
meta-llama/Meta-Llama-3.1-8B-Instruct,0.0,1_founder_period,6,count_fact,generic,0.9999999999117193,30,0.0,2.478354422715094e-10,Niche Focus,1.0,,
meta-llama/Meta-Llama-3.1-8B-Instruct,0.0,1_founder_period,6,count_fact,specific,0.9999999999117193,30,0.0,2.478354422715094e-10,Niche Focus,1.0,,
meta-llama/Meta-Llama-3.1-8B-Instruct,0.0,1_founder_period,6,randomized_numbers,generic,0.9999999999117193,30,0.0,2.478354422715094e-10,Niche Focus,1.0,,
meta-llama/Meta-Llama-3.1-8B-Instruct,0.0,1_founder_period,6,randomized_numbers,specific,0.9999999999117193,30,0.0,2.478354422715094e-10,Niche Focus,1.0,,
meta-llama/Meta-Llama-3.1-8B-Instruct,0.0,6_energy_infra,0,base,specific,0.9999999999117193,30,0.0,2.478354422715094e-10,Diversification,1.0,,
meta-llama/Meta-Llama-3.1-8B-Instruct,0.0,6_energy_infra,0,competitive_dynamics,specific,0.9999999999117193,30,0.0,2.478354422715094e-10,Diversification,1.0,,
meta-llama/Meta-Llama-3.1-8B-Instruct,0.0,6_energy_infra,0,count_fact,specific,0.9999999999117193,30,0.0,2.478354422715094e-10,Diversification,1.0,,
meta-llama/Meta-Llama-3.1-8B-Instruct,0.0,6_energy_infra,0,opp_focus,specific,0.9999999999117193,30,0.0,2.478354422715094e-10,Diversification,1.0,,
meta-llama/Meta-Llama-3.1-8B-Instruct,0.0,6_energy_infra,0,randomized_numbers,specific,0.9999999999117193,30,0.0,2.478354422715094e-10,Diversification,1.0,,
meta-llama/Meta-Llama-3.1-8B-Instruct,0.0,6_energy_infra,1,base,generic,0.9999999999117193,30,0.0,2.478354422715094e-10,Diversification,1.0,,
meta-llama/Meta-Llama-3.1-8B-Instruct,0.0,6_energy_infra,1,base,specific,0.9999999999117193,30,0.0,2.478354422715094e-10,Diversification,1.0,,
meta-llama/Meta-Llama-3.1-8B-Instruct,0.0,6_energy_infra,1,competitive_dynamics,generic,0.9999999999117193,30,0.0,2.478354422715094e-10,Diversification,1.0,,
meta-llama/Meta-Llama-3.1-8B-Instruct,0.0,6_energy_infra,1,competitive_dynamics,specific,0.9999999999117193,30,0.0,2.478354422715094e-10,Diversification,1.0,,
meta-llama/Meta-Llama-3.1-8B-Instruct,0.0,6_energy_infra,1,count_fact,generic,0.9999999999117193,30,0.0,2.478354422715094e-10,Diversification,1.0,,
meta-llama/Meta-Llama-3.1-8B-Instruct,0.0,6_energy_infra,1,count_fact,specific,0.9999999999117193,30,0.0,2.478354422715094e-10,Diversification,1.0,,
meta-llama/Meta-Llama-3.1-8B-Instruct,0.0,6_energy_infra,1,opp_focus,generic,0.9999999999117193,30,0.0,2.478354422715094e-10,Diversification,1.0,,
meta-llama/Meta-Llama-3.1-8B-Instruct,0.0,6_energy_infra,1,opp_focus,specific,0.9999999999117193,30,0.0,2.478354422715094e-10,Diversification,1.0,,
meta-llama/Meta-Llama-3.1-8B-Instruct,0.0,6_energy_infra,1,randomized_numbers,generic,0.9999999999117193,30,0.0,2.478354422715094e-10,Diversification,1.0,,
meta-llama/Meta-Llama-3.1-8B-Instruct,0.0,6_energy_infra,1,randomized_numbers,specific,0.9999999999117193,30,0.0,2.478354422715094e-10,Diversification,1.0,,
meta-llama/Meta-Llama-3.1-8B-Instruct,0.0,6_energy_infra,2,base,generic,0.9999999999117193,30,0.0,2.478354422715094e-10,Diversification,1.0,,
meta-llama/Meta-Llama-3.1-8B-Instruct,0.0,6_energy_infra,2,base,specific,0.9999999999117193,30,0.0,2.478354422715094e-10,Diversification,1.0,,
meta-llama/Meta-Llama-3.1-8B-Instruct,0.0,6_energy_infra,2,competitive_dynamics,generic,0.9999999999117193,30,0.0,2.478354422715094e-10,Diversification,1.0,,
meta-llama/Meta-Llama-3.1-8B-Instruct,0.0,6_energy_infra,2,competitive_dynamics,specific,0.9999999999117193,30,0.0,2.478354422715094e-10,Diversification,1.0,,
meta-llama/Meta-Llama-3.1-8B-Instruct,0.0,6_energy_infra,2,count_fact,generic,0.9999999999117193,30,0.0,2.478354422715094e-10,Diversification,1.0,,
meta-llama/Meta-Llama-3.1-8B-Instruct,0.0,6_energy_infra,2,randomized_numbers,generic,0.9999999999117193,30,0.0,2.478354422715094e-10,Diversification,1.0,,
meta-llama/Meta-Llama-3.1-8B-Instruct,0.0,6_energy_infra,2,randomized_numbers,specific,0.9999999999117193,30,0.0,2.478354422715094e-10,Diversification,1.0,,
meta-llama/Meta-Llama-3.1-8B-Instruct,0.0,6_energy_infra,3,base,generic,0.9999999999117193,30,0.0,2.478354422715094e-10,Diversification,1.0,,
meta-llama/Meta-Llama-3.1-8B-Instruct,0.0,6_energy_infra,3,base,specific,0.9999999999117193,30,0.0,2.478354422715094e-10,Diversification,1.0,,
meta-llama/Meta-Llama-3.1-8B-Instruct,0.0,6_energy_infra,3,competitive_dynamics,generic,0.9999999999117193,30,0.0,2.478354422715094e-10,Diversification,1.0,,
meta-llama/Meta-Llama-3.1-8B-Instruct,0.0,6_energy_infra,3,competitive_dynamics,specific,0.9999999999117193,30,0.0,2.478354422715094e-10,Diversification,1.0,,
meta-llama/Meta-Llama-3.1-8B-Instruct,0.0,6_energy_infra,3,count_fact,specific,0.9999999999117193,30,0.0,2.478354422715094e-10,Diversification,1.0,,
meta-llama/Meta-Llama-3.1-8B-Instruct,0.0,6_energy_infra,3,opp_focus,generic,0.9999999999117193,30,0.0,2.478354422715094e-10,Diversification,1.0,,
meta-llama/Meta-Llama-3.1-8B-Instruct,0.0,6_energy_infra,3,randomized_numbers,generic,0.9999999999117193,30,0.0,2.478354422715094e-10,Diversification,1.0,,
meta-llama/Meta-Llama-3.1-8B-Instruct,0.0,6_energy_infra,3,randomized_numbers,specific,0.9999999999117193,30,0.0,2.478354422715094e-10,Diversification,1.0,,
meta-llama/Meta-Llama-3.1-8B-Instruct,0.0,6_energy_infra,4,base,generic,0.9999999999117193,30,0.0,2.478354422715094e-10,Diversification,1.0,,
meta-llama/Meta-Llama-3.1-8B-Instruct,0.0,6_energy_infra,4,base,specific,0.9999999999117193,30,0.0,2.478354422715094e-10,Diversification,1.0,,
meta-llama/Meta-Llama-3.1-8B-Instruct,0.0,6_energy_infra,4,competitive_dynamics,generic,0.9999999999117193,30,0.0,2.478354422715094e-10,Diversification,1.0,,
meta-llama/Meta-Llama-3.1-8B-Instruct,0.0,6_energy_infra,4,competitive_dynamics,specific,0.9999999999117193,30,0.0,2.478354422715094e-10,Diversification,1.0,,
meta-llama/Meta-Llama-3.1-8B-Instruct,0.0,6_energy_infra,4,opp_focus,generic,0.9999999999117193,30,0.0,2.478354422715094e-10,Diversification,1.0,,
meta-llama/Meta-Llama-3.1-8B-Instruct,0.0,6_energy_infra,4,opp_focus,specific,0.9999999999117193,30,0.0,2.478354422715094e-10,Diversification,1.0,,
meta-llama/Meta-Llama-3.1-8B-Instruct,0.0,6_energy_infra,4,randomized_numbers,generic,0.9999999999117193,30,0.0,2.478354422715094e-10,Diversification,1.0,,
meta-llama/Meta-Llama-3.1-8B-Instruct,0.0,6_energy_infra,4,randomized_numbers,specific,0.9999999999117193,30,0.0,2.478354422715094e-10,Diversification,1.0,,
meta-llama/Meta-Llama-3.1-8B-Instruct,0.0,1_founder_period,1,opp_focus,generic,0.9999999999117194,30,0.0,2.4783512192885906e-10,Technology Leadership,1.0,,
meta-llama/Meta-Llama-3.1-8B-Instruct,0.0,1_founder_period,1,opp_focus,specific,0.9999999999117194,30,0.0,2.4783512192885906e-10,Technology Leadership,1.0,,
meta-llama/Meta-Llama-3.1-8B-Instruct,0.0,1_founder_period,2,opp_focus,generic,0.9999999999117194,30,0.0,2.4783512192885906e-10,Technology Leadership,1.0,,
meta-llama/Meta-Llama-3.1-8B-Instruct,0.0,1_founder_period,2,opp_focus,specific,0.9999999999117194,30,0.0,2.4783512192885906e-10,Technology Leadership,1.0,,
meta-llama/Meta-Llama-3.1-8B-Instruct,0.0,1_founder_period,3,competitive_dynamics,specific,0.9999999999117194,30,0.0,2.4783512192885906e-10,Technology Leadership,1.0,,
meta-llama/Meta-Llama-3.1-8B-Instruct,0.0,1_founder_period,3,opp_focus,generic,0.9999999999117194,30,0.0,2.4783512192885906e-10,Technology Leadership,1.0,,
meta-llama/Meta-Llama-3.1-8B-Instruct,0.0,1_founder_period,3,opp_focus,specific,0.9999999999117194,30,0.0,2.4783512192885906e-10,Technology Leadership,1.0,,
meta-llama/Meta-Llama-3.1-8B-Instruct,0.0,1_founder_period,4,competitive_dynamics,generic,0.9999999999117194,30,0.0,2.4783512192885906e-10,Technology Leadership,1.0,,
meta-llama/Meta-Llama-3.1-8B-Instruct,0.0,1_founder_period,4,competitive_dynamics,specific,0.9999999999117194,30,0.0,2.4783512192885906e-10,Technology Leadership,1.0,,
meta-llama/Meta-Llama-3.1-8B-Instruct,0.0,1_founder_period,4,opp_focus,generic,0.9999999999117194,30,0.0,2.4783512192885906e-10,Technology Leadership,1.0,,
meta-llama/Meta-Llama-3.1-8B-Instruct,0.0,1_founder_period,4,opp_focus,specific,0.9999999999117194,30,0.0,2.4783512192885906e-10,Technology Leadership,1.0,,
meta-llama/Meta-Llama-3.1-8B-Instruct,0.0,1_founder_period,5,competitive_dynamics,generic,0.9999999999117194,30,0.0,2.4783512192885906e-10,Technology Leadership,1.0,,
meta-llama/Meta-Llama-3.1-8B-Instruct,0.0,1_founder_period,5,competitive_dynamics,specific,0.9999999999117194,30,0.0,2.4783512192885906e-10,Technology Leadership,1.0,,
meta-llama/Meta-Llama-3.1-8B-Instruct,0.0,1_founder_period,5,opp_focus,generic,0.9999999999117194,30,0.0,2.4783512192885906e-10,Technology Leadership,1.0,,
meta-llama/Meta-Llama-3.1-8B-Instruct,0.0,1_founder_period,5,opp_focus,specific,0.9999999999117194,30,0.0,2.4783512192885906e-10,Technology Leadership,1.0,,
meta-llama/Meta-Llama-3.1-8B-Instruct,0.0,1_founder_period,5,randomized_numbers,specific,0.9999999999117194,30,0.0,2.4783512192885906e-10,Technology Leadership,1.0,,
meta-llama/Meta-Llama-3.1-8B-Instruct,0.0,1_founder_period,6,base,specific,0.9999999999117194,30,0.0,2.4783512192885906e-10,Technology Leadership,1.0,,
meta-llama/Meta-Llama-3.1-8B-Instruct,0.0,1_founder_period,6,competitive_dynamics,generic,0.9999999999117194,30,0.0,2.4783512192885906e-10,Technology Leadership,1.0,,
meta-llama/Meta-Llama-3.1-8B-Instruct,0.0,1_founder_period,6,competitive_dynamics,specific,0.9999999999117194,30,0.0,2.4783512192885906e-10,Technology Leadership,1.0,,
meta-llama/Meta-Llama-3.1-8B-Instruct,0.0,1_founder_period,6,opp_focus,generic,0.9999999999117194,30,0.0,2.4783512192885906e-10,Technology Leadership,1.0,,
meta-llama/Meta-Llama-3.1-8B-Instruct,0.0,1_founder_period,6,opp_focus,specific,0.9999999999117194,30,0.0,2.4783512192885906e-10,Technology Leadership,1.0,,
meta-llama/Meta-Llama-3.1-8B-Instruct,0.0,2_roadster_launch,0,base,generic,0.9999999999117194,30,0.0,2.4783512192885906e-10,Technology Leadership,1.0,,
meta-llama/Meta-Llama-3.1-8B-Instruct,0.0,2_roadster_launch,0,base,specific,0.9999999999117194,30,0.0,2.4783512192885906e-10,Technology Leadership,1.0,,
meta-llama/Meta-Llama-3.1-8B-Instruct,0.0,2_roadster_launch,0,competitive_dynamics,generic,0.9999999999117194,30,0.0,2.4783512192885906e-10,Technology Leadership,1.0,,
meta-llama/Meta-Llama-3.1-8B-Instruct,0.0,2_roadster_launch,0,competitive_dynamics,specific,0.9999999999117194,30,0.0,2.4783512192885906e-10,Technology Leadership,1.0,,
meta-llama/Meta-Llama-3.1-8B-Instruct,0.0,2_roadster_launch,0,count_fact,generic,0.9999999999117194,30,0.0,2.4783512192885906e-10,Technology Leadership,1.0,,
meta-llama/Meta-Llama-3.1-8B-Instruct,0.0,2_roadster_launch,0,count_fact,specific,0.9999999999117194,30,0.0,2.4783512192885906e-10,Technology Leadership,1.0,,
meta-llama/Meta-Llama-3.1-8B-Instruct,0.0,2_roadster_launch,0,opp_focus,generic,0.9999999999117194,30,0.0,2.4783512192885906e-10,Technology Leadership,1.0,,
meta-llama/Meta-Llama-3.1-8B-Instruct,0.0,2_roadster_launch,0,opp_focus,specific,0.9999999999117194,30,0.0,2.4783512192885906e-10,Technology Leadership,1.0,,
meta-llama/Meta-Llama-3.1-8B-Instruct,0.0,2_roadster_launch,0,randomized_numbers,generic,0.9999999999117194,30,0.0,2.4783512192885906e-10,Technology Leadership,1.0,,
meta-llama/Meta-Llama-3.1-8B-Instruct,0.0,2_roadster_launch,0,randomized_numbers,specific,0.9999999999117194,30,0.0,2.4783512192885906e-10,Technology Leadership,1.0,,
meta-llama/Meta-Llama-3.1-8B-Instruct,0.0,2_roadster_launch,1,base,generic,0.9999999999117194,30,0.0,2.4783512192885906e-10,Technology Leadership,1.0,,
meta-llama/Meta-Llama-3.1-8B-Instruct,0.0,2_roadster_launch,1,base,specific,0.9999999999117194,30,0.0,2.4783512192885906e-10,Technology Leadership,1.0,,
meta-llama/Meta-Llama-3.1-8B-Instruct,0.0,2_roadster_launch,1,competitive_dynamics,generic,0.9999999999117194,30,0.0,2.4783512192885906e-10,Technology Leadership,1.0,,
meta-llama/Meta-Llama-3.1-8B-Instruct,0.0,2_roadster_launch,1,competitive_dynamics,specific,0.9999999999117194,30,0.0,2.4783512192885906e-10,Technology Leadership,1.0,,
meta-llama/Meta-Llama-3.1-8B-Instruct,0.0,2_roadster_launch,1,count_fact,generic,0.9999999999117194,30,0.0,2.4783512192885906e-10,Technology Leadership,1.0,,
meta-llama/Meta-Llama-3.1-8B-Instruct,0.0,2_roadster_launch,1,count_fact,specific,0.9999999999117194,30,0.0,2.4783512192885906e-10,Technology Leadership,1.0,,
meta-llama/Meta-Llama-3.1-8B-Instruct,0.0,2_roadster_launch,1,opp_focus,generic,0.9999999999117194,30,0.0,2.4783512192885906e-10,Technology Leadership,1.0,,
meta-llama/Meta-Llama-3.1-8B-Instruct,0.0,2_roadster_launch,1,opp_focus,specific,0.9999999999117194,30,0.0,2.4783512192885906e-10,Technology Leadership,1.0,,
meta-llama/Meta-Llama-3.1-8B-Instruct,0.0,2_roadster_launch,1,randomized_numbers,specific,0.9999999999117194,30,0.0,2.4783512192885906e-10,Technology Leadership,1.0,,
meta-llama/Meta-Llama-3.1-8B-Instruct,0.0,2_roadster_launch,2,base,generic,0.9999999999117194,30,0.0,2.4783512192885906e-10,Technology Leadership,1.0,,
meta-llama/Meta-Llama-3.1-8B-Instruct,0.0,2_roadster_launch,2,base,specific,0.9999999999117194,30,0.0,2.4783512192885906e-10,Technology Leadership,1.0,,
meta-llama/Meta-Llama-3.1-8B-Instruct,0.0,2_roadster_launch,2,competitive_dynamics,generic,0.9999999999117194,30,0.0,2.4783512192885906e-10,Technology Leadership,1.0,,
meta-llama/Meta-Llama-3.1-8B-Instruct,0.0,2_roadster_launch,2,competitive_dynamics,specific,0.9999999999117194,30,0.0,2.4783512192885906e-10,Technology Leadership,1.0,,
meta-llama/Meta-Llama-3.1-8B-Instruct,0.0,2_roadster_launch,2,count_fact,generic,0.9999999999117194,30,0.0,2.4783512192885906e-10,Technology Leadership,1.0,,
meta-llama/Meta-Llama-3.1-8B-Instruct,0.0,2_roadster_launch,2,count_fact,specific,0.9999999999117194,30,0.0,2.4783512192885906e-10,Technology Leadership,1.0,,
meta-llama/Meta-Llama-3.1-8B-Instruct,0.0,2_roadster_launch,2,opp_focus,generic,0.9999999999117194,30,0.0,2.4783512192885906e-10,Technology Leadership,1.0,,
meta-llama/Meta-Llama-3.1-8B-Instruct,0.0,2_roadster_launch,2,opp_focus,specific,0.9999999999117194,30,0.0,2.4783512192885906e-10,Technology Leadership,1.0,,
meta-llama/Meta-Llama-3.1-8B-Instruct,0.0,2_roadster_launch,2,randomized_numbers,specific,0.9999999999117194,30,0.0,2.4783512192885906e-10,Technology Leadership,1.0,,
meta-llama/Meta-Llama-3.1-8B-Instruct,0.0,2_roadster_launch,3,base,specific,0.9999999999117194,30,0.0,2.4783512192885906e-10,Technology Leadership,1.0,,
meta-llama/Meta-Llama-3.1-8B-Instruct,0.0,2_roadster_launch,3,competitive_dynamics,generic,0.9999999999117194,30,0.0,2.4783512192885906e-10,Technology Leadership,1.0,,
meta-llama/Meta-Llama-3.1-8B-Instruct,0.0,2_roadster_launch,3,competitive_dynamics,specific,0.9999999999117194,30,0.0,2.4783512192885906e-10,Technology Leadership,1.0,,
meta-llama/Meta-Llama-3.1-8B-Instruct,0.0,2_roadster_launch,3,count_fact,generic,0.9999999999117194,30,0.0,2.4783512192885906e-10,Technology Leadership,1.0,,
meta-llama/Meta-Llama-3.1-8B-Instruct,0.0,2_roadster_launch,3,count_fact,specific,0.9999999999117194,30,0.0,2.4783512192885906e-10,Technology Leadership,1.0,,
meta-llama/Meta-Llama-3.1-8B-Instruct,0.0,2_roadster_launch,3,opp_focus,generic,0.9999999999117194,30,0.0,2.4783512192885906e-10,Technology Leadership,1.0,,
meta-llama/Meta-Llama-3.1-8B-Instruct,0.0,2_roadster_launch,3,opp_focus,specific,0.9999999999117194,30,0.0,2.4783512192885906e-10,Technology Leadership,1.0,,
meta-llama/Meta-Llama-3.1-8B-Instruct,0.0,2_roadster_launch,3,randomized_numbers,specific,0.9999999999117194,30,0.0,2.4783512192885906e-10,Technology Leadership,1.0,,
meta-llama/Meta-Llama-3.1-8B-Instruct,0.0,2_roadster_launch,4,base,specific,0.9999999999117194,30,0.0,2.4783512192885906e-10,Technology Leadership,1.0,,
meta-llama/Meta-Llama-3.1-8B-Instruct,0.0,2_roadster_launch,4,competitive_dynamics,generic,0.9999999999117194,30,0.0,2.4783512192885906e-10,Technology Leadership,1.0,,
meta-llama/Meta-Llama-3.1-8B-Instruct,0.0,2_roadster_launch,4,competitive_dynamics,specific,0.9999999999117194,30,0.0,2.4783512192885906e-10,Technology Leadership,1.0,,
meta-llama/Meta-Llama-3.1-8B-Instruct,0.0,2_roadster_launch,4,count_fact,generic,0.9999999999117194,30,0.0,2.4783512192885906e-10,Technology Leadership,1.0,,
meta-llama/Meta-Llama-3.1-8B-Instruct,0.0,2_roadster_launch,4,count_fact,specific,0.9999999999117194,30,0.0,2.4783512192885906e-10,Technology Leadership,1.0,,
meta-llama/Meta-Llama-3.1-8B-Instruct,0.0,2_roadster_launch,4,opp_focus,generic,0.9999999999117194,30,0.0,2.4783512192885906e-10,Technology Leadership,1.0,,
meta-llama/Meta-Llama-3.1-8B-Instruct,0.0,2_roadster_launch,4,opp_focus,specific,0.9999999999117194,30,0.0,2.4783512192885906e-10,Technology Leadership,1.0,,
meta-llama/Meta-Llama-3.1-8B-Instruct,0.0,2_roadster_launch,4,randomized_numbers,specific,0.9999999999117194,30,0.0,2.4783512192885906e-10,Technology Leadership,1.0,,
meta-llama/Meta-Llama-3.1-8B-Instruct,0.0,3_model_s_launch,0,base,generic,0.9999999999117194,30,0.0,2.4783512192885906e-10,Fast Follower,1.0,,
meta-llama/Meta-Llama-3.1-8B-Instruct,0.0,3_model_s_launch,0,base,specific,0.9999999999117194,30,0.0,2.4783512192885906e-10,Fast Follower,1.0,,
meta-llama/Meta-Llama-3.1-8B-Instruct,0.0,3_model_s_launch,0,competitive_dynamics,generic,0.9999999999117194,30,0.0,2.4783512192885906e-10,Fast Follower,1.0,,
meta-llama/Meta-Llama-3.1-8B-Instruct,0.0,3_model_s_launch,0,competitive_dynamics,specific,0.9999999999117194,30,0.0,2.4783512192885906e-10,Fast Follower,1.0,,
meta-llama/Meta-Llama-3.1-8B-Instruct,0.0,3_model_s_launch,0,count_fact,generic,0.9999999999117194,30,0.0,2.4783512192885906e-10,Fast Follower,1.0,,
meta-llama/Meta-Llama-3.1-8B-Instruct,0.0,3_model_s_launch,0,count_fact,specific,0.9999999999117194,30,0.0,2.4783512192885906e-10,Fast Follower,1.0,,
meta-llama/Meta-Llama-3.1-8B-Instruct,0.0,3_model_s_launch,0,opp_focus,generic,0.9999999999117194,30,0.0,2.4783512192885906e-10,Fast Follower,1.0,,
meta-llama/Meta-Llama-3.1-8B-Instruct,0.0,3_model_s_launch,0,opp_focus,specific,0.9999999999117194,30,0.0,2.4783512192885906e-10,Fast Follower,1.0,,
meta-llama/Meta-Llama-3.1-8B-Instruct,0.0,3_model_s_launch,0,randomized_numbers,generic,0.9999999999117194,30,0.0,2.4783512192885906e-10,Fast Follower,1.0,,
meta-llama/Meta-Llama-3.1-8B-Instruct,0.0,3_model_s_launch,0,randomized_numbers,specific,0.9999999999117194,30,0.0,2.4783512192885906e-10,Fast Follower,1.0,,
meta-llama/Meta-Llama-3.1-8B-Instruct,0.0,3_model_s_launch,1,base,generic,0.9999999999117194,30,0.0,2.4783512192885906e-10,Fast Follower,1.0,,
meta-llama/Meta-Llama-3.1-8B-Instruct,0.0,3_model_s_launch,1,base,specific,0.9999999999117194,30,0.0,2.4783512192885906e-10,Fast Follower,1.0,,
meta-llama/Meta-Llama-3.1-8B-Instruct,0.0,3_model_s_launch,1,competitive_dynamics,generic,0.9999999999117194,30,0.0,2.4783512192885906e-10,Fast Follower,1.0,,
meta-llama/Meta-Llama-3.1-8B-Instruct,0.0,3_model_s_launch,1,competitive_dynamics,specific,0.9999999999117194,30,0.0,2.4783512192885906e-10,Fast Follower,1.0,,
meta-llama/Meta-Llama-3.1-8B-Instruct,0.0,3_model_s_launch,1,count_fact,generic,0.9999999999117194,30,0.0,2.4783512192885906e-10,Fast Follower,1.0,,
meta-llama/Meta-Llama-3.1-8B-Instruct,0.0,3_model_s_launch,1,count_fact,specific,0.9999999999117194,30,0.0,2.4783512192885906e-10,Fast Follower,1.0,,
meta-llama/Meta-Llama-3.1-8B-Instruct,0.0,3_model_s_launch,1,opp_focus,generic,0.9999999999117194,30,0.0,2.4783512192885906e-10,Fast Follower,1.0,,
meta-llama/Meta-Llama-3.1-8B-Instruct,0.0,3_model_s_launch,1,opp_focus,specific,0.9999999999117194,30,0.0,2.4783512192885906e-10,Fast Follower,1.0,,
meta-llama/Meta-Llama-3.1-8B-Instruct,0.0,3_model_s_launch,1,randomized_numbers,generic,0.9999999999117194,30,0.0,2.4783512192885906e-10,Fast Follower,1.0,,
meta-llama/Meta-Llama-3.1-8B-Instruct,0.0,3_model_s_launch,1,randomized_numbers,specific,0.9999999999117194,30,0.0,2.4783512192885906e-10,Fast Follower,1.0,,
meta-llama/Meta-Llama-3.1-8B-Instruct,0.0,3_model_s_launch,2,base,generic,0.9999999999117194,30,0.0,2.4783512192885906e-10,Fast Follower,1.0,,
meta-llama/Meta-Llama-3.1-8B-Instruct,0.0,3_model_s_launch,2,base,specific,0.9999999999117194,30,0.0,2.4783512192885906e-10,Fast Follower,1.0,,
meta-llama/Meta-Llama-3.1-8B-Instruct,0.0,3_model_s_launch,2,competitive_dynamics,generic,0.9999999999117194,30,0.0,2.4783512192885906e-10,Fast Follower,1.0,,
meta-llama/Meta-Llama-3.1-8B-Instruct,0.0,3_model_s_launch,2,competitive_dynamics,specific,0.9999999999117194,30,0.0,2.4783512192885906e-10,Fast Follower,1.0,,
meta-llama/Meta-Llama-3.1-8B-Instruct,0.0,3_model_s_launch,2,count_fact,generic,0.9999999999117194,30,0.0,2.4783512192885906e-10,Fast Follower,1.0,,
meta-llama/Meta-Llama-3.1-8B-Instruct,0.0,3_model_s_launch,2,count_fact,specific,0.9999999999117194,30,0.0,2.4783512192885906e-10,Fast Follower,1.0,,
meta-llama/Meta-Llama-3.1-8B-Instruct,0.0,3_model_s_launch,2,opp_focus,generic,0.9999999999117194,30,0.0,2.4783512192885906e-10,Fast Follower,1.0,,
meta-llama/Meta-Llama-3.1-8B-Instruct,0.0,3_model_s_launch,2,opp_focus,specific,0.9999999999117194,30,0.0,2.4783512192885906e-10,Fast Follower,1.0,,
meta-llama/Meta-Llama-3.1-8B-Instruct,0.0,3_model_s_launch,2,randomized_numbers,generic,0.9999999999117194,30,0.0,2.4783512192885906e-10,Fast Follower,1.0,,
meta-llama/Meta-Llama-3.1-8B-Instruct,0.0,3_model_s_launch,2,randomized_numbers,specific,0.9999999999117194,30,0.0,2.4783512192885906e-10,Fast Follower,1.0,,
meta-llama/Meta-Llama-3.1-8B-Instruct,0.0,3_model_s_launch,3,base,generic,0.9999999999117194,30,0.0,2.4783512192885906e-10,Fast Follower,1.0,,
meta-llama/Meta-Llama-3.1-8B-Instruct,0.0,3_model_s_launch,3,base,specific,0.9999999999117194,30,0.0,2.4783512192885906e-10,Fast Follower,1.0,,
meta-llama/Meta-Llama-3.1-8B-Instruct,0.0,3_model_s_launch,3,competitive_dynamics,generic,0.9999999999117194,30,0.0,2.4783512192885906e-10,Fast Follower,1.0,,
meta-llama/Meta-Llama-3.1-8B-Instruct,0.0,3_model_s_launch,3,competitive_dynamics,specific,0.9999999999117194,30,0.0,2.4783512192885906e-10,Fast Follower,1.0,,
meta-llama/Meta-Llama-3.1-8B-Instruct,0.0,3_model_s_launch,3,count_fact,generic,0.9999999999117194,30,0.0,2.4783512192885906e-10,Fast Follower,1.0,,
meta-llama/Meta-Llama-3.1-8B-Instruct,0.0,3_model_s_launch,3,count_fact,specific,0.9999999999117194,30,0.0,2.4783512192885906e-10,Fast Follower,1.0,,
meta-llama/Meta-Llama-3.1-8B-Instruct,0.0,3_model_s_launch,3,opp_focus,generic,0.9999999999117194,30,0.0,2.4783512192885906e-10,Fast Follower,1.0,,
meta-llama/Meta-Llama-3.1-8B-Instruct,0.0,3_model_s_launch,3,opp_focus,specific,0.9999999999117194,30,0.0,2.4783512192885906e-10,Fast Follower,1.0,,
meta-llama/Meta-Llama-3.1-8B-Instruct,0.0,3_model_s_launch,3,randomized_numbers,generic,0.9999999999117194,30,0.0,2.4783512192885906e-10,Fast Follower,1.0,,
meta-llama/Meta-Llama-3.1-8B-Instruct,0.0,3_model_s_launch,3,randomized_numbers,specific,0.9999999999117194,30,0.0,2.4783512192885906e-10,Fast Follower,1.0,,
meta-llama/Meta-Llama-3.1-8B-Instruct,0.0,4_model_x_launch,1,base,specific,0.9999999999117194,30,0.0,2.4783512192885906e-10,Open Innovation,1.0,,
meta-llama/Meta-Llama-3.1-8B-Instruct,0.0,4_model_x_launch,1,opp_focus,specific,0.9999999999117194,30,0.0,2.4783512192885906e-10,Open Innovation,1.0,,
meta-llama/Meta-Llama-3.1-8B-Instruct,0.0,4_model_x_launch,1,randomized_numbers,specific,0.9999999999117194,30,0.0,2.4783512192885906e-10,Open Innovation,1.0,,
meta-llama/Meta-Llama-3.1-8B-Instruct,0.0,4_model_x_launch,2,competitive_dynamics,generic,0.9999999999117194,30,0.0,2.4783512192885906e-10,Open Innovation,1.0,,
meta-llama/Meta-Llama-3.1-8B-Instruct,0.0,4_model_x_launch,2,competitive_dynamics,specific,0.9999999999117194,30,0.0,2.4783512192885906e-10,Technology Leadership,1.0,,
meta-llama/Meta-Llama-3.1-8B-Instruct,0.0,4_model_x_launch,2,count_fact,generic,0.9999999999117194,30,0.0,2.4783512192885906e-10,Open Innovation,1.0,,
meta-llama/Meta-Llama-3.1-8B-Instruct,0.0,4_model_x_launch,2,count_fact,specific,0.9999999999117194,30,0.0,2.4783512192885906e-10,Technology Leadership,1.0,,
meta-llama/Meta-Llama-3.1-8B-Instruct,0.0,4_model_x_launch,2,opp_focus,generic,0.9999999999117194,30,0.0,2.4783512192885906e-10,Technology Leadership,1.0,,
meta-llama/Meta-Llama-3.1-8B-Instruct,0.0,4_model_x_launch,2,opp_focus,specific,0.9999999999117194,30,0.0,2.4783512192885906e-10,Technology Leadership,1.0,,
meta-llama/Meta-Llama-3.1-8B-Instruct,0.0,4_model_x_launch,3,competitive_dynamics,generic,0.9999999999117194,30,0.0,2.4783512192885906e-10,Technology Leadership,1.0,,
meta-llama/Meta-Llama-3.1-8B-Instruct,0.0,4_model_x_launch,3,competitive_dynamics,specific,0.9999999999117194,30,0.0,2.4783512192885906e-10,Technology Leadership,1.0,,
meta-llama/Meta-Llama-3.1-8B-Instruct,0.0,4_model_x_launch,3,count_fact,generic,0.9999999999117194,30,0.0,2.4783512192885906e-10,Technology Leadership,1.0,,
meta-llama/Meta-Llama-3.1-8B-Instruct,0.0,4_model_x_launch,3,count_fact,specific,0.9999999999117194,30,0.0,2.4783512192885906e-10,Technology Leadership,1.0,,
meta-llama/Meta-Llama-3.1-8B-Instruct,0.0,4_model_x_launch,3,opp_focus,generic,0.9999999999117194,30,0.0,2.4783512192885906e-10,Technology Leadership,1.0,,
meta-llama/Meta-Llama-3.1-8B-Instruct,0.0,4_model_x_launch,3,opp_focus,specific,0.9999999999117194,30,0.0,2.4783512192885906e-10,Technology Leadership,1.0,,
meta-llama/Meta-Llama-3.1-8B-Instruct,0.0,4_model_x_launch,4,competitive_dynamics,specific,0.9999999999117194,30,0.0,2.4783512192885906e-10,Technology Leadership,1.0,,
meta-llama/Meta-Llama-3.1-8B-Instruct,0.0,4_model_x_launch,4,count_fact,generic,0.9999999999117194,30,0.0,2.4783512192885906e-10,Technology Leadership,1.0,,
meta-llama/Meta-Llama-3.1-8B-Instruct,0.0,4_model_x_launch,4,count_fact,specific,0.9999999999117194,30,0.0,2.4783512192885906e-10,Technology Leadership,1.0,,
meta-llama/Meta-Llama-3.1-8B-Instruct,0.0,4_model_x_launch,4,opp_focus,generic,0.9999999999117194,30,0.0,2.4783512192885906e-10,Technology Leadership,1.0,,
meta-llama/Meta-Llama-3.1-8B-Instruct,0.0,4_model_x_launch,4,opp_focus,specific,0.9999999999117194,30,0.0,2.4783512192885906e-10,Technology Leadership,1.0,,
meta-llama/Meta-Llama-3.1-8B-Instruct,0.0,6_energy_infra,0,base,generic,0.9999999999117194,30,0.0,2.4783512192885906e-10,Open Innovation,1.0,,
meta-llama/Meta-Llama-3.1-8B-Instruct,0.0,6_energy_infra,0,competitive_dynamics,generic,0.9999999999117194,30,0.0,2.4783512192885906e-10,Open Innovation,1.0,,
meta-llama/Meta-Llama-3.1-8B-Instruct,0.0,6_energy_infra,0,count_fact,generic,0.9999999999117194,30,0.0,2.4783512192885906e-10,Open Innovation,1.0,,
meta-llama/Meta-Llama-3.1-8B-Instruct,0.0,6_energy_infra,0,opp_focus,generic,0.9999999999117194,30,0.0,2.4783512192885906e-10,Open Innovation,1.0,,
meta-llama/Meta-Llama-3.1-8B-Instruct,0.0,6_energy_infra,0,randomized_numbers,generic,0.9999999999117194,30,0.0,2.4783512192885906e-10,Open Innovation,1.0,,
meta-llama/Meta-Llama-3.1-8B-Instruct,0.0,6_energy_infra,3,count_fact,generic,0.9999999999117194,30,0.0,2.4783512192885906e-10,Fast Follower,1.0,,
meta-llama/Meta-Llama-3.1-8B-Instruct,0.0,6_energy_infra,4,count_fact,specific,0.9999999999117194,30,0.0,2.4783512192885906e-10,Fast Follower,1.0,,
meta-llama/Meta-Llama-3.1-8B-Instruct,0.7,4_model_x_launch,4,competitive_dynamics,generic,0.3267301311245785,30,0.8620689655172413,1.8901074802604925,Open Innovation,0.3333333333333333,Retrenchment,0.3
meta-llama/Meta-Llama-3.1-8B-Instruct,0.7,4_model_x_launch,3,competitive_dynamics,generic,0.4309886389229627,30,0.5862068965517241,1.5974168452263173,Retrenchment,0.5333333333333333,Fast Follower,0.3
meta-llama/Meta-Llama-3.1-8B-Instruct,0.7,4_model_x_launch,4,randomized_numbers,specific,0.4371408268366893,30,0.5517241379310345,1.5801454702052937,Technology Leadership,0.36666666666666664,Open Innovation,0.3333333333333333
meta-llama/Meta-Llama-3.1-8B-Instruct,0.7,4_model_x_launch,2,competitive_dynamics,specific,0.46361498913564314,30,0.5862068965517241,1.5058231003679736,Technology Leadership,0.4666666666666667,Retrenchment,0.3333333333333333
meta-llama/Meta-Llama-3.1-8B-Instruct,0.7,4_model_x_launch,2,competitive_dynamics,generic,0.4662606411545801,30,0.6896551724137931,1.4983958161505593,Retrenchment,0.5,Open Innovation,0.26666666666666666
meta-llama/Meta-Llama-3.1-8B-Instruct,0.7,4_model_x_launch,2,count_fact,generic,0.4662606411545801,30,0.6896551724137931,1.4983958161505593,Retrenchment,0.5,Open Innovation,0.26666666666666666
meta-llama/Meta-Llama-3.1-8B-Instruct,0.7,1_founder_period,6,base,generic,0.4708630227992462,30,0.7586206896551724,1.4854752973872185,Niche Focus,0.5,Retrenchment,0.3
meta-llama/Meta-Llama-3.1-8B-Instruct,0.7,4_model_x_launch,4,base,specific,0.47470885212739977,30,0.6206896551724138,1.4746786894934332,Retrenchment,0.4666666666666667,Technology Leadership,0.36666666666666664
meta-llama/Meta-Llama-3.1-8B-Instruct,0.7,4_model_x_launch,1,opp_focus,generic,0.48024102484413844,30,0.4827586206896552,1.459147917187424,Open Innovation,0.5,Retrenchment,0.3333333333333333
meta-llama/Meta-Llama-3.1-8B-Instruct,0.7,1_founder_period,1,opp_focus,generic,0.5109213037129232,30,0.6206896551724138,1.3730174852950412,Technology Leadership,0.5666666666666667,Niche Focus,0.3
meta-llama/Meta-Llama-3.1-8B-Instruct,0.7,1_founder_period,5,base,generic,0.5126712241499343,30,0.5517241379310345,1.3681048375429892,Niche Focus,0.4666666666666667,Retrenchment,0.43333333333333335
meta-llama/Meta-Llama-3.1-8B-Instruct,0.7,4_model_x_launch,1,opp_focus,specific,0.5126712241499343,30,0.6206896551724138,1.368104837542989,Technology Leadership,0.4666666666666667,Open Innovation,0.43333333333333335
meta-llama/Meta-Llama-3.1-8B-Instruct,0.7,1_founder_period,0,opp_focus,specific,0.5324581236056509,30,0.5517241379310345,1.312555987963724,Niche Focus,0.6333333333333333,Retrenchment,0.2
meta-llama/Meta-Llama-3.1-8B-Instruct,0.7,1_founder_period,0,randomized_numbers,specific,0.5385471804004086,30,0.5862068965517241,1.2954618444002726,Niche Focus,0.6,Retrenchment,0.3
meta-llama/Meta-Llama-3.1-8B-Instruct,0.7,1_founder_period,0,base,specific,0.5387756833775706,30,0.5517241379310345,1.2948203554426319,Niche Focus,0.6333333333333333,Technology Leadership,0.23333333333333334
meta-llama/Meta-Llama-3.1-8B-Instruct,0.7,4_model_x_launch,2,opp_focus,generic,0.5518770199070362,30,0.6551724137931034,1.2580402538511035,Technology Leadership,0.6333333333333333,Open Innovation,0.26666666666666666
meta-llama/Meta-Llama-3.1-8B-Instruct,0.7,4_model_x_launch,4,randomized_numbers,generic,0.552768794676651,30,0.5172413793103449,1.255536725562259,Retrenchment,0.5666666666666667,Open Innovation,0.36666666666666664
meta-llama/Meta-Llama-3.1-8B-Instruct,0.7,1_founder_period,0,count_fact,specific,0.5541606949246449,30,0.5517241379310345,1.2516291675500397,Niche Focus,0.6666666666666666,Retrenchment,0.16666666666666666
meta-llama/Meta-Llama-3.1-8B-Instruct,0.7,1_founder_period,0,competitive_dynamics,specific,0.5871777653021651,30,0.5862068965517241,1.1589385325137862,Niche Focus,0.6666666666666666,Retrenchment,0.26666666666666666
meta-llama/Meta-Llama-3.1-8B-Instruct,0.7,1_founder_period,1,randomized_numbers,specific,0.6069939714060293,30,0.4827586206896552,1.1033074087715953,Niche Focus,0.7333333333333333,Technology Leadership,0.13333333333333333
meta-llama/Meta-Llama-3.1-8B-Instruct,0.7,4_model_x_launch,1,competitive_dynamics,specific,0.6172098902401878,30,0.4827586206896552,1.0746276987491794,Retrenchment,0.6666666666666666,Open Innovation,0.3
meta-llama/Meta-Llama-3.1-8B-Instruct,0.7,1_founder_period,4,base,specific,0.624920394987666,30,0.4482758620689655,1.052981575294798,Niche Focus,0.7333333333333333,Technology Leadership,0.2
meta-llama/Meta-Llama-3.1-8B-Instruct,0.7,4_model_x_launch,3,randomized_numbers,specific,0.624920394987666,30,0.41379310344827586,1.052981575294798,Retrenchment,0.7333333333333333,Open Innovation,0.2
meta-llama/Meta-Llama-3.1-8B-Instruct,0.7,1_founder_period,1,competitive_dynamics,generic,0.6322985769565154,30,0.4482758620689655,1.0322683998287119,Niche Focus,0.7,Retrenchment,0.26666666666666666
meta-llama/Meta-Llama-3.1-8B-Instruct,0.7,4_model_x_launch,3,competitive_dynamics,specific,0.6322985769565154,30,0.4827586206896552,1.0322683998287119,Technology Leadership,0.7,Retrenchment,0.26666666666666666
meta-llama/Meta-Llama-3.1-8B-Instruct,0.7,1_founder_period,2,base,generic,0.6437928128201915,30,0.6206896551724138,1.0000000002015295,Retrenchment,0.5,Niche Focus,0.5
meta-llama/Meta-Llama-3.1-8B-Instruct,0.7,1_founder_period,2,count_fact,generic,0.6437928128201915,30,0.3793103448275862,1.0000000002015295,Retrenchment,0.5,Niche Focus,0.5
meta-llama/Meta-Llama-3.1-8B-Instruct,0.7,2_roadster_launch,0,base,generic,0.6437928128201917,30,0.4827586206896552,1.000000000201529,Maintain,0.5,Technology Leadership,0.5
meta-llama/Meta-Llama-3.1-8B-Instruct,0.7,2_roadster_launch,2,base,generic,0.6437928128201917,30,0.5517241379310345,1.000000000201529,Technology Leadership,0.5,Maintain,0.5
meta-llama/Meta-Llama-3.1-8B-Instruct,0.7,1_founder_period,2,competitive_dynamics,specific,0.64493565656721,30,0.5517241379310345,0.9967916321831946,Technology Leadership,0.5333333333333333,Niche Focus,0.4666666666666667
meta-llama/Meta-Llama-3.1-8B-Instruct,0.7,1_founder_period,2,randomized_numbers,generic,0.64493565656721,30,0.3793103448275862,0.9967916321831948,Retrenchment,0.5333333333333333,Niche Focus,0.4666666666666667
meta-llama/Meta-Llama-3.1-8B-Instruct,0.7,1_founder_period,6,base,specific,0.64493565656721,30,0.4827586206896552,0.9967916321831946,Niche Focus,0.5333333333333333,Technology Leadership,0.4666666666666667
meta-llama/Meta-Llama-3.1-8B-Instruct,0.7,1_founder_period,6,randomized_numbers,specific,0.64493565656721,30,0.5517241379310345,0.9967916321831946,Niche Focus,0.5333333333333333,Technology Leadership,0.4666666666666667
meta-llama/Meta-Llama-3.1-8B-Instruct,0.7,2_roadster_launch,3,base,generic,0.64493565656721,30,0.5517241379310345,0.9967916321831944,Maintain,0.5333333333333333,Technology Leadership,0.4666666666666667
meta-llama/Meta-Llama-3.1-8B-Instruct,0.7,6_energy_infra,0,competitive_dynamics,generic,0.64493565656721,30,0.6551724137931034,0.9967916321831949,Open Innovation,0.5333333333333333,Diversification,0.4666666666666667
meta-llama/Meta-Llama-3.1-8B-Instruct,0.7,6_energy_infra,4,count_fact,specific,0.64493565656721,30,0.4827586206896552,0.9967916321831948,Diversification,0.5333333333333333,Fast Follower,0.4666666666666667
meta-llama/Meta-Llama-3.1-8B-Instruct,0.7,6_energy_infra,0,randomized_numbers,specific,0.6483744300309826,30,0.4482758620689655,0.9871377745738313,Diversification,0.5666666666666667,Open Innovation,0.43333333333333335
meta-llama/Meta-Llama-3.1-8B-Instruct,0.7,1_founder_period,1,count_fact,generic,0.6483744300309827,30,0.7931034482758621,0.9871377745738312,Niche Focus,0.5666666666666667,Retrenchment,0.43333333333333335
meta-llama/Meta-Llama-3.1-8B-Instruct,0.7,1_founder_period,3,count_fact,generic,0.6483744300309827,30,0.5517241379310345,0.9871377745738312,Niche Focus,0.5666666666666667,Retrenchment,0.43333333333333335
meta-llama/Meta-Llama-3.1-8B-Instruct,0.7,2_roadster_launch,3,randomized_numbers,generic,0.6483744300309828,30,0.5172413793103449,0.987137774573831,Maintain,0.5666666666666667,Technology Leadership,0.43333333333333335
meta-llama/Meta-Llama-3.1-8B-Instruct,0.7,1_founder_period,6,randomized_numbers,generic,0.6503501382810225,30,0.3448275862068966,0.9815912602935322,Niche Focus,0.7333333333333333,Retrenchment,0.23333333333333334
meta-llama/Meta-Llama-3.1-8B-Instruct,0.7,4_model_x_launch,1,count_fact,generic,0.6503501382810225,30,0.3793103448275862,0.9815912602935322,Retrenchment,0.7333333333333333,Open Innovation,0.23333333333333334
meta-llama/Meta-Llama-3.1-8B-Instruct,0.7,1_founder_period,0,randomized_numbers,generic,0.654140419856561,30,0.4482758620689655,0.97095059465646,Retrenchment,0.6,Niche Focus,0.4
meta-llama/Meta-Llama-3.1-8B-Instruct,0.7,1_founder_period,3,randomized_numbers,generic,0.654140419856561,30,0.4827586206896552,0.97095059465646,Retrenchment,0.6,Niche Focus,0.4
meta-llama/Meta-Llama-3.1-8B-Instruct,0.7,1_founder_period,4,randomized_numbers,generic,0.654140419856561,30,0.5172413793103449,0.97095059465646,Niche Focus,0.6,Retrenchment,0.4
meta-llama/Meta-Llama-3.1-8B-Instruct,0.7,2_roadster_launch,1,count_fact,generic,0.654140419856561,30,0.6896551724137931,0.9709505946564598,Technology Leadership,0.6,Maintain,0.4
meta-llama/Meta-Llama-3.1-8B-Instruct,0.7,2_roadster_launch,1,randomized_numbers,generic,0.654140419856561,30,0.5862068965517241,0.9709505946564598,Maintain,0.6,Technology Leadership,0.4
meta-llama/Meta-Llama-3.1-8B-Instruct,0.7,6_energy_infra,0,opp_focus,generic,0.6589125669885594,29,0.5,0.9575534839166613,Open Innovation,0.6206896551724138,Diversification,0.3793103448275862
meta-llama/Meta-Llama-3.1-8B-Instruct,0.7,1_founder_period,0,base,generic,0.6622877156191471,30,0.5172413793103449,0.9480782437959046,Retrenchment,0.6333333333333333,Niche Focus,0.36666666666666664
meta-llama/Meta-Llama-3.1-8B-Instruct,0.7,1_founder_period,0,count_fact,generic,0.6622877156191471,30,0.5172413793103449,0.9480782437959046,Retrenchment,0.6333333333333333,Niche Focus,0.36666666666666664
meta-llama/Meta-Llama-3.1-8B-Instruct,0.7,1_founder_period,1,base,generic,0.6622877156191471,30,0.6896551724137931,0.9480782437959046,Niche Focus,0.6333333333333333,Retrenchment,0.36666666666666664
meta-llama/Meta-Llama-3.1-8B-Instruct,0.7,6_energy_infra,0,base,generic,0.6622877156191471,30,0.4827586206896552,0.9480782437959046,Open Innovation,0.6333333333333333,Diversification,0.36666666666666664
meta-llama/Meta-Llama-3.1-8B-Instruct,0.7,6_energy_infra,0,count_fact,generic,0.6622877156191471,30,0.5517241379310345,0.9480782437959046,Open Innovation,0.6333333333333333,Diversification,0.36666666666666664
meta-llama/Meta-Llama-3.1-8B-Instruct,0.7,5_model_3_mass_market,0,randomized_numbers,generic,0.6622877156191472,30,0.3793103448275862,0.9480782437959044,Maintain,0.6333333333333333,Open Innovation,0.36666666666666664
meta-llama/Meta-Llama-3.1-8B-Instruct,0.7,1_founder_period,1,opp_focus,specific,0.6622877156191473,30,0.5517241379310345,0.9480782437959042,Technology Leadership,0.6333333333333333,Niche Focus,0.36666666666666664
meta-llama/Meta-Llama-3.1-8B-Instruct,0.7,2_roadster_launch,0,competitive_dynamics,generic,0.6622877156191473,30,0.5517241379310345,0.9480782437959042,Technology Leadership,0.6333333333333333,Maintain,0.36666666666666664
meta-llama/Meta-Llama-3.1-8B-Instruct,0.7,2_roadster_launch,0,count_fact,generic,0.6622877156191473,30,0.3793103448275862,0.9480782437959042,Technology Leadership,0.6333333333333333,Maintain,0.36666666666666664
meta-llama/Meta-Llama-3.1-8B-Instruct,0.7,2_roadster_launch,2,competitive_dynamics,generic,0.6622877156191473,30,0.5517241379310345,0.9480782437959042,Technology Leadership,0.6333333333333333,Maintain,0.36666666666666664
meta-llama/Meta-Llama-3.1-8B-Instruct,0.7,2_roadster_launch,4,randomized_numbers,generic,0.6650633835127858,28,0.48148148148148145,0.9402859588727008,Maintain,0.6428571428571429,Technology Leadership,0.35714285714285715
meta-llama/Meta-Llama-3.1-8B-Instruct,0.7,2_roadster_launch,4,randomized_numbers,specific,0.6689539969051271,29,0.5357142857142857,0.9293636262158882,Technology Leadership,0.6551724137931034,Maintain,0.3448275862068966
meta-llama/Meta-Llama-3.1-8B-Instruct,0.7,1_founder_period,0,opp_focus,generic,0.6728964239463848,30,0.5517241379310345,0.9182958342567606,Retrenchment,0.6666666666666666,Niche Focus,0.3333333333333333
meta-llama/Meta-Llama-3.1-8B-Instruct,0.7,1_founder_period,3,base,generic,0.6728964239463848,30,0.4482758620689655,0.9182958342567606,Niche Focus,0.6666666666666666,Retrenchment,0.3333333333333333
meta-llama/Meta-Llama-3.1-8B-Instruct,0.7,1_founder_period,5,base,specific,0.6728964239463848,30,0.4827586206896552,0.9182958342567604,Technology Leadership,0.6666666666666666,Niche Focus,0.3333333333333333
meta-llama/Meta-Llama-3.1-8B-Instruct,0.7,2_roadster_launch,1,base,generic,0.6728964239463848,30,0.4482758620689655,0.9182958342567604,Maintain,0.6666666666666666,Technology Leadership,0.3333333333333333
meta-llama/Meta-Llama-3.1-8B-Instruct,0.7,6_energy_infra,0,competitive_dynamics,specific,0.6728964239463848,30,0.5172413793103449,0.9182958342567606,Diversification,0.6666666666666666,Open Innovation,0.3333333333333333
meta-llama/Meta-Llama-3.1-8B-Instruct,0.7,6_energy_infra,0,randomized_numbers,generic,0.6728964239463848,30,0.4827586206896552,0.9182958342567606,Open Innovation,0.6666666666666666,Diversification,0.3333333333333333
meta-llama/Meta-Llama-3.1-8B-Instruct,0.7,6_energy_infra,3,count_fact,specific,0.6728964239463848,30,0.3793103448275862,0.9182958342567604,Fast Follower,0.6666666666666666,Diversification,0.3333333333333333
meta-llama/Meta-Llama-3.1-8B-Instruct,0.7,6_energy_infra,3,opp_focus,generic,0.6728964239463848,30,0.3448275862068966,0.9182958342567604,Diversification,0.6666666666666666,Technology Leadership,0.3333333333333333
meta-llama/Meta-Llama-3.1-8B-Instruct,0.7,6_energy_infra,3,opp_focus,specific,0.6728964239463848,30,0.6551724137931034,0.9182958342567604,Diversification,0.6666666666666666,Technology Leadership,0.3333333333333333
meta-llama/Meta-Llama-3.1-8B-Instruct,0.7,6_energy_infra,4,opp_focus,specific,0.6728964239463848,30,0.5862068965517241,0.9182958342567604,Diversification,0.6666666666666666,Technology Leadership,0.3333333333333333
meta-llama/Meta-Llama-3.1-8B-Instruct,0.7,2_roadster_launch,4,base,specific,0.6817035513266129,29,0.5,0.893571101856689,Technology Leadership,0.6896551724137931,Maintain,0.3103448275862069
meta-llama/Meta-Llama-3.1-8B-Instruct,0.7,6_energy_infra,0,opp_focus,specific,0.6860778476889637,30,0.5517241379310345,0.8812908994333044,Diversification,0.7,Open Innovation,0.3
meta-llama/Meta-Llama-3.1-8B-Instruct,0.7,4_model_x_launch,0,randomized_numbers,specific,0.6860778476889638,30,0.4827586206896552,0.8812908994333042,Retrenchment,0.7,Open Innovation,0.3
meta-llama/Meta-Llama-3.1-8B-Instruct,0.7,6_energy_infra,2,count_fact,specific,0.6860778476889638,30,0.4827586206896552,0.8812908994333042,Diversification,0.7,Fast Follower,0.3
meta-llama/Meta-Llama-3.1-8B-Instruct,0.7,6_energy_infra,3,count_fact,generic,0.6860778476889638,30,0.5517241379310345,0.8812908994333042,Diversification,0.7,Fast Follower,0.3
meta-llama/Meta-Llama-3.1-8B-Instruct,0.7,2_roadster_launch,0,opp_focus,generic,0.686077847688964,30,0.4827586206896552,0.881290899433304,Technology Leadership,0.7,Maintain,0.3
meta-llama/Meta-Llama-3.1-8B-Instruct,0.7,2_roadster_launch,2,randomized_numbers,generic,0.686077847688964,30,0.41379310344827586,0.881290899433304,Maintain,0.7,Technology Leadership,0.3
meta-llama/Meta-Llama-3.1-8B-Instruct,0.7,2_roadster_launch,4,base,generic,0.686077847688964,30,0.3448275862068966,0.881290899433304,Maintain,0.7,Technology Leadership,0.3
meta-llama/Meta-Llama-3.1-8B-Instruct,0.7,4_model_x_launch,1,count_fact,specific,0.6965354922919056,30,0.3793103448275862,0.8519325793841067,Retrenchment,0.8,Open Innovation,0.16666666666666666
meta-llama/Meta-Llama-3.1-8B-Instruct,0.7,6_energy_infra,4,count_fact,generic,0.697312537584884,29,0.5,0.849751137456202,Diversification,0.7241379310344828,Fast Follower,0.27586206896551724
meta-llama/Meta-Llama-3.1-8B-Instruct,0.7,5_model_3_mass_market,4,randomized_numbers,generic,0.6973125375848841,29,0.39285714285714285,0.8497511374562019,Maintain,0.7241379310344828,Open Innovation,0.27586206896551724
meta-llama/Meta-Llama-3.1-8B-Instruct,0.7,4_model_x_launch,0,base,specific,0.7019825546208485,30,0.3793103448275862,0.8366407421441941,Retrenchment,0.7333333333333333,Open Innovation,0.26666666666666666
meta-llama/Meta-Llama-3.1-8B-Instruct,0.7,4_model_x_launch,0,count_fact,specific,0.7019825546208485,30,0.41379310344827586,0.8366407421441941,Retrenchment,0.7333333333333333,Open Innovation,0.26666666666666666
meta-llama/Meta-Llama-3.1-8B-Instruct,0.7,4_model_x_launch,1,base,specific,0.7019825546208485,30,0.4482758620689655,0.8366407421441941,Retrenchment,0.7333333333333333,Open Innovation,0.26666666666666666
meta-llama/Meta-Llama-3.1-8B-Instruct,0.7,6_energy_infra,0,count_fact,specific,0.7019825546208485,30,0.41379310344827586,0.8366407421441944,Diversification,0.7333333333333333,Open Innovation,0.26666666666666666
meta-llama/Meta-Llama-3.1-8B-Instruct,0.7,6_energy_infra,2,competitive_dynamics,specific,0.7019825546208485,30,0.4827586206896552,0.8366407421441941,Diversification,0.7333333333333333,Technology Leadership,0.26666666666666666
meta-llama/Meta-Llama-3.1-8B-Instruct,0.7,2_roadster_launch,0,base,specific,0.7019825546208486,30,0.3103448275862069,0.8366407421441939,Technology Leadership,0.7333333333333333,Maintain,0.26666666666666666
meta-llama/Meta-Llama-3.1-8B-Instruct,0.7,2_roadster_launch,0,randomized_numbers,generic,0.7019825546208486,30,0.3793103448275862,0.8366407421441939,Technology Leadership,0.7333333333333333,Maintain,0.26666666666666666
meta-llama/Meta-Llama-3.1-8B-Instruct,0.7,2_roadster_launch,1,competitive_dynamics,generic,0.7019825546208486,30,0.4827586206896552,0.8366407421441939,Technology Leadership,0.7333333333333333,Maintain,0.26666666666666666
meta-llama/Meta-Llama-3.1-8B-Instruct,0.7,2_roadster_launch,3,randomized_numbers,specific,0.7019825546208486,30,0.41379310344827586,0.8366407421441939,Technology Leadership,0.7333333333333333,Maintain,0.26666666666666666
meta-llama/Meta-Llama-3.1-8B-Instruct,0.7,4_model_x_launch,4,competitive_dynamics,specific,0.710814078222737,30,0.3103448275862069,0.8118475208911645,Technology Leadership,0.8333333333333334,Open Innovation,0.1
meta-llama/Meta-Llama-3.1-8B-Instruct,0.7,6_energy_infra,1,count_fact,specific,0.710814078222737,30,0.3103448275862069,0.8118475208911646,Diversification,0.8333333333333334,Open Innovation,0.1
meta-llama/Meta-Llama-3.1-8B-Instruct,0.7,6_energy_infra,1,randomized_numbers,generic,0.710814078222737,30,0.27586206896551724,0.8118475208911646,Diversification,0.8333333333333334,Open Innovation,0.1
meta-llama/Meta-Llama-3.1-8B-Instruct,0.7,1_founder_period,0,competitive_dynamics,generic,0.7208130181438652,30,0.41379310344827586,0.7837769476882268,Retrenchment,0.7666666666666667,Niche Focus,0.23333333333333334
meta-llama/Meta-Llama-3.1-8B-Instruct,0.7,1_founder_period,4,base,generic,0.7208130181438652,30,0.3103448275862069,0.7837769476882268,Niche Focus,0.7666666666666667,Retrenchment,0.23333333333333334
meta-llama/Meta-Llama-3.1-8B-Instruct,0.7,1_founder_period,2,competitive_dynamics,generic,0.7208130181438654,30,0.27586206896551724,0.7837769476882264,Niche Focus,0.7666666666666667,Technology Leadership,0.23333333333333334
meta-llama/Meta-Llama-3.1-8B-Instruct,0.7,1_founder_period,3,competitive_dynamics,generic,0.7208130181438654,30,0.41379310344827586,0.7837769476882266,Technology Leadership,0.7666666666666667,Niche Focus,0.23333333333333334
meta-llama/Meta-Llama-3.1-8B-Instruct,0.7,1_founder_period,5,randomized_numbers,specific,0.7208130181438654,30,0.4482758620689655,0.7837769476882264,Niche Focus,0.7666666666666667,Technology Leadership,0.23333333333333334
meta-llama/Meta-Llama-3.1-8B-Instruct,0.7,2_roadster_launch,1,opp_focus,generic,0.7208130181438654,30,0.41379310344827586,0.7837769476882266,Technology Leadership,0.7666666666666667,Maintain,0.23333333333333334
meta-llama/Meta-Llama-3.1-8B-Instruct,0.7,3_model_s_launch,0,base,generic,0.7208130181438654,30,0.3103448275862069,0.7837769476882265,Fast Follower,0.7666666666666667,Technology Leadership,0.23333333333333334
meta-llama/Meta-Llama-3.1-8B-Instruct,0.7,4_model_x_launch,0,competitive_dynamics,specific,0.7208130181438654,30,0.41379310344827586,0.7837769476882266,Retrenchment,0.7666666666666667,Open Innovation,0.23333333333333334
meta-llama/Meta-Llama-3.1-8B-Instruct,0.7,4_model_x_launch,3,count_fact,generic,0.7208130181438654,30,0.3448275862068966,0.7837769476882265,Technology Leadership,0.7666666666666667,Open Innovation,0.23333333333333334
meta-llama/Meta-Llama-3.1-8B-Instruct,0.7,5_model_3_mass_market,0,base,specific,0.7208130181438654,30,0.3793103448275862,0.7837769476882264,Maintain,0.7666666666666667,Technology Leadership,0.23333333333333334
meta-llama/Meta-Llama-3.1-8B-Instruct,0.7,5_model_3_mass_market,4,randomized_numbers,specific,0.7208130181438654,30,0.3793103448275862,0.7837769476882264,Maintain,0.7666666666666667,Technology Leadership,0.23333333333333334
meta-llama/Meta-Llama-3.1-8B-Instruct,0.7,6_energy_infra,0,base,specific,0.7208130181438654,30,0.41379310344827586,0.7837769476882266,Diversification,0.7666666666666667,Open Innovation,0.23333333333333334
meta-llama/Meta-Llama-3.1-8B-Instruct,0.7,6_energy_infra,1,base,generic,0.7208130181438654,30,0.2413793103448276,0.7837769476882266,Diversification,0.7666666666666667,Open Innovation,0.23333333333333334
meta-llama/Meta-Llama-3.1-8B-Instruct,0.7,6_energy_infra,2,opp_focus,generic,0.7208130181438654,30,0.3103448275862069,0.7837769476882264,Diversification,0.7666666666666667,Technology Leadership,0.23333333333333334
meta-llama/Meta-Llama-3.1-8B-Instruct,0.7,6_energy_infra,2,opp_focus,specific,0.7208130181438654,30,0.41379310344827586,0.7837769476882264,Diversification,0.7666666666666667,Technology Leadership,0.23333333333333334
meta-llama/Meta-Llama-3.1-8B-Instruct,0.7,1_founder_period,1,base,specific,0.7255980122386716,30,0.2413793103448276,0.7703437709641556,Niche Focus,0.8333333333333334,Technology Leadership,0.13333333333333333
meta-llama/Meta-Llama-3.1-8B-Instruct,0.7,5_model_3_mass_market,2,randomized_numbers,generic,0.7255980122386716,30,0.3448275862068966,0.7703437709641556,Maintain,0.8333333333333334,Open Innovation,0.13333333333333333
meta-llama/Meta-Llama-3.1-8B-Instruct,0.7,2_roadster_launch,0,competitive_dynamics,specific,0.7428440239532105,30,0.3793103448275862,0.7219280950914819,Technology Leadership,0.8,Maintain,0.2
meta-llama/Meta-Llama-3.1-8B-Instruct,0.7,2_roadster_launch,1,base,specific,0.7428440239532105,30,0.2413793103448276,0.7219280950914819,Technology Leadership,0.8,Maintain,0.2
meta-llama/Meta-Llama-3.1-8B-Instruct,0.7,2_roadster_launch,1,randomized_numbers,specific,0.7428440239532105,30,0.3448275862068966,0.7219280950914819,Technology Leadership,0.8,Maintain,0.2
meta-llama/Meta-Llama-3.1-8B-Instruct,0.7,4_model_x_launch,1,randomized_numbers,specific,0.7428440239532105,30,0.27586206896551724,0.7219280950914819,Retrenchment,0.8,Open Innovation,0.2
meta-llama/Meta-Llama-3.1-8B-Instruct,0.7,6_energy_infra,1,count_fact,generic,0.7428440239532105,30,0.3103448275862069,0.7219280950914819,Diversification,0.8,Open Innovation,0.2
meta-llama/Meta-Llama-3.1-8B-Instruct,0.7,6_energy_infra,2,count_fact,generic,0.7428440239532105,30,0.3793103448275862,0.7219280950914819,Diversification,0.8,Fast Follower,0.2
meta-llama/Meta-Llama-3.1-8B-Instruct,0.7,3_model_s_launch,0,competitive_dynamics,generic,0.7428440239532106,30,0.3103448275862069,0.7219280950914818,Fast Follower,0.8,Technology Leadership,0.2
meta-llama/Meta-Llama-3.1-8B-Instruct,0.7,6_energy_infra,4,opp_focus,generic,0.7428440239532106,30,0.27586206896551724,0.7219280950914817,Diversification,0.8,Technology Leadership,0.2
meta-llama/Meta-Llama-3.1-8B-Instruct,0.7,1_founder_period,1,count_fact,specific,0.7507109505264675,30,0.20689655172413793,0.6998428400545831,Niche Focus,0.8666666666666667,Technology Leadership,0.06666666666666667
meta-llama/Meta-Llama-3.1-8B-Instruct,0.7,1_founder_period,5,randomized_numbers,generic,0.7507109505264675,30,0.27586206896551724,0.6998428400545831,Niche Focus,0.8666666666666667,Retrenchment,0.06666666666666667
meta-llama/Meta-Llama-3.1-8B-Instruct,0.7,1_founder_period,2,randomized_numbers,specific,0.7596741623172119,30,0.27586206896551724,0.674679923316392,Niche Focus,0.8666666666666667,Technology Leadership,0.1
meta-llama/Meta-Llama-3.1-8B-Instruct,0.7,1_founder_period,1,randomized_numbers,generic,0.7684573415545342,30,0.3103448275862069,0.6500224218531814,Retrenchment,0.8333333333333334,Niche Focus,0.16666666666666666
meta-llama/Meta-Llama-3.1-8B-Instruct,0.7,1_founder_period,4,randomized_numbers,specific,0.7684573415545342,30,0.3448275862068966,0.6500224218531813,Niche Focus,0.8333333333333334,Technology Leadership,0.16666666666666666
meta-llama/Meta-Llama-3.1-8B-Instruct,0.7,2_roadster_launch,3,base,specific,0.7684573415545342,30,0.20689655172413793,0.6500224218531812,Technology Leadership,0.8333333333333334,Maintain,0.16666666666666666
meta-llama/Meta-Llama-3.1-8B-Instruct,0.7,3_model_s_launch,0,count_fact,generic,0.7684573415545342,30,0.3448275862068966,0.6500224218531813,Fast Follower,0.8333333333333334,Technology Leadership,0.16666666666666666
meta-llama/Meta-Llama-3.1-8B-Instruct,0.7,5_model_3_mass_market,0,count_fact,specific,0.7684573415545342,30,0.3448275862068966,0.6500224218531813,Maintain,0.8333333333333334,Technology Leadership,0.16666666666666666
meta-llama/Meta-Llama-3.1-8B-Instruct,0.7,5_model_3_mass_market,0,opp_focus,generic,0.7684573415545342,30,0.3103448275862069,0.6500224218531813,Maintain,0.8333333333333334,Open Innovation,0.16666666666666666
meta-llama/Meta-Llama-3.1-8B-Instruct,0.7,5_model_3_mass_market,1,randomized_numbers,generic,0.7684573415545342,30,0.3448275862068966,0.6500224218531813,Maintain,0.8333333333333334,Open Innovation,0.16666666666666666
meta-llama/Meta-Llama-3.1-8B-Instruct,0.7,6_energy_infra,4,base,specific,0.7684573415545342,30,0.27586206896551724,0.6500224218531813,Diversification,0.8333333333333334,Technology Leadership,0.16666666666666666
meta-llama/Meta-Llama-3.1-8B-Instruct,0.7,6_energy_infra,4,randomized_numbers,generic,0.7684573415545342,30,0.3103448275862069,0.6500224218531813,Diversification,0.8333333333333334,Technology Leadership,0.16666666666666666
meta-llama/Meta-Llama-3.1-8B-Instruct,0.7,1_founder_period,6,count_fact,specific,0.7982052421275723,30,0.13793103448275862,0.5665095067585826,Niche Focus,0.8666666666666667,Retrenchment,0.13333333333333333
meta-llama/Meta-Llama-3.1-8B-Instruct,0.7,4_model_x_launch,2,base,specific,0.7982052421275723,30,0.27586206896551724,0.5665095067585824,Retrenchment,0.8666666666666667,Open Innovation,0.13333333333333333
meta-llama/Meta-Llama-3.1-8B-Instruct,0.7,1_founder_period,1,competitive_dynamics,specific,0.7982052421275724,30,0.27586206896551724,0.5665095067585821,Niche Focus,0.8666666666666667,Technology Leadership,0.13333333333333333
meta-llama/Meta-Llama-3.1-8B-Instruct,0.7,1_founder_period,2,base,specific,0.7982052421275724,30,0.27586206896551724,0.5665095067585821,Niche Focus,0.8666666666666667,Technology Leadership,0.13333333333333333
meta-llama/Meta-Llama-3.1-8B-Instruct,0.7,3_model_s_launch,0,opp_focus,generic,0.7982052421275724,30,0.27586206896551724,0.5665095067585821,Fast Follower,0.8666666666666667,Technology Leadership,0.13333333333333333
meta-llama/Meta-Llama-3.1-8B-Instruct,0.7,3_model_s_launch,0,randomized_numbers,generic,0.7982052421275724,30,0.27586206896551724,0.5665095067585821,Fast Follower,0.8666666666666667,Technology Leadership,0.13333333333333333
meta-llama/Meta-Llama-3.1-8B-Instruct,0.7,5_model_3_mass_market,0,competitive_dynamics,specific,0.7982052421275724,30,0.27586206896551724,0.5665095067585821,Maintain,0.8666666666666667,Technology Leadership,0.13333333333333333
meta-llama/Meta-Llama-3.1-8B-Instruct,0.7,6_energy_infra,3,base,specific,0.7982052421275724,30,0.13793103448275862,0.5665095067585821,Diversification,0.8666666666666667,Technology Leadership,0.13333333333333333
meta-llama/Meta-Llama-3.1-8B-Instruct,0.7,2_roadster_launch,0,opp_focus,specific,0.7982052421275725,30,0.20689655172413793,0.566509506758582,Technology Leadership,0.8666666666666667,Maintain,0.13333333333333333
meta-llama/Meta-Llama-3.1-8B-Instruct,0.7,2_roadster_launch,2,randomized_numbers,specific,0.7982052421275725,30,0.27586206896551724,0.566509506758582,Technology Leadership,0.8666666666666667,Maintain,0.13333333333333333
meta-llama/Meta-Llama-3.1-8B-Instruct,0.7,4_model_x_launch,2,count_fact,specific,0.8002300411826995,30,0.1724137931034483,0.5608251771649935,Technology Leadership,0.9,Open Innovation,0.06666666666666667
meta-llama/Meta-Llama-3.1-8B-Instruct,0.7,1_founder_period,4,count_fact,generic,0.8329403987678696,30,0.20689655172413793,0.46899559379600175,Niche Focus,0.9,Retrenchment,0.1
meta-llama/Meta-Llama-3.1-8B-Instruct,0.7,1_founder_period,6,count_fact,generic,0.8329403987678696,30,0.20689655172413793,0.46899559379600175,Niche Focus,0.9,Retrenchment,0.1
meta-llama/Meta-Llama-3.1-8B-Instruct,0.7,4_model_x_launch,0,opp_focus,specific,0.8329403987678697,30,0.06896551724137931,0.46899559379600153,Retrenchment,0.9,Open Innovation,0.1
meta-llama/Meta-Llama-3.1-8B-Instruct,0.7,4_model_x_launch,1,competitive_dynamics,generic,0.8329403987678697,30,0.20689655172413793,0.46899559379600153,Retrenchment,0.9,Open Innovation,0.1
meta-llama/Meta-Llama-3.1-8B-Instruct,0.7,4_model_x_launch,2,randomized_numbers,specific,0.8329403987678697,30,0.20689655172413793,0.46899559379600153,Retrenchment,0.9,Open Innovation,0.1
meta-llama/Meta-Llama-3.1-8B-Instruct,0.7,5_model_3_mass_market,0,count_fact,generic,0.8329403987678697,30,0.1724137931034483,0.46899559379600153,Maintain,0.9,Open Innovation,0.1
meta-llama/Meta-Llama-3.1-8B-Instruct,0.7,1_founder_period,3,base,specific,0.8329403987678698,30,0.20689655172413793,0.4689955937960013,Niche Focus,0.9,Technology Leadership,0.1
meta-llama/Meta-Llama-3.1-8B-Instruct,0.7,1_founder_period,6,competitive_dynamics,generic,0.8329403987678698,30,0.1724137931034483,0.46899559379600125,Technology Leadership,0.9,Niche Focus,0.1
meta-llama/Meta-Llama-3.1-8B-Instruct,0.7,2_roadster_launch,0,count_fact,specific,0.8329403987678698,30,0.20689655172413793,0.4689955937960012,Technology Leadership,0.9,Maintain,0.1
meta-llama/Meta-Llama-3.1-8B-Instruct,0.7,2_roadster_launch,0,randomized_numbers,specific,0.8329403987678698,30,0.20689655172413793,0.4689955937960012,Technology Leadership,0.9,Maintain,0.1
meta-llama/Meta-Llama-3.1-8B-Instruct,0.7,2_roadster_launch,4,competitive_dynamics,generic,0.8329403987678698,30,0.13793103448275862,0.4689955937960012,Technology Leadership,0.9,Maintain,0.1
meta-llama/Meta-Llama-3.1-8B-Instruct,0.7,4_model_x_launch,3,base,generic,0.8329403987678698,30,0.20689655172413793,0.4689955937960013,Retrenchment,0.9,Fast Follower,0.1
meta-llama/Meta-Llama-3.1-8B-Instruct,0.7,4_model_x_launch,4,base,generic,0.8329403987678698,30,0.13793103448275862,0.4689955937960013,Retrenchment,0.9,Fast Follower,0.1
meta-llama/Meta-Llama-3.1-8B-Instruct,0.7,5_model_3_mass_market,2,randomized_numbers,specific,0.8329403987678698,30,0.20689655172413793,0.4689955937960013,Maintain,0.9,Technology Leadership,0.1
meta-llama/Meta-Llama-3.1-8B-Instruct,0.7,5_model_3_mass_market,4,opp_focus,specific,0.8329403987678698,30,0.20689655172413793,0.4689955937960013,Maintain,0.9,Technology Leadership,0.1
meta-llama/Meta-Llama-3.1-8B-Instruct,0.7,6_energy_infra,1,competitive_dynamics,specific,0.8503837193651191,30,0.13793103448275862,0.42002600186028444,Diversification,0.9333333333333333,Technology Leadership,0.03333333333333333
meta-llama/Meta-Llama-3.1-8B-Instruct,0.7,5_model_3_mass_market,0,base,generic,0.874130865159545,30,0.13793103448275862,0.35335933522948365,Maintain,0.9333333333333333,Open Innovation,0.06666666666666667
meta-llama/Meta-Llama-3.1-8B-Instruct,0.7,5_model_3_mass_market,1,base,generic,0.874130865159545,30,0.10344827586206896,0.35335933522948365,Maintain,0.9333333333333333,Open Innovation,0.06666666666666667
meta-llama/Meta-Llama-3.1-8B-Instruct,0.7,6_energy_infra,1,randomized_numbers,specific,0.874130865159545,30,0.13793103448275862,0.35335933522948365,Diversification,0.9333333333333333,Open Innovation,0.06666666666666667
meta-llama/Meta-Llama-3.1-8B-Instruct,0.7,2_roadster_launch,2,base,specific,0.8741308651595451,30,0.13793103448275862,0.3533593352294833,Technology Leadership,0.9333333333333333,Maintain,0.06666666666666667
meta-llama/Meta-Llama-3.1-8B-Instruct,0.7,2_roadster_launch,3,competitive_dynamics,generic,0.8741308651595451,30,0.13793103448275862,0.3533593352294833,Technology Leadership,0.9333333333333333,Maintain,0.06666666666666667
meta-llama/Meta-Llama-3.1-8B-Instruct,0.7,2_roadster_launch,3,opp_focus,generic,0.8741308651595451,30,0.13793103448275862,0.3533593352294833,Technology Leadership,0.9333333333333333,Maintain,0.06666666666666667
meta-llama/Meta-Llama-3.1-8B-Instruct,0.7,4_model_x_launch,3,randomized_numbers,generic,0.8741308651595451,30,0.13793103448275862,0.35335933522948343,Retrenchment,0.9333333333333333,Fast Follower,0.06666666666666667
meta-llama/Meta-Llama-3.1-8B-Instruct,0.7,5_model_3_mass_market,1,base,specific,0.8741308651595451,30,0.13793103448275862,0.3533593352294835,Maintain,0.9333333333333333,Technology Leadership,0.06666666666666667
meta-llama/Meta-Llama-3.1-8B-Instruct,0.7,6_energy_infra,2,competitive_dynamics,generic,0.8741308651595451,30,0.13793103448275862,0.3533593352294835,Diversification,0.9333333333333333,Technology Leadership,0.06666666666666667
meta-llama/Meta-Llama-3.1-8B-Instruct,0.7,6_energy_infra,2,randomized_numbers,generic,0.8741308651595451,30,0.13793103448275862,0.3533593352294835,Diversification,0.9333333333333333,Technology Leadership,0.06666666666666667
meta-llama/Meta-Llama-3.1-8B-Instruct,0.7,6_energy_infra,3,base,generic,0.8741308651595451,30,0.13793103448275862,0.3533593352294835,Diversification,0.9333333333333333,Technology Leadership,0.06666666666666667
meta-llama/Meta-Llama-3.1-8B-Instruct,0.7,6_energy_infra,3,randomized_numbers,specific,0.8741308651595451,30,0.13793103448275862,0.3533593352294835,Diversification,0.9333333333333333,Technology Leadership,0.06666666666666667
meta-llama/Meta-Llama-3.1-8B-Instruct,0.7,6_energy_infra,4,base,generic,0.8741308651595451,30,0.10344827586206896,0.3533593352294835,Diversification,0.9333333333333333,Technology Leadership,0.06666666666666667
meta-llama/Meta-Llama-3.1-8B-Instruct,0.7,5_model_3_mass_market,4,base,specific,0.9229178573179543,29,0.03571428571428571,0.21639693266118765,Maintain,0.9655172413793104,Technology Leadership,0.034482758620689655
meta-llama/Meta-Llama-3.1-8B-Instruct,0.7,1_founder_period,4,count_fact,specific,0.924896457205344,30,0.06896551724137931,0.2108423005285417,Niche Focus,0.9666666666666667,Retrenchment,0.03333333333333333
meta-llama/Meta-Llama-3.1-8B-Instruct,0.7,1_founder_period,5,count_fact,generic,0.924896457205344,30,0.06896551724137931,0.2108423005285417,Niche Focus,0.9666666666666667,Retrenchment,0.03333333333333333
meta-llama/Meta-Llama-3.1-8B-Instruct,0.7,5_model_3_mass_market,1,count_fact,generic,0.924896457205344,30,0.06896551724137931,0.21084230052854142,Maintain,0.9666666666666667,Open Innovation,0.03333333333333333
meta-llama/Meta-Llama-3.1-8B-Instruct,0.7,5_model_3_mass_market,1,opp_focus,generic,0.924896457205344,30,0.06896551724137931,0.21084230052854142,Maintain,0.9666666666666667,Open Innovation,0.03333333333333333
meta-llama/Meta-Llama-3.1-8B-Instruct,0.7,6_energy_infra,1,base,specific,0.924896457205344,30,0.06896551724137931,0.21084230052854142,Diversification,0.9666666666666667,Open Innovation,0.03333333333333333
meta-llama/Meta-Llama-3.1-8B-Instruct,0.7,6_energy_infra,1,competitive_dynamics,generic,0.924896457205344,30,0.06896551724137931,0.21084230052854142,Diversification,0.9666666666666667,Open Innovation,0.03333333333333333
meta-llama/Meta-Llama-3.1-8B-Instruct,0.7,6_energy_infra,1,opp_focus,specific,0.924896457205344,30,0.06896551724137931,0.21084230052854142,Diversification,0.9666666666666667,Open Innovation,0.03333333333333333
meta-llama/Meta-Llama-3.1-8B-Instruct,0.7,1_founder_period,2,opp_focus,generic,0.9248964572053441,30,0.06896551724137931,0.2108423005285411,Technology Leadership,0.9666666666666667,Niche Focus,0.03333333333333333
meta-llama/Meta-Llama-3.1-8B-Instruct,0.7,1_founder_period,3,randomized_numbers,specific,0.9248964572053441,30,0.06896551724137931,0.2108423005285411,Niche Focus,0.9666666666666667,Technology Leadership,0.03333333333333333
meta-llama/Meta-Llama-3.1-8B-Instruct,0.7,2_roadster_launch,1,competitive_dynamics,specific,0.9248964572053441,30,0.06896551724137931,0.2108423005285411,Technology Leadership,0.9666666666666667,Maintain,0.03333333333333333
meta-llama/Meta-Llama-3.1-8B-Instruct,0.7,2_roadster_launch,1,count_fact,specific,0.9248964572053441,30,0.06896551724137931,0.2108423005285411,Technology Leadership,0.9666666666666667,Maintain,0.03333333333333333
meta-llama/Meta-Llama-3.1-8B-Instruct,0.7,2_roadster_launch,2,opp_focus,generic,0.9248964572053441,30,0.06896551724137931,0.2108423005285411,Technology Leadership,0.9666666666666667,Maintain,0.03333333333333333
meta-llama/Meta-Llama-3.1-8B-Instruct,0.7,3_model_s_launch,1,competitive_dynamics,generic,0.9248964572053441,30,0.06896551724137931,0.21084230052854108,Fast Follower,0.9666666666666667,Technology Leadership,0.03333333333333333
meta-llama/Meta-Llama-3.1-8B-Instruct,0.7,3_model_s_launch,2,competitive_dynamics,generic,0.9248964572053441,30,0.06896551724137931,0.21084230052854108,Fast Follower,0.9666666666666667,Technology Leadership,0.03333333333333333
meta-llama/Meta-Llama-3.1-8B-Instruct,0.7,4_model_x_launch,3,base,specific,0.9248964572053441,30,0.034482758620689655,0.2108423005285411,Retrenchment,0.9666666666666667,Fast Follower,0.03333333333333333
meta-llama/Meta-Llama-3.1-8B-Instruct,0.7,5_model_3_mass_market,0,opp_focus,specific,0.9248964572053441,30,0.06896551724137931,0.2108423005285411,Maintain,0.9666666666666667,Technology Leadership,0.03333333333333333
meta-llama/Meta-Llama-3.1-8B-Instruct,0.7,5_model_3_mass_market,2,base,specific,0.9248964572053441,30,0.06896551724137931,0.2108423005285411,Maintain,0.9666666666666667,Technology Leadership,0.03333333333333333
meta-llama/Meta-Llama-3.1-8B-Instruct,0.7,5_model_3_mass_market,3,opp_focus,specific,0.9248964572053441,30,0.06896551724137931,0.2108423005285411,Maintain,0.9666666666666667,Technology Leadership,0.03333333333333333
meta-llama/Meta-Llama-3.1-8B-Instruct,0.7,5_model_3_mass_market,4,opp_focus,generic,0.9248964572053441,30,0.06896551724137931,0.2108423005285411,Maintain,0.9666666666666667,Technology Leadership,0.03333333333333333
meta-llama/Meta-Llama-3.1-8B-Instruct,0.7,6_energy_infra,2,base,specific,0.9248964572053441,30,0.06896551724137931,0.2108423005285411,Diversification,0.9666666666666667,Technology Leadership,0.03333333333333333
meta-llama/Meta-Llama-3.1-8B-Instruct,0.7,6_energy_infra,2,randomized_numbers,specific,0.9248964572053441,30,0.06896551724137931,0.2108423005285411,Diversification,0.9666666666666667,Technology Leadership,0.03333333333333333
meta-llama/Meta-Llama-3.1-8B-Instruct,0.7,4_model_x_launch,0,base,generic,0.9999999999117192,30,0.0,2.4783576261415975e-10,Retrenchment,1.0,,
meta-llama/Meta-Llama-3.1-8B-Instruct,0.7,4_model_x_launch,0,competitive_dynamics,generic,0.9999999999117192,30,0.0,2.4783576261415975e-10,Retrenchment,1.0,,
meta-llama/Meta-Llama-3.1-8B-Instruct,0.7,4_model_x_launch,0,count_fact,generic,0.9999999999117192,30,0.0,2.4783576261415975e-10,Retrenchment,1.0,,
meta-llama/Meta-Llama-3.1-8B-Instruct,0.7,4_model_x_launch,0,opp_focus,generic,0.9999999999117192,30,0.0,2.4783576261415975e-10,Retrenchment,1.0,,
meta-llama/Meta-Llama-3.1-8B-Instruct,0.7,4_model_x_launch,0,randomized_numbers,generic,0.9999999999117192,30,0.0,2.4783576261415975e-10,Retrenchment,1.0,,
meta-llama/Meta-Llama-3.1-8B-Instruct,0.7,4_model_x_launch,1,base,generic,0.9999999999117192,30,0.0,2.4783576261415975e-10,Retrenchment,1.0,,
meta-llama/Meta-Llama-3.1-8B-Instruct,0.7,4_model_x_launch,1,randomized_numbers,generic,0.9999999999117192,30,0.0,2.4783576261415975e-10,Retrenchment,1.0,,
meta-llama/Meta-Llama-3.1-8B-Instruct,0.7,4_model_x_launch,2,base,generic,0.9999999999117192,30,0.0,2.4783576261415975e-10,Retrenchment,1.0,,
meta-llama/Meta-Llama-3.1-8B-Instruct,0.7,4_model_x_launch,2,randomized_numbers,generic,0.9999999999117192,30,0.0,2.4783576261415975e-10,Retrenchment,1.0,,
meta-llama/Meta-Llama-3.1-8B-Instruct,0.7,5_model_3_mass_market,0,competitive_dynamics,generic,0.9999999999117192,30,0.0,2.4783576261415975e-10,Maintain,1.0,,
meta-llama/Meta-Llama-3.1-8B-Instruct,0.7,5_model_3_mass_market,0,randomized_numbers,specific,0.9999999999117192,30,0.0,2.4783576261415975e-10,Maintain,1.0,,
meta-llama/Meta-Llama-3.1-8B-Instruct,0.7,5_model_3_mass_market,1,competitive_dynamics,generic,0.9999999999117192,30,0.0,2.4783576261415975e-10,Maintain,1.0,,
meta-llama/Meta-Llama-3.1-8B-Instruct,0.7,5_model_3_mass_market,1,competitive_dynamics,specific,0.9999999999117192,30,0.0,2.4783576261415975e-10,Maintain,1.0,,
meta-llama/Meta-Llama-3.1-8B-Instruct,0.7,5_model_3_mass_market,1,count_fact,specific,0.9999999999117192,30,0.0,2.4783576261415975e-10,Maintain,1.0,,
meta-llama/Meta-Llama-3.1-8B-Instruct,0.7,5_model_3_mass_market,1,opp_focus,specific,0.9999999999117192,30,0.0,2.4783576261415975e-10,Maintain,1.0,,
meta-llama/Meta-Llama-3.1-8B-Instruct,0.7,5_model_3_mass_market,1,randomized_numbers,specific,0.9999999999117192,30,0.0,2.4783576261415975e-10,Maintain,1.0,,
meta-llama/Meta-Llama-3.1-8B-Instruct,0.7,5_model_3_mass_market,2,base,generic,0.9999999999117192,30,0.0,2.4783576261415975e-10,Maintain,1.0,,
meta-llama/Meta-Llama-3.1-8B-Instruct,0.7,5_model_3_mass_market,2,competitive_dynamics,generic,0.9999999999117192,30,0.0,2.4783576261415975e-10,Maintain,1.0,,
meta-llama/Meta-Llama-3.1-8B-Instruct,0.7,5_model_3_mass_market,2,competitive_dynamics,specific,0.9999999999117192,30,0.0,2.4783576261415975e-10,Maintain,1.0,,
meta-llama/Meta-Llama-3.1-8B-Instruct,0.7,5_model_3_mass_market,2,count_fact,generic,0.9999999999117192,30,0.0,2.4783576261415975e-10,Maintain,1.0,,
meta-llama/Meta-Llama-3.1-8B-Instruct,0.7,5_model_3_mass_market,2,count_fact,specific,0.9999999999117192,30,0.0,2.4783576261415975e-10,Maintain,1.0,,
meta-llama/Meta-Llama-3.1-8B-Instruct,0.7,5_model_3_mass_market,2,opp_focus,generic,0.9999999999117192,30,0.0,2.4783576261415975e-10,Maintain,1.0,,
meta-llama/Meta-Llama-3.1-8B-Instruct,0.7,5_model_3_mass_market,2,opp_focus,specific,0.9999999999117192,30,0.0,2.4783576261415975e-10,Maintain,1.0,,
meta-llama/Meta-Llama-3.1-8B-Instruct,0.7,5_model_3_mass_market,3,base,generic,0.9999999999117192,30,0.0,2.4783576261415975e-10,Maintain,1.0,,
meta-llama/Meta-Llama-3.1-8B-Instruct,0.7,5_model_3_mass_market,3,base,specific,0.9999999999117192,30,0.0,2.4783576261415975e-10,Maintain,1.0,,
meta-llama/Meta-Llama-3.1-8B-Instruct,0.7,5_model_3_mass_market,3,competitive_dynamics,generic,0.9999999999117192,30,0.0,2.4783576261415975e-10,Maintain,1.0,,
meta-llama/Meta-Llama-3.1-8B-Instruct,0.7,5_model_3_mass_market,3,competitive_dynamics,specific,0.9999999999117192,30,0.0,2.4783576261415975e-10,Maintain,1.0,,
meta-llama/Meta-Llama-3.1-8B-Instruct,0.7,5_model_3_mass_market,3,count_fact,generic,0.9999999999117192,30,0.0,2.4783576261415975e-10,Maintain,1.0,,
meta-llama/Meta-Llama-3.1-8B-Instruct,0.7,5_model_3_mass_market,3,count_fact,specific,0.9999999999117192,30,0.0,2.4783576261415975e-10,Maintain,1.0,,
meta-llama/Meta-Llama-3.1-8B-Instruct,0.7,5_model_3_mass_market,3,opp_focus,generic,0.9999999999117192,30,0.0,2.4783576261415975e-10,Maintain,1.0,,
meta-llama/Meta-Llama-3.1-8B-Instruct,0.7,5_model_3_mass_market,3,randomized_numbers,generic,0.9999999999117192,30,0.0,2.4783576261415975e-10,Maintain,1.0,,
meta-llama/Meta-Llama-3.1-8B-Instruct,0.7,5_model_3_mass_market,3,randomized_numbers,specific,0.9999999999117192,30,0.0,2.4783576261415975e-10,Maintain,1.0,,
meta-llama/Meta-Llama-3.1-8B-Instruct,0.7,5_model_3_mass_market,4,base,generic,0.9999999999117192,29,0.0,2.4783576261415975e-10,Maintain,1.0,,
meta-llama/Meta-Llama-3.1-8B-Instruct,0.7,5_model_3_mass_market,4,competitive_dynamics,generic,0.9999999999117192,29,0.0,2.4783576261415975e-10,Maintain,1.0,,
meta-llama/Meta-Llama-3.1-8B-Instruct,0.7,5_model_3_mass_market,4,competitive_dynamics,specific,0.9999999999117192,30,0.0,2.4783576261415975e-10,Maintain,1.0,,
meta-llama/Meta-Llama-3.1-8B-Instruct,0.7,5_model_3_mass_market,4,count_fact,generic,0.9999999999117192,27,0.0,2.4783576261415975e-10,Maintain,1.0,,
meta-llama/Meta-Llama-3.1-8B-Instruct,0.7,5_model_3_mass_market,4,count_fact,specific,0.9999999999117192,30,0.0,2.4783576261415975e-10,Maintain,1.0,,
meta-llama/Meta-Llama-3.1-8B-Instruct,0.7,1_founder_period,2,count_fact,specific,0.9999999999117193,30,0.0,2.478354422715094e-10,Niche Focus,1.0,,
meta-llama/Meta-Llama-3.1-8B-Instruct,0.7,1_founder_period,3,count_fact,specific,0.9999999999117193,30,0.0,2.478354422715094e-10,Niche Focus,1.0,,
meta-llama/Meta-Llama-3.1-8B-Instruct,0.7,1_founder_period,5,count_fact,specific,0.9999999999117193,30,0.0,2.478354422715094e-10,Niche Focus,1.0,,
meta-llama/Meta-Llama-3.1-8B-Instruct,0.7,6_energy_infra,1,opp_focus,generic,0.9999999999117193,30,0.0,2.478354422715094e-10,Diversification,1.0,,
meta-llama/Meta-Llama-3.1-8B-Instruct,0.7,6_energy_infra,2,base,generic,0.9999999999117193,30,0.0,2.478354422715094e-10,Diversification,1.0,,
meta-llama/Meta-Llama-3.1-8B-Instruct,0.7,6_energy_infra,3,competitive_dynamics,generic,0.9999999999117193,30,0.0,2.478354422715094e-10,Diversification,1.0,,
meta-llama/Meta-Llama-3.1-8B-Instruct,0.7,6_energy_infra,3,competitive_dynamics,specific,0.9999999999117193,30,0.0,2.478354422715094e-10,Diversification,1.0,,
meta-llama/Meta-Llama-3.1-8B-Instruct,0.7,6_energy_infra,3,randomized_numbers,generic,0.9999999999117193,30,0.0,2.478354422715094e-10,Diversification,1.0,,
meta-llama/Meta-Llama-3.1-8B-Instruct,0.7,6_energy_infra,4,competitive_dynamics,generic,0.9999999999117193,30,0.0,2.478354422715094e-10,Diversification,1.0,,
meta-llama/Meta-Llama-3.1-8B-Instruct,0.7,6_energy_infra,4,competitive_dynamics,specific,0.9999999999117193,30,0.0,2.478354422715094e-10,Diversification,1.0,,
meta-llama/Meta-Llama-3.1-8B-Instruct,0.7,6_energy_infra,4,randomized_numbers,specific,0.9999999999117193,30,0.0,2.478354422715094e-10,Diversification,1.0,,
meta-llama/Meta-Llama-3.1-8B-Instruct,0.7,1_founder_period,2,opp_focus,specific,0.9999999999117194,30,0.0,2.4783512192885906e-10,Technology Leadership,1.0,,
meta-llama/Meta-Llama-3.1-8B-Instruct,0.7,1_founder_period,3,competitive_dynamics,specific,0.9999999999117194,30,0.0,2.4783512192885906e-10,Technology Leadership,1.0,,
meta-llama/Meta-Llama-3.1-8B-Instruct,0.7,1_founder_period,3,opp_focus,generic,0.9999999999117194,30,0.0,2.4783512192885906e-10,Technology Leadership,1.0,,
meta-llama/Meta-Llama-3.1-8B-Instruct,0.7,1_founder_period,3,opp_focus,specific,0.9999999999117194,30,0.0,2.4783512192885906e-10,Technology Leadership,1.0,,
meta-llama/Meta-Llama-3.1-8B-Instruct,0.7,1_founder_period,4,competitive_dynamics,generic,0.9999999999117194,30,0.0,2.4783512192885906e-10,Technology Leadership,1.0,,
meta-llama/Meta-Llama-3.1-8B-Instruct,0.7,1_founder_period,4,competitive_dynamics,specific,0.9999999999117194,30,0.0,2.4783512192885906e-10,Technology Leadership,1.0,,
meta-llama/Meta-Llama-3.1-8B-Instruct,0.7,1_founder_period,4,opp_focus,generic,0.9999999999117194,30,0.0,2.4783512192885906e-10,Technology Leadership,1.0,,
meta-llama/Meta-Llama-3.1-8B-Instruct,0.7,1_founder_period,4,opp_focus,specific,0.9999999999117194,30,0.0,2.4783512192885906e-10,Technology Leadership,1.0,,
meta-llama/Meta-Llama-3.1-8B-Instruct,0.7,1_founder_period,5,competitive_dynamics,generic,0.9999999999117194,30,0.0,2.4783512192885906e-10,Technology Leadership,1.0,,
meta-llama/Meta-Llama-3.1-8B-Instruct,0.7,1_founder_period,5,competitive_dynamics,specific,0.9999999999117194,30,0.0,2.4783512192885906e-10,Technology Leadership,1.0,,
meta-llama/Meta-Llama-3.1-8B-Instruct,0.7,1_founder_period,5,opp_focus,generic,0.9999999999117194,30,0.0,2.4783512192885906e-10,Technology Leadership,1.0,,
meta-llama/Meta-Llama-3.1-8B-Instruct,0.7,1_founder_period,5,opp_focus,specific,0.9999999999117194,30,0.0,2.4783512192885906e-10,Technology Leadership,1.0,,
meta-llama/Meta-Llama-3.1-8B-Instruct,0.7,1_founder_period,6,competitive_dynamics,specific,0.9999999999117194,30,0.0,2.4783512192885906e-10,Technology Leadership,1.0,,
meta-llama/Meta-Llama-3.1-8B-Instruct,0.7,1_founder_period,6,opp_focus,generic,0.9999999999117194,30,0.0,2.4783512192885906e-10,Technology Leadership,1.0,,
meta-llama/Meta-Llama-3.1-8B-Instruct,0.7,1_founder_period,6,opp_focus,specific,0.9999999999117194,29,0.0,2.4783512192885906e-10,Technology Leadership,1.0,,
meta-llama/Meta-Llama-3.1-8B-Instruct,0.7,2_roadster_launch,1,opp_focus,specific,0.9999999999117194,30,0.0,2.4783512192885906e-10,Technology Leadership,1.0,,
meta-llama/Meta-Llama-3.1-8B-Instruct,0.7,2_roadster_launch,2,competitive_dynamics,specific,0.9999999999117194,30,0.0,2.4783512192885906e-10,Technology Leadership,1.0,,
meta-llama/Meta-Llama-3.1-8B-Instruct,0.7,2_roadster_launch,2,count_fact,generic,0.9999999999117194,30,0.0,2.4783512192885906e-10,Technology Leadership,1.0,,
meta-llama/Meta-Llama-3.1-8B-Instruct,0.7,2_roadster_launch,2,count_fact,specific,0.9999999999117194,30,0.0,2.4783512192885906e-10,Technology Leadership,1.0,,
meta-llama/Meta-Llama-3.1-8B-Instruct,0.7,2_roadster_launch,2,opp_focus,specific,0.9999999999117194,30,0.0,2.4783512192885906e-10,Technology Leadership,1.0,,
meta-llama/Meta-Llama-3.1-8B-Instruct,0.7,2_roadster_launch,3,competitive_dynamics,specific,0.9999999999117194,30,0.0,2.4783512192885906e-10,Technology Leadership,1.0,,
meta-llama/Meta-Llama-3.1-8B-Instruct,0.7,2_roadster_launch,3,count_fact,generic,0.9999999999117194,30,0.0,2.4783512192885906e-10,Technology Leadership,1.0,,
meta-llama/Meta-Llama-3.1-8B-Instruct,0.7,2_roadster_launch,3,count_fact,specific,0.9999999999117194,30,0.0,2.4783512192885906e-10,Technology Leadership,1.0,,
meta-llama/Meta-Llama-3.1-8B-Instruct,0.7,2_roadster_launch,3,opp_focus,specific,0.9999999999117194,30,0.0,2.4783512192885906e-10,Technology Leadership,1.0,,
meta-llama/Meta-Llama-3.1-8B-Instruct,0.7,2_roadster_launch,4,competitive_dynamics,specific,0.9999999999117194,28,0.0,2.4783512192885906e-10,Technology Leadership,1.0,,
meta-llama/Meta-Llama-3.1-8B-Instruct,0.7,2_roadster_launch,4,count_fact,generic,0.9999999999117194,29,0.0,2.4783512192885906e-10,Technology Leadership,1.0,,
meta-llama/Meta-Llama-3.1-8B-Instruct,0.7,2_roadster_launch,4,count_fact,specific,0.9999999999117194,30,0.0,2.4783512192885906e-10,Technology Leadership,1.0,,
meta-llama/Meta-Llama-3.1-8B-Instruct,0.7,2_roadster_launch,4,opp_focus,generic,0.9999999999117194,29,0.0,2.4783512192885906e-10,Technology Leadership,1.0,,
meta-llama/Meta-Llama-3.1-8B-Instruct,0.7,2_roadster_launch,4,opp_focus,specific,0.9999999999117194,29,0.0,2.4783512192885906e-10,Technology Leadership,1.0,,
meta-llama/Meta-Llama-3.1-8B-Instruct,0.7,3_model_s_launch,0,base,specific,0.9999999999117194,30,0.0,2.4783512192885906e-10,Fast Follower,1.0,,
meta-llama/Meta-Llama-3.1-8B-Instruct,0.7,3_model_s_launch,0,competitive_dynamics,specific,0.9999999999117194,29,0.0,2.4783512192885906e-10,Fast Follower,1.0,,
meta-llama/Meta-Llama-3.1-8B-Instruct,0.7,3_model_s_launch,0,count_fact,specific,0.9999999999117194,30,0.0,2.4783512192885906e-10,Fast Follower,1.0,,
meta-llama/Meta-Llama-3.1-8B-Instruct,0.7,3_model_s_launch,0,opp_focus,specific,0.9999999999117194,30,0.0,2.4783512192885906e-10,Fast Follower,1.0,,
meta-llama/Meta-Llama-3.1-8B-Instruct,0.7,3_model_s_launch,0,randomized_numbers,specific,0.9999999999117194,30,0.0,2.4783512192885906e-10,Fast Follower,1.0,,
meta-llama/Meta-Llama-3.1-8B-Instruct,0.7,3_model_s_launch,1,base,generic,0.9999999999117194,30,0.0,2.4783512192885906e-10,Fast Follower,1.0,,
meta-llama/Meta-Llama-3.1-8B-Instruct,0.7,3_model_s_launch,1,base,specific,0.9999999999117194,30,0.0,2.4783512192885906e-10,Fast Follower,1.0,,
meta-llama/Meta-Llama-3.1-8B-Instruct,0.7,3_model_s_launch,1,competitive_dynamics,specific,0.9999999999117194,30,0.0,2.4783512192885906e-10,Fast Follower,1.0,,
meta-llama/Meta-Llama-3.1-8B-Instruct,0.7,3_model_s_launch,1,count_fact,generic,0.9999999999117194,30,0.0,2.4783512192885906e-10,Fast Follower,1.0,,
meta-llama/Meta-Llama-3.1-8B-Instruct,0.7,3_model_s_launch,1,count_fact,specific,0.9999999999117194,30,0.0,2.4783512192885906e-10,Fast Follower,1.0,,
meta-llama/Meta-Llama-3.1-8B-Instruct,0.7,3_model_s_launch,1,opp_focus,generic,0.9999999999117194,29,0.0,2.4783512192885906e-10,Fast Follower,1.0,,
meta-llama/Meta-Llama-3.1-8B-Instruct,0.7,3_model_s_launch,1,opp_focus,specific,0.9999999999117194,30,0.0,2.4783512192885906e-10,Fast Follower,1.0,,
meta-llama/Meta-Llama-3.1-8B-Instruct,0.7,3_model_s_launch,1,randomized_numbers,generic,0.9999999999117194,30,0.0,2.4783512192885906e-10,Fast Follower,1.0,,
meta-llama/Meta-Llama-3.1-8B-Instruct,0.7,3_model_s_launch,1,randomized_numbers,specific,0.9999999999117194,30,0.0,2.4783512192885906e-10,Fast Follower,1.0,,
meta-llama/Meta-Llama-3.1-8B-Instruct,0.7,3_model_s_launch,2,base,generic,0.9999999999117194,30,0.0,2.4783512192885906e-10,Fast Follower,1.0,,
meta-llama/Meta-Llama-3.1-8B-Instruct,0.7,3_model_s_launch,2,base,specific,0.9999999999117194,30,0.0,2.4783512192885906e-10,Fast Follower,1.0,,
meta-llama/Meta-Llama-3.1-8B-Instruct,0.7,3_model_s_launch,2,competitive_dynamics,specific,0.9999999999117194,30,0.0,2.4783512192885906e-10,Fast Follower,1.0,,
meta-llama/Meta-Llama-3.1-8B-Instruct,0.7,3_model_s_launch,2,count_fact,generic,0.9999999999117194,30,0.0,2.4783512192885906e-10,Fast Follower,1.0,,
meta-llama/Meta-Llama-3.1-8B-Instruct,0.7,3_model_s_launch,2,count_fact,specific,0.9999999999117194,30,0.0,2.4783512192885906e-10,Fast Follower,1.0,,
meta-llama/Meta-Llama-3.1-8B-Instruct,0.7,3_model_s_launch,2,opp_focus,generic,0.9999999999117194,30,0.0,2.4783512192885906e-10,Fast Follower,1.0,,
meta-llama/Meta-Llama-3.1-8B-Instruct,0.7,3_model_s_launch,2,opp_focus,specific,0.9999999999117194,30,0.0,2.4783512192885906e-10,Fast Follower,1.0,,
meta-llama/Meta-Llama-3.1-8B-Instruct,0.7,3_model_s_launch,2,randomized_numbers,generic,0.9999999999117194,30,0.0,2.4783512192885906e-10,Fast Follower,1.0,,
meta-llama/Meta-Llama-3.1-8B-Instruct,0.7,3_model_s_launch,2,randomized_numbers,specific,0.9999999999117194,30,0.0,2.4783512192885906e-10,Fast Follower,1.0,,
meta-llama/Meta-Llama-3.1-8B-Instruct,0.7,3_model_s_launch,3,base,generic,0.9999999999117194,29,0.0,2.4783512192885906e-10,Fast Follower,1.0,,
meta-llama/Meta-Llama-3.1-8B-Instruct,0.7,3_model_s_launch,3,base,specific,0.9999999999117194,28,0.0,2.4783512192885906e-10,Fast Follower,1.0,,
meta-llama/Meta-Llama-3.1-8B-Instruct,0.7,3_model_s_launch,3,competitive_dynamics,generic,0.9999999999117194,30,0.0,2.4783512192885906e-10,Fast Follower,1.0,,
meta-llama/Meta-Llama-3.1-8B-Instruct,0.7,3_model_s_launch,3,competitive_dynamics,specific,0.9999999999117194,30,0.0,2.4783512192885906e-10,Fast Follower,1.0,,
meta-llama/Meta-Llama-3.1-8B-Instruct,0.7,3_model_s_launch,3,count_fact,generic,0.9999999999117194,25,0.0,2.4783512192885906e-10,Fast Follower,1.0,,
meta-llama/Meta-Llama-3.1-8B-Instruct,0.7,3_model_s_launch,3,count_fact,specific,0.9999999999117194,28,0.0,2.4783512192885906e-10,Fast Follower,1.0,,
meta-llama/Meta-Llama-3.1-8B-Instruct,0.7,3_model_s_launch,3,opp_focus,generic,0.9999999999117194,30,0.0,2.4783512192885906e-10,Fast Follower,1.0,,
meta-llama/Meta-Llama-3.1-8B-Instruct,0.7,3_model_s_launch,3,opp_focus,specific,0.9999999999117194,29,0.0,2.4783512192885906e-10,Fast Follower,1.0,,
meta-llama/Meta-Llama-3.1-8B-Instruct,0.7,3_model_s_launch,3,randomized_numbers,generic,0.9999999999117194,26,0.0,2.4783512192885906e-10,Fast Follower,1.0,,
meta-llama/Meta-Llama-3.1-8B-Instruct,0.7,3_model_s_launch,3,randomized_numbers,specific,0.9999999999117194,30,0.0,2.4783512192885906e-10,Fast Follower,1.0,,
meta-llama/Meta-Llama-3.1-8B-Instruct,0.7,4_model_x_launch,2,opp_focus,specific,0.9999999999117194,30,0.0,2.4783512192885906e-10,Technology Leadership,1.0,,
meta-llama/Meta-Llama-3.1-8B-Instruct,0.7,4_model_x_launch,3,count_fact,specific,0.9999999999117194,30,0.0,2.4783512192885906e-10,Technology Leadership,1.0,,
meta-llama/Meta-Llama-3.1-8B-Instruct,0.7,4_model_x_launch,3,opp_focus,generic,0.9999999999117194,30,0.0,2.4783512192885906e-10,Technology Leadership,1.0,,
meta-llama/Meta-Llama-3.1-8B-Instruct,0.7,4_model_x_launch,3,opp_focus,specific,0.9999999999117194,30,0.0,2.4783512192885906e-10,Technology Leadership,1.0,,
meta-llama/Meta-Llama-3.1-8B-Instruct,0.7,4_model_x_launch,4,count_fact,generic,0.9999999999117194,30,0.0,2.4783512192885906e-10,Technology Leadership,1.0,,
meta-llama/Meta-Llama-3.1-8B-Instruct,0.7,4_model_x_launch,4,count_fact,specific,0.9999999999117194,30,0.0,2.4783512192885906e-10,Technology Leadership,1.0,,
meta-llama/Meta-Llama-3.1-8B-Instruct,0.7,4_model_x_launch,4,opp_focus,generic,0.9999999999117194,30,0.0,2.4783512192885906e-10,Technology Leadership,1.0,,
meta-llama/Meta-Llama-3.1-8B-Instruct,0.7,4_model_x_launch,4,opp_focus,specific,0.9999999999117194,30,0.0,2.4783512192885906e-10,Technology Leadership,1.0,,
mistralai/Mistral-7B-Instruct-v0.3,0.0,2_roadster_launch,3,randomized_numbers,specific,0.6728964239463848,30,0.5862068965517241,0.9182958342567604,Technology Leadership,0.6666666666666666,Maintain,0.3333333333333333
mistralai/Mistral-7B-Instruct-v0.3,0.0,4_model_x_launch,4,base,generic,0.7982052421275724,30,0.27586206896551724,0.5665095067585822,Open Innovation,0.8666666666666667,Retrenchment,0.13333333333333333
mistralai/Mistral-7B-Instruct-v0.3,0.0,2_roadster_launch,3,opp_focus,generic,0.8329403987678698,30,0.1724137931034483,0.4689955937960013,Maintain,0.9,Technology Leadership,0.1
mistralai/Mistral-7B-Instruct-v0.3,0.0,5_model_3_mass_market,3,randomized_numbers,specific,0.8329403987678698,30,0.20689655172413793,0.4689955937960013,Maintain,0.9,Technology Leadership,0.1
mistralai/Mistral-7B-Instruct-v0.3,0.0,4_model_x_launch,1,competitive_dynamics,generic,0.874130865159545,30,0.13793103448275862,0.3533593352294836,Open Innovation,0.9333333333333333,Retrenchment,0.06666666666666667
mistralai/Mistral-7B-Instruct-v0.3,0.0,2_roadster_launch,2,opp_focus,generic,0.9248964572053441,30,0.034482758620689655,0.2108423005285411,Maintain,0.9666666666666667,Technology Leadership,0.03333333333333333
mistralai/Mistral-7B-Instruct-v0.3,0.0,2_roadster_launch,0,base,generic,0.9999999999117192,25,0.0,2.4783576261415975e-10,Maintain,1.0,,
mistralai/Mistral-7B-Instruct-v0.3,0.0,2_roadster_launch,0,competitive_dynamics,generic,0.9999999999117192,25,0.0,2.4783576261415975e-10,Maintain,1.0,,
mistralai/Mistral-7B-Instruct-v0.3,0.0,2_roadster_launch,0,count_fact,generic,0.9999999999117192,20,0.0,2.4783576261415975e-10,Maintain,1.0,,
mistralai/Mistral-7B-Instruct-v0.3,0.0,2_roadster_launch,0,opp_focus,generic,0.9999999999117192,25,0.0,2.4783576261415975e-10,Maintain,1.0,,
mistralai/Mistral-7B-Instruct-v0.3,0.0,2_roadster_launch,0,randomized_numbers,generic,0.9999999999117192,21,0.0,2.4783576261415975e-10,Maintain,1.0,,
mistralai/Mistral-7B-Instruct-v0.3,0.0,2_roadster_launch,1,base,generic,0.9999999999117192,30,0.0,2.4783576261415975e-10,Maintain,1.0,,
mistralai/Mistral-7B-Instruct-v0.3,0.0,2_roadster_launch,1,competitive_dynamics,generic,0.9999999999117192,30,0.0,2.4783576261415975e-10,Maintain,1.0,,
mistralai/Mistral-7B-Instruct-v0.3,0.0,2_roadster_launch,1,count_fact,generic,0.9999999999117192,30,0.0,2.4783576261415975e-10,Maintain,1.0,,
mistralai/Mistral-7B-Instruct-v0.3,0.0,2_roadster_launch,1,opp_focus,generic,0.9999999999117192,30,0.0,2.4783576261415975e-10,Maintain,1.0,,
mistralai/Mistral-7B-Instruct-v0.3,0.0,2_roadster_launch,1,randomized_numbers,generic,0.9999999999117192,30,0.0,2.4783576261415975e-10,Maintain,1.0,,
mistralai/Mistral-7B-Instruct-v0.3,0.0,2_roadster_launch,2,base,generic,0.9999999999117192,30,0.0,2.4783576261415975e-10,Maintain,1.0,,
mistralai/Mistral-7B-Instruct-v0.3,0.0,2_roadster_launch,2,competitive_dynamics,generic,0.9999999999117192,30,0.0,2.4783576261415975e-10,Maintain,1.0,,
mistralai/Mistral-7B-Instruct-v0.3,0.0,2_roadster_launch,2,count_fact,generic,0.9999999999117192,30,0.0,2.4783576261415975e-10,Maintain,1.0,,
mistralai/Mistral-7B-Instruct-v0.3,0.0,2_roadster_launch,2,randomized_numbers,generic,0.9999999999117192,30,0.0,2.4783576261415975e-10,Maintain,1.0,,
mistralai/Mistral-7B-Instruct-v0.3,0.0,2_roadster_launch,3,base,generic,0.9999999999117192,30,0.0,2.4783576261415975e-10,Maintain,1.0,,
mistralai/Mistral-7B-Instruct-v0.3,0.0,2_roadster_launch,3,competitive_dynamics,generic,0.9999999999117192,30,0.0,2.4783576261415975e-10,Maintain,1.0,,
mistralai/Mistral-7B-Instruct-v0.3,0.0,2_roadster_launch,3,count_fact,generic,0.9999999999117192,30,0.0,2.4783576261415975e-10,Maintain,1.0,,
mistralai/Mistral-7B-Instruct-v0.3,0.0,2_roadster_launch,3,randomized_numbers,generic,0.9999999999117192,30,0.0,2.4783576261415975e-10,Maintain,1.0,,
mistralai/Mistral-7B-Instruct-v0.3,0.0,2_roadster_launch,4,base,generic,0.9999999999117192,15,0.0,2.4783576261415975e-10,Maintain,1.0,,
mistralai/Mistral-7B-Instruct-v0.3,0.0,2_roadster_launch,4,base,specific,0.9999999999117192,28,0.0,2.4783576261415975e-10,Maintain,1.0,,
mistralai/Mistral-7B-Instruct-v0.3,0.0,2_roadster_launch,4,competitive_dynamics,generic,0.9999999999117192,28,0.0,2.4783576261415975e-10,Maintain,1.0,,
mistralai/Mistral-7B-Instruct-v0.3,0.0,2_roadster_launch,4,count_fact,generic,0.9999999999117192,4,0.0,2.4783576261415975e-10,Maintain,1.0,,
mistralai/Mistral-7B-Instruct-v0.3,0.0,2_roadster_launch,4,count_fact,specific,0.9999999999117192,30,0.0,2.4783576261415975e-10,Maintain,1.0,,
mistralai/Mistral-7B-Instruct-v0.3,0.0,2_roadster_launch,4,opp_focus,generic,0.9999999999117192,3,0.0,2.4783576261415975e-10,Maintain,1.0,,
mistralai/Mistral-7B-Instruct-v0.3,0.0,4_model_x_launch,0,base,generic,0.9999999999117192,30,0.0,2.4783576261415975e-10,Retrenchment,1.0,,
mistralai/Mistral-7B-Instruct-v0.3,0.0,4_model_x_launch,0,base,specific,0.9999999999117192,30,0.0,2.4783576261415975e-10,Retrenchment,1.0,,
mistralai/Mistral-7B-Instruct-v0.3,0.0,4_model_x_launch,0,competitive_dynamics,generic,0.9999999999117192,30,0.0,2.4783576261415975e-10,Retrenchment,1.0,,
mistralai/Mistral-7B-Instruct-v0.3,0.0,4_model_x_launch,0,competitive_dynamics,specific,0.9999999999117192,30,0.0,2.4783576261415975e-10,Retrenchment,1.0,,
mistralai/Mistral-7B-Instruct-v0.3,0.0,4_model_x_launch,0,count_fact,generic,0.9999999999117192,30,0.0,2.4783576261415975e-10,Retrenchment,1.0,,
mistralai/Mistral-7B-Instruct-v0.3,0.0,4_model_x_launch,0,count_fact,specific,0.9999999999117192,30,0.0,2.4783576261415975e-10,Retrenchment,1.0,,
mistralai/Mistral-7B-Instruct-v0.3,0.0,4_model_x_launch,0,opp_focus,generic,0.9999999999117192,30,0.0,2.4783576261415975e-10,Retrenchment,1.0,,
mistralai/Mistral-7B-Instruct-v0.3,0.0,4_model_x_launch,0,opp_focus,specific,0.9999999999117192,30,0.0,2.4783576261415975e-10,Retrenchment,1.0,,
mistralai/Mistral-7B-Instruct-v0.3,0.0,4_model_x_launch,0,randomized_numbers,generic,0.9999999999117192,30,0.0,2.4783576261415975e-10,Retrenchment,1.0,,
mistralai/Mistral-7B-Instruct-v0.3,0.0,4_model_x_launch,0,randomized_numbers,specific,0.9999999999117192,30,0.0,2.4783576261415975e-10,Retrenchment,1.0,,
mistralai/Mistral-7B-Instruct-v0.3,0.0,4_model_x_launch,1,base,generic,0.9999999999117192,30,0.0,2.4783576261415975e-10,Retrenchment,1.0,,
mistralai/Mistral-7B-Instruct-v0.3,0.0,4_model_x_launch,1,count_fact,generic,0.9999999999117192,30,0.0,2.4783576261415975e-10,Retrenchment,1.0,,
mistralai/Mistral-7B-Instruct-v0.3,0.0,4_model_x_launch,1,randomized_numbers,generic,0.9999999999117192,30,0.0,2.4783576261415975e-10,Retrenchment,1.0,,
mistralai/Mistral-7B-Instruct-v0.3,0.0,5_model_3_mass_market,0,base,generic,0.9999999999117192,30,0.0,2.4783576261415975e-10,Maintain,1.0,,
mistralai/Mistral-7B-Instruct-v0.3,0.0,5_model_3_mass_market,0,base,specific,0.9999999999117192,30,0.0,2.4783576261415975e-10,Maintain,1.0,,
mistralai/Mistral-7B-Instruct-v0.3,0.0,5_model_3_mass_market,0,competitive_dynamics,generic,0.9999999999117192,30,0.0,2.4783576261415975e-10,Maintain,1.0,,
mistralai/Mistral-7B-Instruct-v0.3,0.0,5_model_3_mass_market,0,competitive_dynamics,specific,0.9999999999117192,30,0.0,2.4783576261415975e-10,Maintain,1.0,,
mistralai/Mistral-7B-Instruct-v0.3,0.0,5_model_3_mass_market,0,count_fact,generic,0.9999999999117192,30,0.0,2.4783576261415975e-10,Maintain,1.0,,
mistralai/Mistral-7B-Instruct-v0.3,0.0,5_model_3_mass_market,0,count_fact,specific,0.9999999999117192,30,0.0,2.4783576261415975e-10,Maintain,1.0,,
mistralai/Mistral-7B-Instruct-v0.3,0.0,5_model_3_mass_market,0,opp_focus,generic,0.9999999999117192,30,0.0,2.4783576261415975e-10,Maintain,1.0,,
mistralai/Mistral-7B-Instruct-v0.3,0.0,5_model_3_mass_market,0,opp_focus,specific,0.9999999999117192,30,0.0,2.4783576261415975e-10,Maintain,1.0,,
mistralai/Mistral-7B-Instruct-v0.3,0.0,5_model_3_mass_market,0,randomized_numbers,generic,0.9999999999117192,30,0.0,2.4783576261415975e-10,Maintain,1.0,,
mistralai/Mistral-7B-Instruct-v0.3,0.0,5_model_3_mass_market,0,randomized_numbers,specific,0.9999999999117192,30,0.0,2.4783576261415975e-10,Maintain,1.0,,
mistralai/Mistral-7B-Instruct-v0.3,0.0,5_model_3_mass_market,1,base,generic,0.9999999999117192,30,0.0,2.4783576261415975e-10,Maintain,1.0,,
mistralai/Mistral-7B-Instruct-v0.3,0.0,5_model_3_mass_market,1,base,specific,0.9999999999117192,30,0.0,2.4783576261415975e-10,Maintain,1.0,,
mistralai/Mistral-7B-Instruct-v0.3,0.0,5_model_3_mass_market,1,competitive_dynamics,generic,0.9999999999117192,30,0.0,2.4783576261415975e-10,Maintain,1.0,,
mistralai/Mistral-7B-Instruct-v0.3,0.0,5_model_3_mass_market,1,competitive_dynamics,specific,0.9999999999117192,30,0.0,2.4783576261415975e-10,Maintain,1.0,,
mistralai/Mistral-7B-Instruct-v0.3,0.0,5_model_3_mass_market,1,count_fact,generic,0.9999999999117192,30,0.0,2.4783576261415975e-10,Maintain,1.0,,
mistralai/Mistral-7B-Instruct-v0.3,0.0,5_model_3_mass_market,1,count_fact,specific,0.9999999999117192,30,0.0,2.4783576261415975e-10,Maintain,1.0,,
mistralai/Mistral-7B-Instruct-v0.3,0.0,5_model_3_mass_market,1,opp_focus,generic,0.9999999999117192,30,0.0,2.4783576261415975e-10,Maintain,1.0,,
mistralai/Mistral-7B-Instruct-v0.3,0.0,5_model_3_mass_market,1,opp_focus,specific,0.9999999999117192,30,0.0,2.4783576261415975e-10,Maintain,1.0,,
mistralai/Mistral-7B-Instruct-v0.3,0.0,5_model_3_mass_market,1,randomized_numbers,generic,0.9999999999117192,30,0.0,2.4783576261415975e-10,Maintain,1.0,,
mistralai/Mistral-7B-Instruct-v0.3,0.0,5_model_3_mass_market,1,randomized_numbers,specific,0.9999999999117192,30,0.0,2.4783576261415975e-10,Maintain,1.0,,
mistralai/Mistral-7B-Instruct-v0.3,0.0,5_model_3_mass_market,2,base,generic,0.9999999999117192,30,0.0,2.4783576261415975e-10,Maintain,1.0,,
mistralai/Mistral-7B-Instruct-v0.3,0.0,5_model_3_mass_market,2,base,specific,0.9999999999117192,30,0.0,2.4783576261415975e-10,Maintain,1.0,,
mistralai/Mistral-7B-Instruct-v0.3,0.0,5_model_3_mass_market,2,competitive_dynamics,generic,0.9999999999117192,30,0.0,2.4783576261415975e-10,Maintain,1.0,,
mistralai/Mistral-7B-Instruct-v0.3,0.0,5_model_3_mass_market,2,count_fact,generic,0.9999999999117192,30,0.0,2.4783576261415975e-10,Maintain,1.0,,
mistralai/Mistral-7B-Instruct-v0.3,0.0,5_model_3_mass_market,2,count_fact,specific,0.9999999999117192,30,0.0,2.4783576261415975e-10,Maintain,1.0,,
mistralai/Mistral-7B-Instruct-v0.3,0.0,5_model_3_mass_market,2,opp_focus,generic,0.9999999999117192,30,0.0,2.4783576261415975e-10,Maintain,1.0,,
mistralai/Mistral-7B-Instruct-v0.3,0.0,5_model_3_mass_market,2,randomized_numbers,generic,0.9999999999117192,30,0.0,2.4783576261415975e-10,Maintain,1.0,,
mistralai/Mistral-7B-Instruct-v0.3,0.0,5_model_3_mass_market,2,randomized_numbers,specific,0.9999999999117192,30,0.0,2.4783576261415975e-10,Maintain,1.0,,
mistralai/Mistral-7B-Instruct-v0.3,0.0,5_model_3_mass_market,3,base,generic,0.9999999999117192,30,0.0,2.4783576261415975e-10,Maintain,1.0,,
mistralai/Mistral-7B-Instruct-v0.3,0.0,5_model_3_mass_market,3,competitive_dynamics,generic,0.9999999999117192,30,0.0,2.4783576261415975e-10,Maintain,1.0,,
mistralai/Mistral-7B-Instruct-v0.3,0.0,5_model_3_mass_market,3,count_fact,generic,0.9999999999117192,30,0.0,2.4783576261415975e-10,Maintain,1.0,,
mistralai/Mistral-7B-Instruct-v0.3,0.0,5_model_3_mass_market,3,count_fact,specific,0.9999999999117192,30,0.0,2.4783576261415975e-10,Maintain,1.0,,
mistralai/Mistral-7B-Instruct-v0.3,0.0,5_model_3_mass_market,3,opp_focus,generic,0.9999999999117192,30,0.0,2.4783576261415975e-10,Maintain,1.0,,
mistralai/Mistral-7B-Instruct-v0.3,0.0,5_model_3_mass_market,3,randomized_numbers,generic,0.9999999999117192,30,0.0,2.4783576261415975e-10,Maintain,1.0,,
mistralai/Mistral-7B-Instruct-v0.3,0.0,5_model_3_mass_market,4,base,generic,0.9999999999117192,30,0.0,2.4783576261415975e-10,Maintain,1.0,,
mistralai/Mistral-7B-Instruct-v0.3,0.0,5_model_3_mass_market,4,competitive_dynamics,generic,0.9999999999117192,30,0.0,2.4783576261415975e-10,Maintain,1.0,,
mistralai/Mistral-7B-Instruct-v0.3,0.0,5_model_3_mass_market,4,competitive_dynamics,specific,0.9999999999117192,30,0.0,2.4783576261415975e-10,Maintain,1.0,,
mistralai/Mistral-7B-Instruct-v0.3,0.0,5_model_3_mass_market,4,count_fact,generic,0.9999999999117192,30,0.0,2.4783576261415975e-10,Maintain,1.0,,
mistralai/Mistral-7B-Instruct-v0.3,0.0,5_model_3_mass_market,4,count_fact,specific,0.9999999999117192,30,0.0,2.4783576261415975e-10,Maintain,1.0,,
mistralai/Mistral-7B-Instruct-v0.3,0.0,5_model_3_mass_market,4,opp_focus,generic,0.9999999999117192,30,0.0,2.4783576261415975e-10,Maintain,1.0,,
mistralai/Mistral-7B-Instruct-v0.3,0.0,5_model_3_mass_market,4,opp_focus,specific,0.9999999999117192,30,0.0,2.4783576261415975e-10,Maintain,1.0,,
mistralai/Mistral-7B-Instruct-v0.3,0.0,5_model_3_mass_market,4,randomized_numbers,generic,0.9999999999117192,30,0.0,2.4783576261415975e-10,Maintain,1.0,,
mistralai/Mistral-7B-Instruct-v0.3,0.0,1_founder_period,0,base,generic,0.9999999999117193,30,0.0,2.478354422715094e-10,Niche Focus,1.0,,
mistralai/Mistral-7B-Instruct-v0.3,0.0,1_founder_period,0,base,specific,0.9999999999117193,30,0.0,2.478354422715094e-10,Niche Focus,1.0,,
mistralai/Mistral-7B-Instruct-v0.3,0.0,1_founder_period,0,competitive_dynamics,generic,0.9999999999117193,30,0.0,2.478354422715094e-10,Niche Focus,1.0,,
mistralai/Mistral-7B-Instruct-v0.3,0.0,1_founder_period,0,competitive_dynamics,specific,0.9999999999117193,30,0.0,2.478354422715094e-10,Niche Focus,1.0,,
mistralai/Mistral-7B-Instruct-v0.3,0.0,1_founder_period,0,count_fact,generic,0.9999999999117193,30,0.0,2.478354422715094e-10,Niche Focus,1.0,,
mistralai/Mistral-7B-Instruct-v0.3,0.0,1_founder_period,0,count_fact,specific,0.9999999999117193,30,0.0,2.478354422715094e-10,Niche Focus,1.0,,
mistralai/Mistral-7B-Instruct-v0.3,0.0,1_founder_period,0,opp_focus,generic,0.9999999999117193,30,0.0,2.478354422715094e-10,Niche Focus,1.0,,
mistralai/Mistral-7B-Instruct-v0.3,0.0,1_founder_period,0,opp_focus,specific,0.9999999999117193,30,0.0,2.478354422715094e-10,Niche Focus,1.0,,
mistralai/Mistral-7B-Instruct-v0.3,0.0,1_founder_period,0,randomized_numbers,generic,0.9999999999117193,30,0.0,2.478354422715094e-10,Niche Focus,1.0,,
mistralai/Mistral-7B-Instruct-v0.3,0.0,1_founder_period,0,randomized_numbers,specific,0.9999999999117193,30,0.0,2.478354422715094e-10,Niche Focus,1.0,,
mistralai/Mistral-7B-Instruct-v0.3,0.0,1_founder_period,1,base,generic,0.9999999999117193,30,0.0,2.478354422715094e-10,Niche Focus,1.0,,
mistralai/Mistral-7B-Instruct-v0.3,0.0,1_founder_period,1,base,specific,0.9999999999117193,30,0.0,2.478354422715094e-10,Niche Focus,1.0,,
mistralai/Mistral-7B-Instruct-v0.3,0.0,1_founder_period,1,competitive_dynamics,generic,0.9999999999117193,30,0.0,2.478354422715094e-10,Niche Focus,1.0,,
mistralai/Mistral-7B-Instruct-v0.3,0.0,1_founder_period,1,competitive_dynamics,specific,0.9999999999117193,30,0.0,2.478354422715094e-10,Niche Focus,1.0,,
mistralai/Mistral-7B-Instruct-v0.3,0.0,1_founder_period,1,count_fact,generic,0.9999999999117193,30,0.0,2.478354422715094e-10,Niche Focus,1.0,,
mistralai/Mistral-7B-Instruct-v0.3,0.0,1_founder_period,1,count_fact,specific,0.9999999999117193,30,0.0,2.478354422715094e-10,Niche Focus,1.0,,
mistralai/Mistral-7B-Instruct-v0.3,0.0,1_founder_period,1,opp_focus,generic,0.9999999999117193,30,0.0,2.478354422715094e-10,Niche Focus,1.0,,
mistralai/Mistral-7B-Instruct-v0.3,0.0,1_founder_period,1,randomized_numbers,generic,0.9999999999117193,30,0.0,2.478354422715094e-10,Niche Focus,1.0,,
mistralai/Mistral-7B-Instruct-v0.3,0.0,1_founder_period,1,randomized_numbers,specific,0.9999999999117193,30,0.0,2.478354422715094e-10,Niche Focus,1.0,,
mistralai/Mistral-7B-Instruct-v0.3,0.0,1_founder_period,2,base,generic,0.9999999999117193,30,0.0,2.478354422715094e-10,Niche Focus,1.0,,
mistralai/Mistral-7B-Instruct-v0.3,0.0,1_founder_period,2,base,specific,0.9999999999117193,30,0.0,2.478354422715094e-10,Niche Focus,1.0,,
mistralai/Mistral-7B-Instruct-v0.3,0.0,1_founder_period,2,competitive_dynamics,generic,0.9999999999117193,30,0.0,2.478354422715094e-10,Niche Focus,1.0,,
mistralai/Mistral-7B-Instruct-v0.3,0.0,1_founder_period,2,competitive_dynamics,specific,0.9999999999117193,30,0.0,2.478354422715094e-10,Niche Focus,1.0,,
mistralai/Mistral-7B-Instruct-v0.3,0.0,1_founder_period,2,count_fact,generic,0.9999999999117193,30,0.0,2.478354422715094e-10,Niche Focus,1.0,,
mistralai/Mistral-7B-Instruct-v0.3,0.0,1_founder_period,2,count_fact,specific,0.9999999999117193,30,0.0,2.478354422715094e-10,Niche Focus,1.0,,
mistralai/Mistral-7B-Instruct-v0.3,0.0,1_founder_period,2,opp_focus,generic,0.9999999999117193,30,0.0,2.478354422715094e-10,Niche Focus,1.0,,
mistralai/Mistral-7B-Instruct-v0.3,0.0,1_founder_period,2,randomized_numbers,generic,0.9999999999117193,30,0.0,2.478354422715094e-10,Niche Focus,1.0,,
mistralai/Mistral-7B-Instruct-v0.3,0.0,1_founder_period,2,randomized_numbers,specific,0.9999999999117193,30,0.0,2.478354422715094e-10,Niche Focus,1.0,,
mistralai/Mistral-7B-Instruct-v0.3,0.0,1_founder_period,3,base,generic,0.9999999999117193,30,0.0,2.478354422715094e-10,Niche Focus,1.0,,
mistralai/Mistral-7B-Instruct-v0.3,0.0,1_founder_period,3,base,specific,0.9999999999117193,30,0.0,2.478354422715094e-10,Niche Focus,1.0,,
mistralai/Mistral-7B-Instruct-v0.3,0.0,1_founder_period,3,competitive_dynamics,generic,0.9999999999117193,30,0.0,2.478354422715094e-10,Niche Focus,1.0,,
mistralai/Mistral-7B-Instruct-v0.3,0.0,1_founder_period,3,count_fact,generic,0.9999999999117193,30,0.0,2.478354422715094e-10,Niche Focus,1.0,,
mistralai/Mistral-7B-Instruct-v0.3,0.0,1_founder_period,3,count_fact,specific,0.9999999999117193,30,0.0,2.478354422715094e-10,Niche Focus,1.0,,
mistralai/Mistral-7B-Instruct-v0.3,0.0,1_founder_period,3,opp_focus,generic,0.9999999999117193,30,0.0,2.478354422715094e-10,Niche Focus,1.0,,
mistralai/Mistral-7B-Instruct-v0.3,0.0,1_founder_period,3,randomized_numbers,generic,0.9999999999117193,30,0.0,2.478354422715094e-10,Niche Focus,1.0,,
mistralai/Mistral-7B-Instruct-v0.3,0.0,1_founder_period,3,randomized_numbers,specific,0.9999999999117193,30,0.0,2.478354422715094e-10,Niche Focus,1.0,,
mistralai/Mistral-7B-Instruct-v0.3,0.0,1_founder_period,4,base,generic,0.9999999999117193,30,0.0,2.478354422715094e-10,Niche Focus,1.0,,
mistralai/Mistral-7B-Instruct-v0.3,0.0,1_founder_period,4,base,specific,0.9999999999117193,30,0.0,2.478354422715094e-10,Niche Focus,1.0,,
mistralai/Mistral-7B-Instruct-v0.3,0.0,1_founder_period,4,competitive_dynamics,generic,0.9999999999117193,30,0.0,2.478354422715094e-10,Niche Focus,1.0,,
mistralai/Mistral-7B-Instruct-v0.3,0.0,1_founder_period,4,count_fact,generic,0.9999999999117193,30,0.0,2.478354422715094e-10,Niche Focus,1.0,,
mistralai/Mistral-7B-Instruct-v0.3,0.0,1_founder_period,4,count_fact,specific,0.9999999999117193,30,0.0,2.478354422715094e-10,Niche Focus,1.0,,
mistralai/Mistral-7B-Instruct-v0.3,0.0,1_founder_period,4,randomized_numbers,generic,0.9999999999117193,30,0.0,2.478354422715094e-10,Niche Focus,1.0,,
mistralai/Mistral-7B-Instruct-v0.3,0.0,1_founder_period,4,randomized_numbers,specific,0.9999999999117193,30,0.0,2.478354422715094e-10,Niche Focus,1.0,,
mistralai/Mistral-7B-Instruct-v0.3,0.0,1_founder_period,5,base,generic,0.9999999999117193,30,0.0,2.478354422715094e-10,Niche Focus,1.0,,
mistralai/Mistral-7B-Instruct-v0.3,0.0,1_founder_period,5,base,specific,0.9999999999117193,30,0.0,2.478354422715094e-10,Niche Focus,1.0,,
mistralai/Mistral-7B-Instruct-v0.3,0.0,1_founder_period,5,competitive_dynamics,generic,0.9999999999117193,30,0.0,2.478354422715094e-10,Niche Focus,1.0,,
mistralai/Mistral-7B-Instruct-v0.3,0.0,1_founder_period,5,count_fact,generic,0.9999999999117193,30,0.0,2.478354422715094e-10,Niche Focus,1.0,,
mistralai/Mistral-7B-Instruct-v0.3,0.0,1_founder_period,5,count_fact,specific,0.9999999999117193,30,0.0,2.478354422715094e-10,Niche Focus,1.0,,
mistralai/Mistral-7B-Instruct-v0.3,0.0,1_founder_period,5,randomized_numbers,generic,0.9999999999117193,30,0.0,2.478354422715094e-10,Niche Focus,1.0,,
mistralai/Mistral-7B-Instruct-v0.3,0.0,1_founder_period,5,randomized_numbers,specific,0.9999999999117193,30,0.0,2.478354422715094e-10,Niche Focus,1.0,,
mistralai/Mistral-7B-Instruct-v0.3,0.0,1_founder_period,6,base,generic,0.9999999999117193,30,0.0,2.478354422715094e-10,Niche Focus,1.0,,
mistralai/Mistral-7B-Instruct-v0.3,0.0,1_founder_period,6,count_fact,generic,0.9999999999117193,30,0.0,2.478354422715094e-10,Niche Focus,1.0,,
mistralai/Mistral-7B-Instruct-v0.3,0.0,1_founder_period,6,count_fact,specific,0.9999999999117193,30,0.0,2.478354422715094e-10,Niche Focus,1.0,,
mistralai/Mistral-7B-Instruct-v0.3,0.0,1_founder_period,6,randomized_numbers,generic,0.9999999999117193,30,0.0,2.478354422715094e-10,Niche Focus,1.0,,
mistralai/Mistral-7B-Instruct-v0.3,0.0,1_founder_period,6,randomized_numbers,specific,0.9999999999117193,30,0.0,2.478354422715094e-10,Niche Focus,1.0,,
mistralai/Mistral-7B-Instruct-v0.3,0.0,6_energy_infra,0,base,generic,0.9999999999117193,30,0.0,2.478354422715094e-10,Diversification,1.0,,
mistralai/Mistral-7B-Instruct-v0.3,0.0,6_energy_infra,0,base,specific,0.9999999999117193,30,0.0,2.478354422715094e-10,Diversification,1.0,,
mistralai/Mistral-7B-Instruct-v0.3,0.0,6_energy_infra,0,competitive_dynamics,generic,0.9999999999117193,30,0.0,2.478354422715094e-10,Diversification,1.0,,
mistralai/Mistral-7B-Instruct-v0.3,0.0,6_energy_infra,0,competitive_dynamics,specific,0.9999999999117193,30,0.0,2.478354422715094e-10,Diversification,1.0,,
mistralai/Mistral-7B-Instruct-v0.3,0.0,6_energy_infra,0,count_fact,generic,0.9999999999117193,30,0.0,2.478354422715094e-10,Diversification,1.0,,
mistralai/Mistral-7B-Instruct-v0.3,0.0,6_energy_infra,0,count_fact,specific,0.9999999999117193,30,0.0,2.478354422715094e-10,Diversification,1.0,,
mistralai/Mistral-7B-Instruct-v0.3,0.0,6_energy_infra,0,opp_focus,generic,0.9999999999117193,30,0.0,2.478354422715094e-10,Diversification,1.0,,
mistralai/Mistral-7B-Instruct-v0.3,0.0,6_energy_infra,0,opp_focus,specific,0.9999999999117193,30,0.0,2.478354422715094e-10,Diversification,1.0,,
mistralai/Mistral-7B-Instruct-v0.3,0.0,6_energy_infra,0,randomized_numbers,generic,0.9999999999117193,30,0.0,2.478354422715094e-10,Diversification,1.0,,
mistralai/Mistral-7B-Instruct-v0.3,0.0,6_energy_infra,0,randomized_numbers,specific,0.9999999999117193,30,0.0,2.478354422715094e-10,Diversification,1.0,,
mistralai/Mistral-7B-Instruct-v0.3,0.0,6_energy_infra,1,base,generic,0.9999999999117193,30,0.0,2.478354422715094e-10,Diversification,1.0,,
mistralai/Mistral-7B-Instruct-v0.3,0.0,6_energy_infra,1,base,specific,0.9999999999117193,30,0.0,2.478354422715094e-10,Diversification,1.0,,
mistralai/Mistral-7B-Instruct-v0.3,0.0,6_energy_infra,1,competitive_dynamics,generic,0.9999999999117193,30,0.0,2.478354422715094e-10,Diversification,1.0,,
mistralai/Mistral-7B-Instruct-v0.3,0.0,6_energy_infra,1,competitive_dynamics,specific,0.9999999999117193,30,0.0,2.478354422715094e-10,Diversification,1.0,,
mistralai/Mistral-7B-Instruct-v0.3,0.0,6_energy_infra,1,count_fact,generic,0.9999999999117193,30,0.0,2.478354422715094e-10,Diversification,1.0,,
mistralai/Mistral-7B-Instruct-v0.3,0.0,6_energy_infra,1,count_fact,specific,0.9999999999117193,30,0.0,2.478354422715094e-10,Diversification,1.0,,
mistralai/Mistral-7B-Instruct-v0.3,0.0,6_energy_infra,1,opp_focus,generic,0.9999999999117193,30,0.0,2.478354422715094e-10,Diversification,1.0,,
mistralai/Mistral-7B-Instruct-v0.3,0.0,6_energy_infra,1,opp_focus,specific,0.9999999999117193,30,0.0,2.478354422715094e-10,Diversification,1.0,,
mistralai/Mistral-7B-Instruct-v0.3,0.0,6_energy_infra,1,randomized_numbers,generic,0.9999999999117193,30,0.0,2.478354422715094e-10,Diversification,1.0,,
mistralai/Mistral-7B-Instruct-v0.3,0.0,6_energy_infra,1,randomized_numbers,specific,0.9999999999117193,30,0.0,2.478354422715094e-10,Diversification,1.0,,
mistralai/Mistral-7B-Instruct-v0.3,0.0,6_energy_infra,2,base,generic,0.9999999999117193,30,0.0,2.478354422715094e-10,Diversification,1.0,,
mistralai/Mistral-7B-Instruct-v0.3,0.0,6_energy_infra,2,base,specific,0.9999999999117193,30,0.0,2.478354422715094e-10,Diversification,1.0,,
mistralai/Mistral-7B-Instruct-v0.3,0.0,6_energy_infra,2,competitive_dynamics,generic,0.9999999999117193,30,0.0,2.478354422715094e-10,Diversification,1.0,,
mistralai/Mistral-7B-Instruct-v0.3,0.0,6_energy_infra,2,competitive_dynamics,specific,0.9999999999117193,30,0.0,2.478354422715094e-10,Diversification,1.0,,
mistralai/Mistral-7B-Instruct-v0.3,0.0,6_energy_infra,2,count_fact,generic,0.9999999999117193,30,0.0,2.478354422715094e-10,Diversification,1.0,,
mistralai/Mistral-7B-Instruct-v0.3,0.0,6_energy_infra,2,count_fact,specific,0.9999999999117193,30,0.0,2.478354422715094e-10,Diversification,1.0,,
mistralai/Mistral-7B-Instruct-v0.3,0.0,6_energy_infra,2,opp_focus,generic,0.9999999999117193,30,0.0,2.478354422715094e-10,Diversification,1.0,,
mistralai/Mistral-7B-Instruct-v0.3,0.0,6_energy_infra,2,opp_focus,specific,0.9999999999117193,30,0.0,2.478354422715094e-10,Diversification,1.0,,
mistralai/Mistral-7B-Instruct-v0.3,0.0,6_energy_infra,2,randomized_numbers,generic,0.9999999999117193,30,0.0,2.478354422715094e-10,Diversification,1.0,,
mistralai/Mistral-7B-Instruct-v0.3,0.0,6_energy_infra,2,randomized_numbers,specific,0.9999999999117193,30,0.0,2.478354422715094e-10,Diversification,1.0,,
mistralai/Mistral-7B-Instruct-v0.3,0.0,6_energy_infra,3,base,generic,0.9999999999117193,30,0.0,2.478354422715094e-10,Diversification,1.0,,
mistralai/Mistral-7B-Instruct-v0.3,0.0,6_energy_infra,3,base,specific,0.9999999999117193,30,0.0,2.478354422715094e-10,Diversification,1.0,,
mistralai/Mistral-7B-Instruct-v0.3,0.0,6_energy_infra,3,competitive_dynamics,generic,0.9999999999117193,30,0.0,2.478354422715094e-10,Diversification,1.0,,
mistralai/Mistral-7B-Instruct-v0.3,0.0,6_energy_infra,3,competitive_dynamics,specific,0.9999999999117193,30,0.0,2.478354422715094e-10,Diversification,1.0,,
mistralai/Mistral-7B-Instruct-v0.3,0.0,6_energy_infra,3,count_fact,generic,0.9999999999117193,30,0.0,2.478354422715094e-10,Diversification,1.0,,
mistralai/Mistral-7B-Instruct-v0.3,0.0,6_energy_infra,3,opp_focus,generic,0.9999999999117193,30,0.0,2.478354422715094e-10,Diversification,1.0,,
mistralai/Mistral-7B-Instruct-v0.3,0.0,6_energy_infra,3,opp_focus,specific,0.9999999999117193,30,0.0,2.478354422715094e-10,Diversification,1.0,,
mistralai/Mistral-7B-Instruct-v0.3,0.0,6_energy_infra,3,randomized_numbers,generic,0.9999999999117193,30,0.0,2.478354422715094e-10,Diversification,1.0,,
mistralai/Mistral-7B-Instruct-v0.3,0.0,6_energy_infra,3,randomized_numbers,specific,0.9999999999117193,30,0.0,2.478354422715094e-10,Diversification,1.0,,
mistralai/Mistral-7B-Instruct-v0.3,0.0,6_energy_infra,4,base,generic,0.9999999999117193,30,0.0,2.478354422715094e-10,Diversification,1.0,,
mistralai/Mistral-7B-Instruct-v0.3,0.0,6_energy_infra,4,base,specific,0.9999999999117193,30,0.0,2.478354422715094e-10,Diversification,1.0,,
mistralai/Mistral-7B-Instruct-v0.3,0.0,6_energy_infra,4,competitive_dynamics,generic,0.9999999999117193,30,0.0,2.478354422715094e-10,Diversification,1.0,,
mistralai/Mistral-7B-Instruct-v0.3,0.0,6_energy_infra,4,competitive_dynamics,specific,0.9999999999117193,30,0.0,2.478354422715094e-10,Diversification,1.0,,
mistralai/Mistral-7B-Instruct-v0.3,0.0,6_energy_infra,4,opp_focus,generic,0.9999999999117193,30,0.0,2.478354422715094e-10,Diversification,1.0,,
mistralai/Mistral-7B-Instruct-v0.3,0.0,6_energy_infra,4,randomized_numbers,generic,0.9999999999117193,30,0.0,2.478354422715094e-10,Diversification,1.0,,
mistralai/Mistral-7B-Instruct-v0.3,0.0,6_energy_infra,4,randomized_numbers,specific,0.9999999999117193,30,0.0,2.478354422715094e-10,Diversification,1.0,,
mistralai/Mistral-7B-Instruct-v0.3,0.0,1_founder_period,1,opp_focus,specific,0.9999999999117194,30,0.0,2.4783512192885906e-10,Technology Leadership,1.0,,
mistralai/Mistral-7B-Instruct-v0.3,0.0,1_founder_period,2,opp_focus,specific,0.9999999999117194,30,0.0,2.4783512192885906e-10,Technology Leadership,1.0,,
mistralai/Mistral-7B-Instruct-v0.3,0.0,1_founder_period,3,competitive_dynamics,specific,0.9999999999117194,30,0.0,2.4783512192885906e-10,Technology Leadership,1.0,,
mistralai/Mistral-7B-Instruct-v0.3,0.0,1_founder_period,3,opp_focus,specific,0.9999999999117194,30,0.0,2.4783512192885906e-10,Technology Leadership,1.0,,
mistralai/Mistral-7B-Instruct-v0.3,0.0,1_founder_period,4,competitive_dynamics,specific,0.9999999999117194,30,0.0,2.4783512192885906e-10,Technology Leadership,1.0,,
mistralai/Mistral-7B-Instruct-v0.3,0.0,1_founder_period,4,opp_focus,generic,0.9999999999117194,30,0.0,2.4783512192885906e-10,Technology Leadership,1.0,,
mistralai/Mistral-7B-Instruct-v0.3,0.0,1_founder_period,4,opp_focus,specific,0.9999999999117194,30,0.0,2.4783512192885906e-10,Technology Leadership,1.0,,
mistralai/Mistral-7B-Instruct-v0.3,0.0,1_founder_period,5,competitive_dynamics,specific,0.9999999999117194,30,0.0,2.4783512192885906e-10,Technology Leadership,1.0,,
mistralai/Mistral-7B-Instruct-v0.3,0.0,1_founder_period,5,opp_focus,generic,0.9999999999117194,30,0.0,2.4783512192885906e-10,Technology Leadership,1.0,,
mistralai/Mistral-7B-Instruct-v0.3,0.0,1_founder_period,5,opp_focus,specific,0.9999999999117194,30,0.0,2.4783512192885906e-10,Technology Leadership,1.0,,
mistralai/Mistral-7B-Instruct-v0.3,0.0,1_founder_period,6,base,specific,0.9999999999117194,15,0.0,2.4783512192885906e-10,Technology Leadership,1.0,,
mistralai/Mistral-7B-Instruct-v0.3,0.0,1_founder_period,6,competitive_dynamics,generic,0.9999999999117194,30,0.0,2.4783512192885906e-10,Technology Leadership,1.0,,
mistralai/Mistral-7B-Instruct-v0.3,0.0,1_founder_period,6,competitive_dynamics,specific,0.9999999999117194,30,0.0,2.4783512192885906e-10,Technology Leadership,1.0,,
mistralai/Mistral-7B-Instruct-v0.3,0.0,1_founder_period,6,opp_focus,generic,0.9999999999117194,30,0.0,2.4783512192885906e-10,Technology Leadership,1.0,,
mistralai/Mistral-7B-Instruct-v0.3,0.0,1_founder_period,6,opp_focus,specific,0.9999999999117194,30,0.0,2.4783512192885906e-10,Technology Leadership,1.0,,
mistralai/Mistral-7B-Instruct-v0.3,0.0,2_roadster_launch,0,base,specific,0.9999999999117194,30,0.0,2.4783512192885906e-10,Technology Leadership,1.0,,
mistralai/Mistral-7B-Instruct-v0.3,0.0,2_roadster_launch,0,competitive_dynamics,specific,0.9999999999117194,30,0.0,2.4783512192885906e-10,Technology Leadership,1.0,,
mistralai/Mistral-7B-Instruct-v0.3,0.0,2_roadster_launch,0,count_fact,specific,0.9999999999117194,30,0.0,2.4783512192885906e-10,Technology Leadership,1.0,,
mistralai/Mistral-7B-Instruct-v0.3,0.0,2_roadster_launch,0,opp_focus,specific,0.9999999999117194,30,0.0,2.4783512192885906e-10,Technology Leadership,1.0,,
mistralai/Mistral-7B-Instruct-v0.3,0.0,2_roadster_launch,0,randomized_numbers,specific,0.9999999999117194,30,0.0,2.4783512192885906e-10,Technology Leadership,1.0,,
mistralai/Mistral-7B-Instruct-v0.3,0.0,2_roadster_launch,1,base,specific,0.9999999999117194,30,0.0,2.4783512192885906e-10,Technology Leadership,1.0,,
mistralai/Mistral-7B-Instruct-v0.3,0.0,2_roadster_launch,1,competitive_dynamics,specific,0.9999999999117194,30,0.0,2.4783512192885906e-10,Technology Leadership,1.0,,
mistralai/Mistral-7B-Instruct-v0.3,0.0,2_roadster_launch,1,count_fact,specific,0.9999999999117194,30,0.0,2.4783512192885906e-10,Technology Leadership,1.0,,
mistralai/Mistral-7B-Instruct-v0.3,0.0,2_roadster_launch,1,opp_focus,specific,0.9999999999117194,30,0.0,2.4783512192885906e-10,Technology Leadership,1.0,,
mistralai/Mistral-7B-Instruct-v0.3,0.0,2_roadster_launch,1,randomized_numbers,specific,0.9999999999117194,30,0.0,2.4783512192885906e-10,Technology Leadership,1.0,,
mistralai/Mistral-7B-Instruct-v0.3,0.0,2_roadster_launch,2,base,specific,0.9999999999117194,30,0.0,2.4783512192885906e-10,Technology Leadership,1.0,,
mistralai/Mistral-7B-Instruct-v0.3,0.0,2_roadster_launch,2,competitive_dynamics,specific,0.9999999999117194,30,0.0,2.4783512192885906e-10,Technology Leadership,1.0,,
mistralai/Mistral-7B-Instruct-v0.3,0.0,2_roadster_launch,2,count_fact,specific,0.9999999999117194,30,0.0,2.4783512192885906e-10,Technology Leadership,1.0,,
mistralai/Mistral-7B-Instruct-v0.3,0.0,2_roadster_launch,2,opp_focus,specific,0.9999999999117194,30,0.0,2.4783512192885906e-10,Technology Leadership,1.0,,
mistralai/Mistral-7B-Instruct-v0.3,0.0,2_roadster_launch,2,randomized_numbers,specific,0.9999999999117194,30,0.0,2.4783512192885906e-10,Technology Leadership,1.0,,
mistralai/Mistral-7B-Instruct-v0.3,0.0,2_roadster_launch,3,base,specific,0.9999999999117194,30,0.0,2.4783512192885906e-10,Technology Leadership,1.0,,
mistralai/Mistral-7B-Instruct-v0.3,0.0,2_roadster_launch,3,competitive_dynamics,specific,0.9999999999117194,30,0.0,2.4783512192885906e-10,Technology Leadership,1.0,,
mistralai/Mistral-7B-Instruct-v0.3,0.0,2_roadster_launch,3,count_fact,specific,0.9999999999117194,30,0.0,2.4783512192885906e-10,Technology Leadership,1.0,,
mistralai/Mistral-7B-Instruct-v0.3,0.0,2_roadster_launch,3,opp_focus,specific,0.9999999999117194,30,0.0,2.4783512192885906e-10,Technology Leadership,1.0,,
mistralai/Mistral-7B-Instruct-v0.3,0.0,2_roadster_launch,4,competitive_dynamics,specific,0.9999999999117194,30,0.0,2.4783512192885906e-10,Technology Leadership,1.0,,
mistralai/Mistral-7B-Instruct-v0.3,0.0,2_roadster_launch,4,opp_focus,specific,0.9999999999117194,30,0.0,2.4783512192885906e-10,Technology Leadership,1.0,,
mistralai/Mistral-7B-Instruct-v0.3,0.0,3_model_s_launch,0,base,generic,0.9999999999117194,30,0.0,2.4783512192885906e-10,Fast Follower,1.0,,
mistralai/Mistral-7B-Instruct-v0.3,0.0,3_model_s_launch,0,base,specific,0.9999999999117194,30,0.0,2.4783512192885906e-10,Fast Follower,1.0,,
mistralai/Mistral-7B-Instruct-v0.3,0.0,3_model_s_launch,0,competitive_dynamics,generic,0.9999999999117194,30,0.0,2.4783512192885906e-10,Fast Follower,1.0,,
mistralai/Mistral-7B-Instruct-v0.3,0.0,3_model_s_launch,0,competitive_dynamics,specific,0.9999999999117194,30,0.0,2.4783512192885906e-10,Fast Follower,1.0,,
mistralai/Mistral-7B-Instruct-v0.3,0.0,3_model_s_launch,0,count_fact,generic,0.9999999999117194,30,0.0,2.4783512192885906e-10,Fast Follower,1.0,,
mistralai/Mistral-7B-Instruct-v0.3,0.0,3_model_s_launch,0,count_fact,specific,0.9999999999117194,30,0.0,2.4783512192885906e-10,Fast Follower,1.0,,
mistralai/Mistral-7B-Instruct-v0.3,0.0,3_model_s_launch,0,opp_focus,generic,0.9999999999117194,30,0.0,2.4783512192885906e-10,Fast Follower,1.0,,
mistralai/Mistral-7B-Instruct-v0.3,0.0,3_model_s_launch,0,opp_focus,specific,0.9999999999117194,30,0.0,2.4783512192885906e-10,Fast Follower,1.0,,
mistralai/Mistral-7B-Instruct-v0.3,0.0,3_model_s_launch,0,randomized_numbers,generic,0.9999999999117194,30,0.0,2.4783512192885906e-10,Fast Follower,1.0,,
mistralai/Mistral-7B-Instruct-v0.3,0.0,3_model_s_launch,0,randomized_numbers,specific,0.9999999999117194,30,0.0,2.4783512192885906e-10,Fast Follower,1.0,,
mistralai/Mistral-7B-Instruct-v0.3,0.0,3_model_s_launch,1,base,generic,0.9999999999117194,30,0.0,2.4783512192885906e-10,Fast Follower,1.0,,
mistralai/Mistral-7B-Instruct-v0.3,0.0,3_model_s_launch,1,base,specific,0.9999999999117194,30,0.0,2.4783512192885906e-10,Fast Follower,1.0,,
mistralai/Mistral-7B-Instruct-v0.3,0.0,3_model_s_launch,1,competitive_dynamics,generic,0.9999999999117194,30,0.0,2.4783512192885906e-10,Fast Follower,1.0,,
mistralai/Mistral-7B-Instruct-v0.3,0.0,3_model_s_launch,1,competitive_dynamics,specific,0.9999999999117194,30,0.0,2.4783512192885906e-10,Fast Follower,1.0,,
mistralai/Mistral-7B-Instruct-v0.3,0.0,3_model_s_launch,1,count_fact,generic,0.9999999999117194,30,0.0,2.4783512192885906e-10,Fast Follower,1.0,,
mistralai/Mistral-7B-Instruct-v0.3,0.0,3_model_s_launch,1,count_fact,specific,0.9999999999117194,30,0.0,2.4783512192885906e-10,Fast Follower,1.0,,
mistralai/Mistral-7B-Instruct-v0.3,0.0,3_model_s_launch,1,opp_focus,generic,0.9999999999117194,30,0.0,2.4783512192885906e-10,Fast Follower,1.0,,
mistralai/Mistral-7B-Instruct-v0.3,0.0,3_model_s_launch,1,opp_focus,specific,0.9999999999117194,30,0.0,2.4783512192885906e-10,Fast Follower,1.0,,
mistralai/Mistral-7B-Instruct-v0.3,0.0,3_model_s_launch,1,randomized_numbers,generic,0.9999999999117194,30,0.0,2.4783512192885906e-10,Fast Follower,1.0,,
mistralai/Mistral-7B-Instruct-v0.3,0.0,3_model_s_launch,1,randomized_numbers,specific,0.9999999999117194,30,0.0,2.4783512192885906e-10,Fast Follower,1.0,,
mistralai/Mistral-7B-Instruct-v0.3,0.0,3_model_s_launch,2,base,generic,0.9999999999117194,30,0.0,2.4783512192885906e-10,Fast Follower,1.0,,
mistralai/Mistral-7B-Instruct-v0.3,0.0,3_model_s_launch,2,base,specific,0.9999999999117194,30,0.0,2.4783512192885906e-10,Fast Follower,1.0,,
mistralai/Mistral-7B-Instruct-v0.3,0.0,3_model_s_launch,2,competitive_dynamics,generic,0.9999999999117194,30,0.0,2.4783512192885906e-10,Fast Follower,1.0,,
mistralai/Mistral-7B-Instruct-v0.3,0.0,3_model_s_launch,2,competitive_dynamics,specific,0.9999999999117194,30,0.0,2.4783512192885906e-10,Fast Follower,1.0,,
mistralai/Mistral-7B-Instruct-v0.3,0.0,3_model_s_launch,2,count_fact,generic,0.9999999999117194,30,0.0,2.4783512192885906e-10,Fast Follower,1.0,,
mistralai/Mistral-7B-Instruct-v0.3,0.0,3_model_s_launch,2,count_fact,specific,0.9999999999117194,30,0.0,2.4783512192885906e-10,Fast Follower,1.0,,
mistralai/Mistral-7B-Instruct-v0.3,0.0,3_model_s_launch,2,opp_focus,generic,0.9999999999117194,30,0.0,2.4783512192885906e-10,Fast Follower,1.0,,
mistralai/Mistral-7B-Instruct-v0.3,0.0,3_model_s_launch,2,opp_focus,specific,0.9999999999117194,30,0.0,2.4783512192885906e-10,Fast Follower,1.0,,
mistralai/Mistral-7B-Instruct-v0.3,0.0,3_model_s_launch,2,randomized_numbers,generic,0.9999999999117194,30,0.0,2.4783512192885906e-10,Fast Follower,1.0,,
mistralai/Mistral-7B-Instruct-v0.3,0.0,3_model_s_launch,2,randomized_numbers,specific,0.9999999999117194,30,0.0,2.4783512192885906e-10,Fast Follower,1.0,,
mistralai/Mistral-7B-Instruct-v0.3,0.0,3_model_s_launch,3,base,specific,0.9999999999117194,27,0.0,2.4783512192885906e-10,Fast Follower,1.0,,
mistralai/Mistral-7B-Instruct-v0.3,0.0,3_model_s_launch,3,competitive_dynamics,generic,0.9999999999117194,14,0.0,2.4783512192885906e-10,Fast Follower,1.0,,
mistralai/Mistral-7B-Instruct-v0.3,0.0,3_model_s_launch,3,competitive_dynamics,specific,0.9999999999117194,30,0.0,2.4783512192885906e-10,Fast Follower,1.0,,
mistralai/Mistral-7B-Instruct-v0.3,0.0,3_model_s_launch,3,count_fact,generic,0.9999999999117194,30,0.0,2.4783512192885906e-10,Fast Follower,1.0,,
mistralai/Mistral-7B-Instruct-v0.3,0.0,3_model_s_launch,3,count_fact,specific,0.9999999999117194,30,0.0,2.4783512192885906e-10,Fast Follower,1.0,,
mistralai/Mistral-7B-Instruct-v0.3,0.0,3_model_s_launch,3,opp_focus,generic,0.9999999999117194,4,0.0,2.4783512192885906e-10,Fast Follower,1.0,,
mistralai/Mistral-7B-Instruct-v0.3,0.0,3_model_s_launch,3,opp_focus,specific,0.9999999999117194,14,0.0,2.4783512192885906e-10,Fast Follower,1.0,,
mistralai/Mistral-7B-Instruct-v0.3,0.0,3_model_s_launch,3,randomized_numbers,generic,0.9999999999117194,30,0.0,2.4783512192885906e-10,Fast Follower,1.0,,
mistralai/Mistral-7B-Instruct-v0.3,0.0,3_model_s_launch,3,randomized_numbers,specific,0.9999999999117194,30,0.0,2.4783512192885906e-10,Fast Follower,1.0,,
mistralai/Mistral-7B-Instruct-v0.3,0.0,4_model_x_launch,1,base,specific,0.9999999999117194,30,0.0,2.4783512192885906e-10,Open Innovation,1.0,,
mistralai/Mistral-7B-Instruct-v0.3,0.0,4_model_x_launch,1,competitive_dynamics,specific,0.9999999999117194,30,0.0,2.4783512192885906e-10,Open Innovation,1.0,,
mistralai/Mistral-7B-Instruct-v0.3,0.0,4_model_x_launch,1,count_fact,specific,0.9999999999117194,30,0.0,2.4783512192885906e-10,Open Innovation,1.0,,
mistralai/Mistral-7B-Instruct-v0.3,0.0,4_model_x_launch,1,opp_focus,generic,0.9999999999117194,30,0.0,2.4783512192885906e-10,Open Innovation,1.0,,
mistralai/Mistral-7B-Instruct-v0.3,0.0,4_model_x_launch,1,opp_focus,specific,0.9999999999117194,30,0.0,2.4783512192885906e-10,Open Innovation,1.0,,
mistralai/Mistral-7B-Instruct-v0.3,0.0,4_model_x_launch,1,randomized_numbers,specific,0.9999999999117194,30,0.0,2.4783512192885906e-10,Open Innovation,1.0,,
mistralai/Mistral-7B-Instruct-v0.3,0.0,4_model_x_launch,2,base,generic,0.9999999999117194,30,0.0,2.4783512192885906e-10,Open Innovation,1.0,,
mistralai/Mistral-7B-Instruct-v0.3,0.0,4_model_x_launch,2,base,specific,0.9999999999117194,30,0.0,2.4783512192885906e-10,Open Innovation,1.0,,
mistralai/Mistral-7B-Instruct-v0.3,0.0,4_model_x_launch,2,competitive_dynamics,generic,0.9999999999117194,30,0.0,2.4783512192885906e-10,Open Innovation,1.0,,
mistralai/Mistral-7B-Instruct-v0.3,0.0,4_model_x_launch,2,competitive_dynamics,specific,0.9999999999117194,30,0.0,2.4783512192885906e-10,Open Innovation,1.0,,
mistralai/Mistral-7B-Instruct-v0.3,0.0,4_model_x_launch,2,count_fact,generic,0.9999999999117194,30,0.0,2.4783512192885906e-10,Open Innovation,1.0,,
mistralai/Mistral-7B-Instruct-v0.3,0.0,4_model_x_launch,2,count_fact,specific,0.9999999999117194,30,0.0,2.4783512192885906e-10,Open Innovation,1.0,,
mistralai/Mistral-7B-Instruct-v0.3,0.0,4_model_x_launch,2,opp_focus,generic,0.9999999999117194,30,0.0,2.4783512192885906e-10,Open Innovation,1.0,,
mistralai/Mistral-7B-Instruct-v0.3,0.0,4_model_x_launch,2,opp_focus,specific,0.9999999999117194,30,0.0,2.4783512192885906e-10,Open Innovation,1.0,,
mistralai/Mistral-7B-Instruct-v0.3,0.0,4_model_x_launch,2,randomized_numbers,generic,0.9999999999117194,30,0.0,2.4783512192885906e-10,Open Innovation,1.0,,
mistralai/Mistral-7B-Instruct-v0.3,0.0,4_model_x_launch,2,randomized_numbers,specific,0.9999999999117194,30,0.0,2.4783512192885906e-10,Open Innovation,1.0,,
mistralai/Mistral-7B-Instruct-v0.3,0.0,4_model_x_launch,3,base,generic,0.9999999999117194,30,0.0,2.4783512192885906e-10,Open Innovation,1.0,,
mistralai/Mistral-7B-Instruct-v0.3,0.0,4_model_x_launch,3,base,specific,0.9999999999117194,30,0.0,2.4783512192885906e-10,Open Innovation,1.0,,
mistralai/Mistral-7B-Instruct-v0.3,0.0,4_model_x_launch,3,competitive_dynamics,generic,0.9999999999117194,30,0.0,2.4783512192885906e-10,Open Innovation,1.0,,
mistralai/Mistral-7B-Instruct-v0.3,0.0,4_model_x_launch,3,competitive_dynamics,specific,0.9999999999117194,30,0.0,2.4783512192885906e-10,Open Innovation,1.0,,
mistralai/Mistral-7B-Instruct-v0.3,0.0,4_model_x_launch,3,count_fact,generic,0.9999999999117194,30,0.0,2.4783512192885906e-10,Open Innovation,1.0,,
mistralai/Mistral-7B-Instruct-v0.3,0.0,4_model_x_launch,3,count_fact,specific,0.9999999999117194,30,0.0,2.4783512192885906e-10,Open Innovation,1.0,,
mistralai/Mistral-7B-Instruct-v0.3,0.0,4_model_x_launch,3,opp_focus,generic,0.9999999999117194,30,0.0,2.4783512192885906e-10,Open Innovation,1.0,,
mistralai/Mistral-7B-Instruct-v0.3,0.0,4_model_x_launch,3,opp_focus,specific,0.9999999999117194,30,0.0,2.4783512192885906e-10,Technology Leadership,1.0,,
mistralai/Mistral-7B-Instruct-v0.3,0.0,4_model_x_launch,3,randomized_numbers,generic,0.9999999999117194,30,0.0,2.4783512192885906e-10,Open Innovation,1.0,,
mistralai/Mistral-7B-Instruct-v0.3,0.0,4_model_x_launch,3,randomized_numbers,specific,0.9999999999117194,30,0.0,2.4783512192885906e-10,Open Innovation,1.0,,
mistralai/Mistral-7B-Instruct-v0.3,0.0,4_model_x_launch,4,base,specific,0.9999999999117194,30,0.0,2.4783512192885906e-10,Open Innovation,1.0,,
mistralai/Mistral-7B-Instruct-v0.3,0.0,4_model_x_launch,4,competitive_dynamics,generic,0.9999999999117194,30,0.0,2.4783512192885906e-10,Open Innovation,1.0,,
mistralai/Mistral-7B-Instruct-v0.3,0.0,4_model_x_launch,4,competitive_dynamics,specific,0.9999999999117194,30,0.0,2.4783512192885906e-10,Open Innovation,1.0,,
mistralai/Mistral-7B-Instruct-v0.3,0.0,4_model_x_launch,4,count_fact,generic,0.9999999999117194,30,0.0,2.4783512192885906e-10,Open Innovation,1.0,,
mistralai/Mistral-7B-Instruct-v0.3,0.0,4_model_x_launch,4,count_fact,specific,0.9999999999117194,30,0.0,2.4783512192885906e-10,Open Innovation,1.0,,
mistralai/Mistral-7B-Instruct-v0.3,0.0,4_model_x_launch,4,opp_focus,generic,0.9999999999117194,30,0.0,2.4783512192885906e-10,Technology Leadership,1.0,,
mistralai/Mistral-7B-Instruct-v0.3,0.0,4_model_x_launch,4,opp_focus,specific,0.9999999999117194,30,0.0,2.4783512192885906e-10,Technology Leadership,1.0,,
mistralai/Mistral-7B-Instruct-v0.3,0.0,4_model_x_launch,4,randomized_numbers,generic,0.9999999999117194,30,0.0,2.4783512192885906e-10,Open Innovation,1.0,,
mistralai/Mistral-7B-Instruct-v0.3,0.0,4_model_x_launch,4,randomized_numbers,specific,0.9999999999117194,30,0.0,2.4783512192885906e-10,Open Innovation,1.0,,
mistralai/Mistral-7B-Instruct-v0.3,0.0,5_model_3_mass_market,2,competitive_dynamics,specific,0.9999999999117194,30,0.0,2.4783512192885906e-10,Technology Leadership,1.0,,
mistralai/Mistral-7B-Instruct-v0.3,0.0,5_model_3_mass_market,2,opp_focus,specific,0.9999999999117194,30,0.0,2.4783512192885906e-10,Technology Leadership,1.0,,
mistralai/Mistral-7B-Instruct-v0.3,0.0,5_model_3_mass_market,3,base,specific,0.9999999999117194,30,0.0,2.4783512192885906e-10,Technology Leadership,1.0,,
mistralai/Mistral-7B-Instruct-v0.3,0.0,5_model_3_mass_market,3,competitive_dynamics,specific,0.9999999999117194,30,0.0,2.4783512192885906e-10,Technology Leadership,1.0,,
mistralai/Mistral-7B-Instruct-v0.3,0.0,5_model_3_mass_market,3,opp_focus,specific,0.9999999999117194,30,0.0,2.4783512192885906e-10,Technology Leadership,1.0,,
mistralai/Mistral-7B-Instruct-v0.3,0.0,5_model_3_mass_market,4,base,specific,0.9999999999117194,30,0.0,2.4783512192885906e-10,Technology Leadership,1.0,,
mistralai/Mistral-7B-Instruct-v0.3,0.0,5_model_3_mass_market,4,randomized_numbers,specific,0.9999999999117194,30,0.0,2.4783512192885906e-10,Technology Leadership,1.0,,
mistralai/Mistral-7B-Instruct-v0.3,0.0,6_energy_infra,3,count_fact,specific,0.9999999999117194,30,0.0,2.4783512192885906e-10,Fast Follower,1.0,,
mistralai/Mistral-7B-Instruct-v0.3,0.0,6_energy_infra,4,count_fact,generic,0.9999999999117194,30,0.0,2.4783512192885906e-10,Fast Follower,1.0,,
mistralai/Mistral-7B-Instruct-v0.3,0.0,6_energy_infra,4,count_fact,specific,0.9999999999117194,30,0.0,2.4783512192885906e-10,Fast Follower,1.0,,
mistralai/Mistral-7B-Instruct-v0.3,0.0,6_energy_infra,4,opp_focus,specific,0.9999999999117194,30,0.0,2.4783512192885906e-10,Technology Leadership,1.0,,
mistralai/Mistral-7B-Instruct-v0.3,0.7,4_model_x_launch,2,opp_focus,specific,0.5879834633587151,30,0.3793103448275862,1.1566766521090384,Open Innovation,0.5666666666666667,Technology Leadership,0.4
mistralai/Mistral-7B-Instruct-v0.3,0.7,4_model_x_launch,4,count_fact,specific,0.6322985769565153,30,0.5517241379310345,1.032268399828712,Open Innovation,0.7,Technology Leadership,0.26666666666666666
mistralai/Mistral-7B-Instruct-v0.3,0.7,4_model_x_launch,0,base,specific,0.6437928128201915,28,0.5925925925925926,1.0000000002015295,Open Innovation,0.5,Retrenchment,0.5
mistralai/Mistral-7B-Instruct-v0.3,0.7,4_model_x_launch,2,count_fact,generic,0.6437928128201915,30,0.6551724137931034,1.0000000002015295,Retrenchment,0.5,Open Innovation,0.5
mistralai/Mistral-7B-Instruct-v0.3,0.7,5_model_3_mass_market,4,opp_focus,specific,0.6440984015440624,29,0.2857142857142857,0.9991421041934455,Maintain,0.5172413793103449,Technology Leadership,0.4827586206896552
mistralai/Mistral-7B-Instruct-v0.3,0.7,2_roadster_launch,3,randomized_numbers,specific,0.64493565656721,30,0.5862068965517241,0.9967916321831944,Technology Leadership,0.5333333333333333,Maintain,0.4666666666666667
mistralai/Mistral-7B-Instruct-v0.3,0.7,6_energy_infra,4,opp_focus,specific,0.64493565656721,30,0.4827586206896552,0.9967916321831947,Technology Leadership,0.5333333333333333,Diversification,0.4666666666666667
mistralai/Mistral-7B-Instruct-v0.3,0.7,5_model_3_mass_market,4,base,specific,0.6451048950268494,28,0.3333333333333333,0.9963165197605243,Maintain,0.5357142857142857,Technology Leadership,0.4642857142857143
mistralai/Mistral-7B-Instruct-v0.3,0.7,4_model_x_launch,0,opp_focus,specific,0.6465474916887852,29,0.4642857142857143,0.9922666389210951,Retrenchment,0.5517241379310345,Open Innovation,0.4482758620689655
mistralai/Mistral-7B-Instruct-v0.3,0.7,1_founder_period,5,competitive_dynamics,generic,0.6483744300309827,30,0.4827586206896552,0.9871377745738311,Niche Focus,0.5666666666666667,Technology Leadership,0.43333333333333335
mistralai/Mistral-7B-Instruct-v0.3,0.7,4_model_x_launch,0,count_fact,specific,0.6483744300309827,30,0.4827586206896552,0.9871377745738312,Retrenchment,0.5666666666666667,Open Innovation,0.43333333333333335
mistralai/Mistral-7B-Instruct-v0.3,0.7,4_model_x_launch,3,base,generic,0.6483744300309827,30,0.6206896551724138,0.9871377745738312,Retrenchment,0.5666666666666667,Open Innovation,0.43333333333333335
mistralai/Mistral-7B-Instruct-v0.3,0.7,4_model_x_launch,4,base,generic,0.654140419856561,25,0.5833333333333334,0.97095059465646,Open Innovation,0.6,Retrenchment,0.4
mistralai/Mistral-7B-Instruct-v0.3,0.7,5_model_3_mass_market,4,competitive_dynamics,specific,0.654140419856561,30,0.3448275862068966,0.9709505946564598,Maintain,0.6,Technology Leadership,0.4
mistralai/Mistral-7B-Instruct-v0.3,0.7,4_model_x_launch,0,competitive_dynamics,specific,0.6622877156191472,30,0.5172413793103449,0.9480782437959044,Retrenchment,0.6333333333333333,Open Innovation,0.36666666666666664
mistralai/Mistral-7B-Instruct-v0.3,0.7,4_model_x_launch,0,randomized_numbers,specific,0.6622877156191472,30,0.5172413793103449,0.9480782437959044,Retrenchment,0.6333333333333333,Open Innovation,0.36666666666666664
mistralai/Mistral-7B-Instruct-v0.3,0.7,5_model_3_mass_market,4,randomized_numbers,generic,0.6689539969051271,29,0.5,0.9293636262158882,Maintain,0.6551724137931034,Technology Leadership,0.3448275862068966
mistralai/Mistral-7B-Instruct-v0.3,0.7,4_model_x_launch,2,base,generic,0.6728964239463848,30,0.41379310344827586,0.9182958342567603,Retrenchment,0.6666666666666666,Open Innovation,0.3333333333333333
mistralai/Mistral-7B-Instruct-v0.3,0.7,6_energy_infra,1,randomized_numbers,generic,0.6728964239463848,30,0.41379310344827586,0.9182958342567606,Open Innovation,0.6666666666666666,Diversification,0.3333333333333333
mistralai/Mistral-7B-Instruct-v0.3,0.7,2_roadster_launch,4,base,specific,0.6778528247992095,25,0.5,0.9043814579268925,Maintain,0.68,Technology Leadership,0.32
mistralai/Mistral-7B-Instruct-v0.3,0.7,1_founder_period,6,randomized_numbers,specific,0.6817035513266129,29,0.39285714285714285,0.893571101856689,Niche Focus,0.6896551724137931,Technology Leadership,0.3103448275862069
mistralai/Mistral-7B-Instruct-v0.3,0.7,2_roadster_launch,4,count_fact,specific,0.6828004776220646,26,0.48,0.8904916404220178,Maintain,0.6923076923076923,Technology Leadership,0.3076923076923077
mistralai/Mistral-7B-Instruct-v0.3,0.7,5_model_3_mass_market,3,base,specific,0.686077847688964,30,0.3793103448275862,0.881290899433304,Technology Leadership,0.7,Maintain,0.3
mistralai/Mistral-7B-Instruct-v0.3,0.7,4_model_x_launch,1,competitive_dynamics,generic,0.7019825546208485,30,0.3448275862068966,0.8366407421441941,Open Innovation,0.7333333333333333,Retrenchment,0.26666666666666666
mistralai/Mistral-7B-Instruct-v0.3,0.7,6_energy_infra,2,count_fact,generic,0.7019825546208485,30,0.4827586206896552,0.8366407421441943,Diversification,0.7333333333333333,Fast Follower,0.26666666666666666
mistralai/Mistral-7B-Instruct-v0.3,0.7,6_energy_infra,2,count_fact,specific,0.7019825546208485,30,0.3448275862068966,0.8366407421441943,Diversification,0.7333333333333333,Fast Follower,0.26666666666666666
mistralai/Mistral-7B-Instruct-v0.3,0.7,1_founder_period,6,base,specific,0.7159865665412724,29,0.39285714285714285,0.7973265103508391,Technology Leadership,0.7586206896551724,Niche Focus,0.2413793103448276
mistralai/Mistral-7B-Instruct-v0.3,0.7,2_roadster_launch,2,opp_focus,generic,0.7208130181438654,30,0.3793103448275862,0.7837769476882264,Maintain,0.7666666666666667,Technology Leadership,0.23333333333333334
mistralai/Mistral-7B-Instruct-v0.3,0.7,2_roadster_launch,3,competitive_dynamics,generic,0.7208130181438654,30,0.41379310344827586,0.7837769476882264,Maintain,0.7666666666666667,Technology Leadership,0.23333333333333334
mistralai/Mistral-7B-Instruct-v0.3,0.7,4_model_x_launch,1,base,specific,0.7428440239532105,30,0.20689655172413793,0.7219280950914819,Open Innovation,0.8,Retrenchment,0.2
mistralai/Mistral-7B-Instruct-v0.3,0.7,4_model_x_launch,1,randomized_numbers,specific,0.7428440239532105,30,0.27586206896551724,0.7219280950914819,Open Innovation,0.8,Retrenchment,0.2
mistralai/Mistral-7B-Instruct-v0.3,0.7,5_model_3_mass_market,3,competitive_dynamics,specific,0.7428440239532105,30,0.3793103448275862,0.7219280950914819,Technology Leadership,0.8,Maintain,0.2
mistralai/Mistral-7B-Instruct-v0.3,0.7,5_model_3_mass_market,4,randomized_numbers,specific,0.7428440239532105,30,0.3448275862068966,0.7219280950914819,Technology Leadership,0.8,Maintain,0.2
mistralai/Mistral-7B-Instruct-v0.3,0.7,6_energy_infra,0,base,generic,0.7428440239532105,30,0.41379310344827586,0.7219280950914819,Diversification,0.8,Open Innovation,0.2
mistralai/Mistral-7B-Instruct-v0.3,0.7,6_energy_infra,0,count_fact,generic,0.7428440239532105,30,0.3103448275862069,0.7219280950914819,Diversification,0.8,Open Innovation,0.2
mistralai/Mistral-7B-Instruct-v0.3,0.7,6_energy_infra,0,randomized_numbers,generic,0.7428440239532105,30,0.41379310344827586,0.7219280950914819,Diversification,0.8,Open Innovation,0.2
mistralai/Mistral-7B-Instruct-v0.3,0.7,4_model_x_launch,3,opp_focus,specific,0.7428440239532106,30,0.3103448275862069,0.7219280950914818,Technology Leadership,0.8,Open Innovation,0.2
mistralai/Mistral-7B-Instruct-v0.3,0.7,2_roadster_launch,4,opp_focus,generic,0.75886844065684,28,0.2222222222222222,0.6769418699854456,Maintain,0.8214285714285714,Technology Leadership,0.17857142857142858
mistralai/Mistral-7B-Instruct-v0.3,0.7,1_founder_period,0,randomized_numbers,generic,0.7596741623172117,30,0.27586206896551724,0.6746799233163925,Niche Focus,0.8666666666666667,Retrenchment,0.1
mistralai/Mistral-7B-Instruct-v0.3,0.7,1_founder_period,1,opp_focus,specific,0.7684573415545342,30,0.3103448275862069,0.6500224218531813,Niche Focus,0.8333333333333334,Technology Leadership,0.16666666666666666
mistralai/Mistral-7B-Instruct-v0.3,0.7,2_roadster_launch,2,base,specific,0.7684573415545342,30,0.2413793103448276,0.6500224218531812,Technology Leadership,0.8333333333333334,Maintain,0.16666666666666666
mistralai/Mistral-7B-Instruct-v0.3,0.7,2_roadster_launch,3,opp_focus,generic,0.7684573415545342,30,0.27586206896551724,0.6500224218531813,Maintain,0.8333333333333334,Technology Leadership,0.16666666666666666
mistralai/Mistral-7B-Instruct-v0.3,0.7,4_model_x_launch,1,base,generic,0.7684573415545342,30,0.3448275862068966,0.6500224218531813,Retrenchment,0.8333333333333334,Open Innovation,0.16666666666666666
mistralai/Mistral-7B-Instruct-v0.3,0.7,4_model_x_launch,1,count_fact,generic,0.7684573415545342,30,0.3103448275862069,0.6500224218531813,Retrenchment,0.8333333333333334,Open Innovation,0.16666666666666666
mistralai/Mistral-7B-Instruct-v0.3,0.7,5_model_3_mass_market,2,randomized_numbers,specific,0.7684573415545342,30,0.27586206896551724,0.6500224218531813,Maintain,0.8333333333333334,Technology Leadership,0.16666666666666666
mistralai/Mistral-7B-Instruct-v0.3,0.7,5_model_3_mass_market,3,randomized_numbers,specific,0.7684573415545342,30,0.27586206896551724,0.6500224218531812,Technology Leadership,0.8333333333333334,Maintain,0.16666666666666666
mistralai/Mistral-7B-Instruct-v0.3,0.7,6_energy_infra,0,competitive_dynamics,generic,0.7938291947733307,29,0.17857142857142858,0.5787946248376697,Diversification,0.8620689655172413,Open Innovation,0.13793103448275862
mistralai/Mistral-7B-Instruct-v0.3,0.7,1_founder_period,0,competitive_dynamics,generic,0.7982052421275723,30,0.27586206896551724,0.5665095067585826,Niche Focus,0.8666666666666667,Retrenchment,0.13333333333333333
mistralai/Mistral-7B-Instruct-v0.3,0.7,1_founder_period,0,count_fact,generic,0.7982052421275723,30,0.2413793103448276,0.5665095067585826,Niche Focus,0.8666666666666667,Retrenchment,0.13333333333333333
mistralai/Mistral-7B-Instruct-v0.3,0.7,1_founder_period,1,count_fact,specific,0.7982052421275724,30,0.27586206896551724,0.5665095067585821,Niche Focus,0.8666666666666667,Technology Leadership,0.13333333333333333
mistralai/Mistral-7B-Instruct-v0.3,0.7,2_roadster_launch,0,competitive_dynamics,generic,0.7982052421275724,30,0.2413793103448276,0.5665095067585821,Maintain,0.8666666666666667,Technology Leadership,0.13333333333333333
mistralai/Mistral-7B-Instruct-v0.3,0.7,2_roadster_launch,1,count_fact,generic,0.7982052421275724,30,0.27586206896551724,0.5665095067585821,Maintain,0.8666666666666667,Technology Leadership,0.13333333333333333
mistralai/Mistral-7B-Instruct-v0.3,0.7,4_model_x_launch,1,count_fact,specific,0.7982052421275724,30,0.27586206896551724,0.5665095067585822,Open Innovation,0.8666666666666667,Retrenchment,0.13333333333333333
mistralai/Mistral-7B-Instruct-v0.3,0.7,5_model_3_mass_market,2,competitive_dynamics,specific,0.7982052421275725,30,0.20689655172413793,0.566509506758582,Technology Leadership,0.8666666666666667,Maintain,0.13333333333333333
mistralai/Mistral-7B-Instruct-v0.3,0.7,5_model_3_mass_market,3,opp_focus,specific,0.7982052421275725,30,0.20689655172413793,0.566509506758582,Technology Leadership,0.8666666666666667,Maintain,0.13333333333333333
mistralai/Mistral-7B-Instruct-v0.3,0.7,1_founder_period,0,base,generic,0.8002300411826994,30,0.20689655172413793,0.5608251771649938,Niche Focus,0.9,Retrenchment,0.06666666666666667
mistralai/Mistral-7B-Instruct-v0.3,0.7,2_roadster_launch,0,opp_focus,specific,0.8010122021733825,23,0.2727272727272727,0.5586293736579581,Technology Leadership,0.8695652173913043,Maintain,0.13043478260869565
mistralai/Mistral-7B-Instruct-v0.3,0.7,2_roadster_launch,0,randomized_numbers,specific,0.820735764107398,27,0.23076923076923078,0.5032583349819918,Technology Leadership,0.8888888888888888,Maintain,0.1111111111111111
mistralai/Mistral-7B-Instruct-v0.3,0.7,2_roadster_launch,4,competitive_dynamics,specific,0.820735764107398,27,0.15384615384615385,0.5032583349819918,Technology Leadership,0.8888888888888888,Maintain,0.1111111111111111
mistralai/Mistral-7B-Instruct-v0.3,0.7,2_roadster_launch,4,randomized_numbers,specific,0.820735764107398,18,0.17647058823529413,0.5032583349819918,Maintain,0.8888888888888888,Technology Leadership,0.1111111111111111
mistralai/Mistral-7B-Instruct-v0.3,0.7,2_roadster_launch,0,count_fact,specific,0.825017728192784,28,0.18518518518518517,0.4912373420308094,Technology Leadership,0.8928571428571429,Maintain,0.10714285714285714
mistralai/Mistral-7B-Instruct-v0.3,0.7,1_founder_period,0,opp_focus,generic,0.8329403987678696,30,0.20689655172413793,0.46899559379600175,Niche Focus,0.9,Retrenchment,0.1
mistralai/Mistral-7B-Instruct-v0.3,0.7,4_model_x_launch,1,randomized_numbers,generic,0.8329403987678697,30,0.20689655172413793,0.46899559379600153,Retrenchment,0.9,Open Innovation,0.1
mistralai/Mistral-7B-Instruct-v0.3,0.7,6_energy_infra,1,competitive_dynamics,generic,0.8329403987678697,30,0.20689655172413793,0.46899559379600153,Diversification,0.9,Open Innovation,0.1
mistralai/Mistral-7B-Instruct-v0.3,0.7,6_energy_infra,3,count_fact,specific,0.8329403987678697,30,0.20689655172413793,0.46899559379600153,Diversification,0.9,Fast Follower,0.1
mistralai/Mistral-7B-Instruct-v0.3,0.7,1_founder_period,1,competitive_dynamics,specific,0.8329403987678698,30,0.13793103448275862,0.4689955937960013,Niche Focus,0.9,Technology Leadership,0.1
mistralai/Mistral-7B-Instruct-v0.3,0.7,1_founder_period,5,base,specific,0.8329403987678698,30,0.20689655172413793,0.4689955937960013,Niche Focus,0.9,Technology Leadership,0.1
mistralai/Mistral-7B-Instruct-v0.3,0.7,2_roadster_launch,1,opp_focus,generic,0.8329403987678698,30,0.20689655172413793,0.4689955937960013,Maintain,0.9,Technology Leadership,0.1
mistralai/Mistral-7B-Instruct-v0.3,0.7,2_roadster_launch,1,randomized_numbers,specific,0.8329403987678698,30,0.20689655172413793,0.4689955937960012,Technology Leadership,0.9,Maintain,0.1
mistralai/Mistral-7B-Instruct-v0.3,0.7,5_model_3_mass_market,2,opp_focus,specific,0.8329403987678698,30,0.1724137931034483,0.4689955937960012,Technology Leadership,0.9,Maintain,0.1
mistralai/Mistral-7B-Instruct-v0.3,0.7,5_model_3_mass_market,3,randomized_numbers,generic,0.8329403987678698,30,0.20689655172413793,0.4689955937960013,Maintain,0.9,Technology Leadership,0.1
mistralai/Mistral-7B-Instruct-v0.3,0.7,6_energy_infra,3,randomized_numbers,specific,0.8329403987678698,30,0.20689655172413793,0.4689955937960013,Diversification,0.9,Technology Leadership,0.1
mistralai/Mistral-7B-Instruct-v0.3,0.7,6_energy_infra,4,opp_focus,generic,0.8329403987678698,30,0.13793103448275862,0.4689955937960013,Diversification,0.9,Technology Leadership,0.1
mistralai/Mistral-7B-Instruct-v0.3,0.7,4_model_x_launch,1,opp_focus,specific,0.8503837193651191,30,0.13793103448275862,0.4200260018602847,Open Innovation,0.9333333333333333,Fast Follower,0.03333333333333333
mistralai/Mistral-7B-Instruct-v0.3,0.7,4_model_x_launch,3,base,specific,0.8503837193651191,30,0.13793103448275862,0.4200260018602847,Open Innovation,0.9333333333333333,Retrenchment,0.03333333333333333
mistralai/Mistral-7B-Instruct-v0.3,0.7,2_roadster_launch,4,competitive_dynamics,generic,0.8606362306515535,26,0.16,0.391243563836862,Maintain,0.9230769230769231,Technology Leadership,0.07692307692307693
mistralai/Mistral-7B-Instruct-v0.3,0.7,5_model_3_mass_market,4,count_fact,specific,0.8643040881934836,27,0.15384615384615385,0.3809465859131186,Maintain,0.9259259259259259,Technology Leadership,0.07407407407407407
mistralai/Mistral-7B-Instruct-v0.3,0.7,4_model_x_launch,4,randomized_numbers,generic,0.8677643770896514,28,0.14814814814814814,0.3712323268487205,Open Innovation,0.9285714285714286,Retrenchment,0.07142857142857142
mistralai/Mistral-7B-Instruct-v0.3,0.7,1_founder_period,6,competitive_dynamics,generic,0.8677643770896515,28,0.037037037037037035,0.3712323268487203,Technology Leadership,0.9285714285714286,Niche Focus,0.07142857142857142
mistralai/Mistral-7B-Instruct-v0.3,0.7,6_energy_infra,0,opp_focus,generic,0.874130865159545,30,0.13793103448275862,0.35335933522948365,Diversification,0.9333333333333333,Open Innovation,0.06666666666666667
mistralai/Mistral-7B-Instruct-v0.3,0.7,6_energy_infra,3,count_fact,generic,0.874130865159545,30,0.13793103448275862,0.3533593352294837,Diversification,0.9333333333333333,Fast Follower,0.06666666666666667
mistralai/Mistral-7B-Instruct-v0.3,0.7,1_founder_period,1,base,specific,0.8741308651595451,30,0.13793103448275862,0.3533593352294835,Niche Focus,0.9333333333333333,Technology Leadership,0.06666666666666667
mistralai/Mistral-7B-Instruct-v0.3,0.7,1_founder_period,5,randomized_numbers,specific,0.8741308651595451,30,0.13793103448275862,0.3533593352294835,Niche Focus,0.9333333333333333,Technology Leadership,0.06666666666666667
mistralai/Mistral-7B-Instruct-v0.3,0.7,2_roadster_launch,1,competitive_dynamics,generic,0.8741308651595451,30,0.13793103448275862,0.3533593352294835,Maintain,0.9333333333333333,Technology Leadership,0.06666666666666667
mistralai/Mistral-7B-Instruct-v0.3,0.7,2_roadster_launch,2,count_fact,generic,0.8741308651595451,30,0.13793103448275862,0.3533593352294835,Maintain,0.9333333333333333,Technology Leadership,0.06666666666666667
mistralai/Mistral-7B-Instruct-v0.3,0.7,3_model_s_launch,1,randomized_numbers,generic,0.8741308651595451,30,0.13793103448275862,0.3533593352294835,Fast Follower,0.9333333333333333,Technology Leadership,0.06666666666666667
mistralai/Mistral-7B-Instruct-v0.3,0.7,5_model_3_mass_market,1,competitive_dynamics,specific,0.8741308651595451,30,0.06896551724137931,0.3533593352294835,Maintain,0.9333333333333333,Technology Leadership,0.06666666666666667
mistralai/Mistral-7B-Instruct-v0.3,0.7,5_model_3_mass_market,2,base,specific,0.8741308651595451,30,0.13793103448275862,0.3533593352294835,Maintain,0.9333333333333333,Technology Leadership,0.06666666666666667
mistralai/Mistral-7B-Instruct-v0.3,0.7,6_energy_infra,4,randomized_numbers,specific,0.8741308651595451,30,0.13793103448275862,0.3533593352294835,Diversification,0.9333333333333333,Technology Leadership,0.06666666666666667
mistralai/Mistral-7B-Instruct-v0.3,0.7,2_roadster_launch,0,count_fact,generic,0.9136937807940699,25,0.041666666666666664,0.24229218929195037,Maintain,0.96,Technology Leadership,0.04
mistralai/Mistral-7B-Instruct-v0.3,0.7,2_roadster_launch,4,count_fact,generic,0.9162224269610697,26,0.08,0.2351933820288813,Maintain,0.9615384615384616,Technology Leadership,0.038461538461538464
mistralai/Mistral-7B-Instruct-v0.3,0.7,2_roadster_launch,0,base,generic,0.9185930705207151,27,0.07692307692307693,0.22853814416326648,Maintain,0.9629629629629629,Technology Leadership,0.037037037037037035
mistralai/Mistral-7B-Instruct-v0.3,0.7,5_model_3_mass_market,0,competitive_dynamics,specific,0.9208205456499241,28,0.07407407407407407,0.22228483089552092,Maintain,0.9642857142857143,Technology Leadership,0.03571428571428571
mistralai/Mistral-7B-Instruct-v0.3,0.7,4_model_x_launch,4,competitive_dynamics,generic,0.9229178573179542,29,0.07142857142857142,0.21639693266118792,Open Innovation,0.9655172413793104,Retrenchment,0.034482758620689655
mistralai/Mistral-7B-Instruct-v0.3,0.7,5_model_3_mass_market,4,base,generic,0.9229178573179542,29,0.07142857142857142,0.21639693266118792,Maintain,0.9655172413793104,Open Innovation,0.034482758620689655
mistralai/Mistral-7B-Instruct-v0.3,0.7,1_founder_period,1,base,generic,0.924896457205344,30,0.06896551724137931,0.2108423005285417,Niche Focus,0.9666666666666667,Retrenchment,0.03333333333333333
mistralai/Mistral-7B-Instruct-v0.3,0.7,1_founder_period,1,count_fact,generic,0.924896457205344,30,0.06896551724137931,0.2108423005285417,Niche Focus,0.9666666666666667,Retrenchment,0.03333333333333333
mistralai/Mistral-7B-Instruct-v0.3,0.7,1_founder_period,6,count_fact,specific,0.924896457205344,30,0.06896551724137931,0.2108423005285417,Niche Focus,0.9666666666666667,Retrenchment,0.03333333333333333
mistralai/Mistral-7B-Instruct-v0.3,0.7,4_model_x_launch,0,count_fact,generic,0.924896457205344,30,0.06896551724137931,0.2108423005285417,Retrenchment,0.9666666666666667,Maintain,0.03333333333333333
mistralai/Mistral-7B-Instruct-v0.3,0.7,4_model_x_launch,1,competitive_dynamics,specific,0.924896457205344,30,0.06896551724137931,0.21084230052854142,Open Innovation,0.9666666666666667,Retrenchment,0.03333333333333333
mistralai/Mistral-7B-Instruct-v0.3,0.7,4_model_x_launch,3,count_fact,generic,0.924896457205344,30,0.06896551724137931,0.21084230052854142,Open Innovation,0.9666666666666667,Retrenchment,0.03333333333333333
mistralai/Mistral-7B-Instruct-v0.3,0.7,4_model_x_launch,4,base,specific,0.924896457205344,30,0.06896551724137931,0.21084230052854142,Open Innovation,0.9666666666666667,Retrenchment,0.03333333333333333
mistralai/Mistral-7B-Instruct-v0.3,0.7,6_energy_infra,1,count_fact,generic,0.924896457205344,30,0.034482758620689655,0.21084230052854142,Diversification,0.9666666666666667,Fast Follower,0.03333333333333333
mistralai/Mistral-7B-Instruct-v0.3,0.7,1_founder_period,0,base,specific,0.9248964572053441,30,0.06896551724137931,0.2108423005285411,Niche Focus,0.9666666666666667,Technology Leadership,0.03333333333333333
mistralai/Mistral-7B-Instruct-v0.3,0.7,1_founder_period,1,randomized_numbers,specific,0.9248964572053441,30,0.06896551724137931,0.2108423005285411,Niche Focus,0.9666666666666667,Technology Leadership,0.03333333333333333
mistralai/Mistral-7B-Instruct-v0.3,0.7,1_founder_period,3,competitive_dynamics,specific,0.9248964572053441,30,0.06896551724137931,0.2108423005285411,Technology Leadership,0.9666666666666667,Niche Focus,0.03333333333333333
mistralai/Mistral-7B-Instruct-v0.3,0.7,1_founder_period,4,competitive_dynamics,specific,0.9248964572053441,30,0.06896551724137931,0.2108423005285411,Technology Leadership,0.9666666666666667,Niche Focus,0.03333333333333333
mistralai/Mistral-7B-Instruct-v0.3,0.7,1_founder_period,4,opp_focus,generic,0.9248964572053441,30,0.06896551724137931,0.2108423005285411,Technology Leadership,0.9666666666666667,Niche Focus,0.03333333333333333
mistralai/Mistral-7B-Instruct-v0.3,0.7,2_roadster_launch,1,base,generic,0.9248964572053441,30,0.06896551724137931,0.2108423005285411,Maintain,0.9666666666666667,Technology Leadership,0.03333333333333333
mistralai/Mistral-7B-Instruct-v0.3,0.7,2_roadster_launch,3,base,specific,0.9248964572053441,30,0.06896551724137931,0.2108423005285411,Technology Leadership,0.9666666666666667,Maintain,0.03333333333333333
mistralai/Mistral-7B-Instruct-v0.3,0.7,3_model_s_launch,1,opp_focus,generic,0.9248964572053441,30,0.06896551724137931,0.21084230052854108,Fast Follower,0.9666666666666667,Technology Leadership,0.03333333333333333
mistralai/Mistral-7B-Instruct-v0.3,0.7,5_model_3_mass_market,0,base,specific,0.9248964572053441,30,0.034482758620689655,0.2108423005285411,Maintain,0.9666666666666667,Technology Leadership,0.03333333333333333
mistralai/Mistral-7B-Instruct-v0.3,0.7,5_model_3_mass_market,1,base,specific,0.9248964572053441,30,0.06896551724137931,0.2108423005285411,Maintain,0.9666666666666667,Technology Leadership,0.03333333333333333
mistralai/Mistral-7B-Instruct-v0.3,0.7,5_model_3_mass_market,3,count_fact,specific,0.9248964572053441,30,0.06896551724137931,0.2108423005285411,Maintain,0.9666666666666667,Technology Leadership,0.03333333333333333
mistralai/Mistral-7B-Instruct-v0.3,0.7,6_energy_infra,2,opp_focus,generic,0.9248964572053441,30,0.06896551724137931,0.2108423005285411,Diversification,0.9666666666666667,Technology Leadership,0.03333333333333333
mistralai/Mistral-7B-Instruct-v0.3,0.7,2_roadster_launch,0,opp_focus,generic,0.9999999999117192,27,0.0,2.4783576261415975e-10,Maintain,1.0,,
mistralai/Mistral-7B-Instruct-v0.3,0.7,2_roadster_launch,0,randomized_numbers,generic,0.9999999999117192,25,0.0,2.4783576261415975e-10,Maintain,1.0,,
mistralai/Mistral-7B-Instruct-v0.3,0.7,2_roadster_launch,1,randomized_numbers,generic,0.9999999999117192,30,0.0,2.4783576261415975e-10,Maintain,1.0,,
mistralai/Mistral-7B-Instruct-v0.3,0.7,2_roadster_launch,2,base,generic,0.9999999999117192,30,0.0,2.4783576261415975e-10,Maintain,1.0,,
mistralai/Mistral-7B-Instruct-v0.3,0.7,2_roadster_launch,2,competitive_dynamics,generic,0.9999999999117192,30,0.0,2.4783576261415975e-10,Maintain,1.0,,
mistralai/Mistral-7B-Instruct-v0.3,0.7,2_roadster_launch,2,randomized_numbers,generic,0.9999999999117192,30,0.0,2.4783576261415975e-10,Maintain,1.0,,
mistralai/Mistral-7B-Instruct-v0.3,0.7,2_roadster_launch,3,base,generic,0.9999999999117192,29,0.0,2.4783576261415975e-10,Maintain,1.0,,
mistralai/Mistral-7B-Instruct-v0.3,0.7,2_roadster_launch,3,count_fact,generic,0.9999999999117192,30,0.0,2.4783576261415975e-10,Maintain,1.0,,
mistralai/Mistral-7B-Instruct-v0.3,0.7,2_roadster_launch,3,randomized_numbers,generic,0.9999999999117192,30,0.0,2.4783576261415975e-10,Maintain,1.0,,
mistralai/Mistral-7B-Instruct-v0.3,0.7,2_roadster_launch,4,base,generic,0.9999999999117192,25,0.0,2.4783576261415975e-10,Maintain,1.0,,
mistralai/Mistral-7B-Instruct-v0.3,0.7,2_roadster_launch,4,randomized_numbers,generic,0.9999999999117192,26,0.0,2.4783576261415975e-10,Maintain,1.0,,
mistralai/Mistral-7B-Instruct-v0.3,0.7,4_model_x_launch,0,base,generic,0.9999999999117192,30,0.0,2.4783576261415975e-10,Retrenchment,1.0,,
mistralai/Mistral-7B-Instruct-v0.3,0.7,4_model_x_launch,0,competitive_dynamics,generic,0.9999999999117192,30,0.0,2.4783576261415975e-10,Retrenchment,1.0,,
mistralai/Mistral-7B-Instruct-v0.3,0.7,4_model_x_launch,0,opp_focus,generic,0.9999999999117192,30,0.0,2.4783576261415975e-10,Retrenchment,1.0,,
mistralai/Mistral-7B-Instruct-v0.3,0.7,4_model_x_launch,0,randomized_numbers,generic,0.9999999999117192,30,0.0,2.4783576261415975e-10,Retrenchment,1.0,,
mistralai/Mistral-7B-Instruct-v0.3,0.7,5_model_3_mass_market,0,base,generic,0.9999999999117192,30,0.0,2.4783576261415975e-10,Maintain,1.0,,
mistralai/Mistral-7B-Instruct-v0.3,0.7,5_model_3_mass_market,0,competitive_dynamics,generic,0.9999999999117192,30,0.0,2.4783576261415975e-10,Maintain,1.0,,
mistralai/Mistral-7B-Instruct-v0.3,0.7,5_model_3_mass_market,0,count_fact,generic,0.9999999999117192,30,0.0,2.4783576261415975e-10,Maintain,1.0,,
mistralai/Mistral-7B-Instruct-v0.3,0.7,5_model_3_mass_market,0,count_fact,specific,0.9999999999117192,29,0.0,2.4783576261415975e-10,Maintain,1.0,,
mistralai/Mistral-7B-Instruct-v0.3,0.7,5_model_3_mass_market,0,opp_focus,generic,0.9999999999117192,30,0.0,2.4783576261415975e-10,Maintain,1.0,,
mistralai/Mistral-7B-Instruct-v0.3,0.7,5_model_3_mass_market,0,opp_focus,specific,0.9999999999117192,28,0.0,2.4783576261415975e-10,Maintain,1.0,,
mistralai/Mistral-7B-Instruct-v0.3,0.7,5_model_3_mass_market,0,randomized_numbers,generic,0.9999999999117192,30,0.0,2.4783576261415975e-10,Maintain,1.0,,
mistralai/Mistral-7B-Instruct-v0.3,0.7,5_model_3_mass_market,0,randomized_numbers,specific,0.9999999999117192,28,0.0,2.4783576261415975e-10,Maintain,1.0,,
mistralai/Mistral-7B-Instruct-v0.3,0.7,5_model_3_mass_market,1,base,generic,0.9999999999117192,30,0.0,2.4783576261415975e-10,Maintain,1.0,,
mistralai/Mistral-7B-Instruct-v0.3,0.7,5_model_3_mass_market,1,competitive_dynamics,generic,0.9999999999117192,30,0.0,2.4783576261415975e-10,Maintain,1.0,,
mistralai/Mistral-7B-Instruct-v0.3,0.7,5_model_3_mass_market,1,count_fact,generic,0.9999999999117192,30,0.0,2.4783576261415975e-10,Maintain,1.0,,
mistralai/Mistral-7B-Instruct-v0.3,0.7,5_model_3_mass_market,1,count_fact,specific,0.9999999999117192,30,0.0,2.4783576261415975e-10,Maintain,1.0,,
mistralai/Mistral-7B-Instruct-v0.3,0.7,5_model_3_mass_market,1,opp_focus,generic,0.9999999999117192,30,0.0,2.4783576261415975e-10,Maintain,1.0,,
mistralai/Mistral-7B-Instruct-v0.3,0.7,5_model_3_mass_market,1,opp_focus,specific,0.9999999999117192,30,0.0,2.4783576261415975e-10,Maintain,1.0,,
mistralai/Mistral-7B-Instruct-v0.3,0.7,5_model_3_mass_market,1,randomized_numbers,generic,0.9999999999117192,30,0.0,2.4783576261415975e-10,Maintain,1.0,,
mistralai/Mistral-7B-Instruct-v0.3,0.7,5_model_3_mass_market,1,randomized_numbers,specific,0.9999999999117192,30,0.0,2.4783576261415975e-10,Maintain,1.0,,
mistralai/Mistral-7B-Instruct-v0.3,0.7,5_model_3_mass_market,2,base,generic,0.9999999999117192,30,0.0,2.4783576261415975e-10,Maintain,1.0,,
mistralai/Mistral-7B-Instruct-v0.3,0.7,5_model_3_mass_market,2,competitive_dynamics,generic,0.9999999999117192,30,0.0,2.4783576261415975e-10,Maintain,1.0,,
mistralai/Mistral-7B-Instruct-v0.3,0.7,5_model_3_mass_market,2,count_fact,generic,0.9999999999117192,30,0.0,2.4783576261415975e-10,Maintain,1.0,,
mistralai/Mistral-7B-Instruct-v0.3,0.7,5_model_3_mass_market,2,count_fact,specific,0.9999999999117192,30,0.0,2.4783576261415975e-10,Maintain,1.0,,
mistralai/Mistral-7B-Instruct-v0.3,0.7,5_model_3_mass_market,2,opp_focus,generic,0.9999999999117192,30,0.0,2.4783576261415975e-10,Maintain,1.0,,
mistralai/Mistral-7B-Instruct-v0.3,0.7,5_model_3_mass_market,2,randomized_numbers,generic,0.9999999999117192,30,0.0,2.4783576261415975e-10,Maintain,1.0,,
mistralai/Mistral-7B-Instruct-v0.3,0.7,5_model_3_mass_market,3,base,generic,0.9999999999117192,30,0.0,2.4783576261415975e-10,Maintain,1.0,,
mistralai/Mistral-7B-Instruct-v0.3,0.7,5_model_3_mass_market,3,competitive_dynamics,generic,0.9999999999117192,30,0.0,2.4783576261415975e-10,Maintain,1.0,,
mistralai/Mistral-7B-Instruct-v0.3,0.7,5_model_3_mass_market,3,count_fact,generic,0.9999999999117192,30,0.0,2.4783576261415975e-10,Maintain,1.0,,
mistralai/Mistral-7B-Instruct-v0.3,0.7,5_model_3_mass_market,3,opp_focus,generic,0.9999999999117192,30,0.0,2.4783576261415975e-10,Maintain,1.0,,
mistralai/Mistral-7B-Instruct-v0.3,0.7,5_model_3_mass_market,4,competitive_dynamics,generic,0.9999999999117192,30,0.0,2.4783576261415975e-10,Maintain,1.0,,
mistralai/Mistral-7B-Instruct-v0.3,0.7,5_model_3_mass_market,4,count_fact,generic,0.9999999999117192,28,0.0,2.4783576261415975e-10,Maintain,1.0,,
mistralai/Mistral-7B-Instruct-v0.3,0.7,5_model_3_mass_market,4,opp_focus,generic,0.9999999999117192,29,0.0,2.4783576261415975e-10,Maintain,1.0,,
mistralai/Mistral-7B-Instruct-v0.3,0.7,1_founder_period,0,competitive_dynamics,specific,0.9999999999117193,30,0.0,2.478354422715094e-10,Niche Focus,1.0,,
mistralai/Mistral-7B-Instruct-v0.3,0.7,1_founder_period,0,count_fact,specific,0.9999999999117193,30,0.0,2.478354422715094e-10,Niche Focus,1.0,,
mistralai/Mistral-7B-Instruct-v0.3,0.7,1_founder_period,0,opp_focus,specific,0.9999999999117193,30,0.0,2.478354422715094e-10,Niche Focus,1.0,,
mistralai/Mistral-7B-Instruct-v0.3,0.7,1_founder_period,0,randomized_numbers,specific,0.9999999999117193,30,0.0,2.478354422715094e-10,Niche Focus,1.0,,
mistralai/Mistral-7B-Instruct-v0.3,0.7,1_founder_period,1,competitive_dynamics,generic,0.9999999999117193,30,0.0,2.478354422715094e-10,Niche Focus,1.0,,
mistralai/Mistral-7B-Instruct-v0.3,0.7,1_founder_period,1,opp_focus,generic,0.9999999999117193,30,0.0,2.478354422715094e-10,Niche Focus,1.0,,
mistralai/Mistral-7B-Instruct-v0.3,0.7,1_founder_period,1,randomized_numbers,generic,0.9999999999117193,30,0.0,2.478354422715094e-10,Niche Focus,1.0,,
mistralai/Mistral-7B-Instruct-v0.3,0.7,1_founder_period,2,base,generic,0.9999999999117193,30,0.0,2.478354422715094e-10,Niche Focus,1.0,,
mistralai/Mistral-7B-Instruct-v0.3,0.7,1_founder_period,2,base,specific,0.9999999999117193,30,0.0,2.478354422715094e-10,Niche Focus,1.0,,
mistralai/Mistral-7B-Instruct-v0.3,0.7,1_founder_period,2,competitive_dynamics,generic,0.9999999999117193,30,0.0,2.478354422715094e-10,Niche Focus,1.0,,
mistralai/Mistral-7B-Instruct-v0.3,0.7,1_founder_period,2,competitive_dynamics,specific,0.9999999999117193,30,0.0,2.478354422715094e-10,Niche Focus,1.0,,
mistralai/Mistral-7B-Instruct-v0.3,0.7,1_founder_period,2,count_fact,generic,0.9999999999117193,30,0.0,2.478354422715094e-10,Niche Focus,1.0,,
mistralai/Mistral-7B-Instruct-v0.3,0.7,1_founder_period,2,count_fact,specific,0.9999999999117193,30,0.0,2.478354422715094e-10,Niche Focus,1.0,,
mistralai/Mistral-7B-Instruct-v0.3,0.7,1_founder_period,2,opp_focus,generic,0.9999999999117193,30,0.0,2.478354422715094e-10,Niche Focus,1.0,,
mistralai/Mistral-7B-Instruct-v0.3,0.7,1_founder_period,2,randomized_numbers,generic,0.9999999999117193,30,0.0,2.478354422715094e-10,Niche Focus,1.0,,
mistralai/Mistral-7B-Instruct-v0.3,0.7,1_founder_period,2,randomized_numbers,specific,0.9999999999117193,30,0.0,2.478354422715094e-10,Niche Focus,1.0,,
mistralai/Mistral-7B-Instruct-v0.3,0.7,1_founder_period,3,base,generic,0.9999999999117193,30,0.0,2.478354422715094e-10,Niche Focus,1.0,,
mistralai/Mistral-7B-Instruct-v0.3,0.7,1_founder_period,3,base,specific,0.9999999999117193,30,0.0,2.478354422715094e-10,Niche Focus,1.0,,
mistralai/Mistral-7B-Instruct-v0.3,0.7,1_founder_period,3,competitive_dynamics,generic,0.9999999999117193,30,0.0,2.478354422715094e-10,Niche Focus,1.0,,
mistralai/Mistral-7B-Instruct-v0.3,0.7,1_founder_period,3,count_fact,generic,0.9999999999117193,30,0.0,2.478354422715094e-10,Niche Focus,1.0,,
mistralai/Mistral-7B-Instruct-v0.3,0.7,1_founder_period,3,count_fact,specific,0.9999999999117193,30,0.0,2.478354422715094e-10,Niche Focus,1.0,,
mistralai/Mistral-7B-Instruct-v0.3,0.7,1_founder_period,3,opp_focus,generic,0.9999999999117193,30,0.0,2.478354422715094e-10,Niche Focus,1.0,,
mistralai/Mistral-7B-Instruct-v0.3,0.7,1_founder_period,3,randomized_numbers,generic,0.9999999999117193,30,0.0,2.478354422715094e-10,Niche Focus,1.0,,
mistralai/Mistral-7B-Instruct-v0.3,0.7,1_founder_period,3,randomized_numbers,specific,0.9999999999117193,30,0.0,2.478354422715094e-10,Niche Focus,1.0,,
mistralai/Mistral-7B-Instruct-v0.3,0.7,1_founder_period,4,base,generic,0.9999999999117193,30,0.0,2.478354422715094e-10,Niche Focus,1.0,,
mistralai/Mistral-7B-Instruct-v0.3,0.7,1_founder_period,4,base,specific,0.9999999999117193,30,0.0,2.478354422715094e-10,Niche Focus,1.0,,
mistralai/Mistral-7B-Instruct-v0.3,0.7,1_founder_period,4,competitive_dynamics,generic,0.9999999999117193,30,0.0,2.478354422715094e-10,Niche Focus,1.0,,
mistralai/Mistral-7B-Instruct-v0.3,0.7,1_founder_period,4,count_fact,generic,0.9999999999117193,30,0.0,2.478354422715094e-10,Niche Focus,1.0,,
mistralai/Mistral-7B-Instruct-v0.3,0.7,1_founder_period,4,count_fact,specific,0.9999999999117193,30,0.0,2.478354422715094e-10,Niche Focus,1.0,,
mistralai/Mistral-7B-Instruct-v0.3,0.7,1_founder_period,4,randomized_numbers,generic,0.9999999999117193,30,0.0,2.478354422715094e-10,Niche Focus,1.0,,
mistralai/Mistral-7B-Instruct-v0.3,0.7,1_founder_period,4,randomized_numbers,specific,0.9999999999117193,30,0.0,2.478354422715094e-10,Niche Focus,1.0,,
mistralai/Mistral-7B-Instruct-v0.3,0.7,1_founder_period,5,base,generic,0.9999999999117193,30,0.0,2.478354422715094e-10,Niche Focus,1.0,,
mistralai/Mistral-7B-Instruct-v0.3,0.7,1_founder_period,5,count_fact,generic,0.9999999999117193,30,0.0,2.478354422715094e-10,Niche Focus,1.0,,
mistralai/Mistral-7B-Instruct-v0.3,0.7,1_founder_period,5,count_fact,specific,0.9999999999117193,30,0.0,2.478354422715094e-10,Niche Focus,1.0,,
mistralai/Mistral-7B-Instruct-v0.3,0.7,1_founder_period,5,randomized_numbers,generic,0.9999999999117193,30,0.0,2.478354422715094e-10,Niche Focus,1.0,,
mistralai/Mistral-7B-Instruct-v0.3,0.7,1_founder_period,6,base,generic,0.9999999999117193,30,0.0,2.478354422715094e-10,Niche Focus,1.0,,
mistralai/Mistral-7B-Instruct-v0.3,0.7,1_founder_period,6,count_fact,generic,0.9999999999117193,29,0.0,2.478354422715094e-10,Niche Focus,1.0,,
mistralai/Mistral-7B-Instruct-v0.3,0.7,1_founder_period,6,randomized_numbers,generic,0.9999999999117193,30,0.0,2.478354422715094e-10,Niche Focus,1.0,,
mistralai/Mistral-7B-Instruct-v0.3,0.7,6_energy_infra,0,base,specific,0.9999999999117193,30,0.0,2.478354422715094e-10,Diversification,1.0,,
mistralai/Mistral-7B-Instruct-v0.3,0.7,6_energy_infra,0,competitive_dynamics,specific,0.9999999999117193,30,0.0,2.478354422715094e-10,Diversification,1.0,,
mistralai/Mistral-7B-Instruct-v0.3,0.7,6_energy_infra,0,count_fact,specific,0.9999999999117193,30,0.0,2.478354422715094e-10,Diversification,1.0,,
mistralai/Mistral-7B-Instruct-v0.3,0.7,6_energy_infra,0,opp_focus,specific,0.9999999999117193,30,0.0,2.478354422715094e-10,Diversification,1.0,,
mistralai/Mistral-7B-Instruct-v0.3,0.7,6_energy_infra,0,randomized_numbers,specific,0.9999999999117193,30,0.0,2.478354422715094e-10,Diversification,1.0,,
mistralai/Mistral-7B-Instruct-v0.3,0.7,6_energy_infra,1,base,generic,0.9999999999117193,30,0.0,2.478354422715094e-10,Diversification,1.0,,
mistralai/Mistral-7B-Instruct-v0.3,0.7,6_energy_infra,1,base,specific,0.9999999999117193,30,0.0,2.478354422715094e-10,Diversification,1.0,,
mistralai/Mistral-7B-Instruct-v0.3,0.7,6_energy_infra,1,competitive_dynamics,specific,0.9999999999117193,30,0.0,2.478354422715094e-10,Diversification,1.0,,
mistralai/Mistral-7B-Instruct-v0.3,0.7,6_energy_infra,1,count_fact,specific,0.9999999999117193,30,0.0,2.478354422715094e-10,Diversification,1.0,,
mistralai/Mistral-7B-Instruct-v0.3,0.7,6_energy_infra,1,opp_focus,generic,0.9999999999117193,30,0.0,2.478354422715094e-10,Diversification,1.0,,
mistralai/Mistral-7B-Instruct-v0.3,0.7,6_energy_infra,1,opp_focus,specific,0.9999999999117193,30,0.0,2.478354422715094e-10,Diversification,1.0,,
mistralai/Mistral-7B-Instruct-v0.3,0.7,6_energy_infra,1,randomized_numbers,specific,0.9999999999117193,30,0.0,2.478354422715094e-10,Diversification,1.0,,
mistralai/Mistral-7B-Instruct-v0.3,0.7,6_energy_infra,2,base,generic,0.9999999999117193,30,0.0,2.478354422715094e-10,Diversification,1.0,,
mistralai/Mistral-7B-Instruct-v0.3,0.7,6_energy_infra,2,base,specific,0.9999999999117193,30,0.0,2.478354422715094e-10,Diversification,1.0,,
mistralai/Mistral-7B-Instruct-v0.3,0.7,6_energy_infra,2,competitive_dynamics,generic,0.9999999999117193,30,0.0,2.478354422715094e-10,Diversification,1.0,,
mistralai/Mistral-7B-Instruct-v0.3,0.7,6_energy_infra,2,competitive_dynamics,specific,0.9999999999117193,30,0.0,2.478354422715094e-10,Diversification,1.0,,
mistralai/Mistral-7B-Instruct-v0.3,0.7,6_energy_infra,2,opp_focus,specific,0.9999999999117193,30,0.0,2.478354422715094e-10,Diversification,1.0,,
mistralai/Mistral-7B-Instruct-v0.3,0.7,6_energy_infra,2,randomized_numbers,generic,0.9999999999117193,30,0.0,2.478354422715094e-10,Diversification,1.0,,
mistralai/Mistral-7B-Instruct-v0.3,0.7,6_energy_infra,2,randomized_numbers,specific,0.9999999999117193,30,0.0,2.478354422715094e-10,Diversification,1.0,,
mistralai/Mistral-7B-Instruct-v0.3,0.7,6_energy_infra,3,base,generic,0.9999999999117193,30,0.0,2.478354422715094e-10,Diversification,1.0,,
mistralai/Mistral-7B-Instruct-v0.3,0.7,6_energy_infra,3,base,specific,0.9999999999117193,30,0.0,2.478354422715094e-10,Diversification,1.0,,
mistralai/Mistral-7B-Instruct-v0.3,0.7,6_energy_infra,3,competitive_dynamics,generic,0.9999999999117193,30,0.0,2.478354422715094e-10,Diversification,1.0,,
mistralai/Mistral-7B-Instruct-v0.3,0.7,6_energy_infra,3,competitive_dynamics,specific,0.9999999999117193,30,0.0,2.478354422715094e-10,Diversification,1.0,,
mistralai/Mistral-7B-Instruct-v0.3,0.7,6_energy_infra,3,opp_focus,generic,0.9999999999117193,30,0.0,2.478354422715094e-10,Diversification,1.0,,
mistralai/Mistral-7B-Instruct-v0.3,0.7,6_energy_infra,3,opp_focus,specific,0.9999999999117193,30,0.0,2.478354422715094e-10,Diversification,1.0,,
mistralai/Mistral-7B-Instruct-v0.3,0.7,6_energy_infra,3,randomized_numbers,generic,0.9999999999117193,30,0.0,2.478354422715094e-10,Diversification,1.0,,
mistralai/Mistral-7B-Instruct-v0.3,0.7,6_energy_infra,4,base,generic,0.9999999999117193,30,0.0,2.478354422715094e-10,Diversification,1.0,,
mistralai/Mistral-7B-Instruct-v0.3,0.7,6_energy_infra,4,base,specific,0.9999999999117193,29,0.0,2.478354422715094e-10,Diversification,1.0,,
mistralai/Mistral-7B-Instruct-v0.3,0.7,6_energy_infra,4,competitive_dynamics,generic,0.9999999999117193,29,0.0,2.478354422715094e-10,Diversification,1.0,,
mistralai/Mistral-7B-Instruct-v0.3,0.7,6_energy_infra,4,competitive_dynamics,specific,0.9999999999117193,30,0.0,2.478354422715094e-10,Diversification,1.0,,
mistralai/Mistral-7B-Instruct-v0.3,0.7,6_energy_infra,4,randomized_numbers,generic,0.9999999999117193,30,0.0,2.478354422715094e-10,Diversification,1.0,,
mistralai/Mistral-7B-Instruct-v0.3,0.7,1_founder_period,2,opp_focus,specific,0.9999999999117194,30,0.0,2.4783512192885906e-10,Technology Leadership,1.0,,
mistralai/Mistral-7B-Instruct-v0.3,0.7,1_founder_period,3,opp_focus,specific,0.9999999999117194,30,0.0,2.4783512192885906e-10,Technology Leadership,1.0,,
mistralai/Mistral-7B-Instruct-v0.3,0.7,1_founder_period,4,opp_focus,specific,0.9999999999117194,30,0.0,2.4783512192885906e-10,Technology Leadership,1.0,,
mistralai/Mistral-7B-Instruct-v0.3,0.7,1_founder_period,5,competitive_dynamics,specific,0.9999999999117194,30,0.0,2.4783512192885906e-10,Technology Leadership,1.0,,
mistralai/Mistral-7B-Instruct-v0.3,0.7,1_founder_period,5,opp_focus,generic,0.9999999999117194,30,0.0,2.4783512192885906e-10,Technology Leadership,1.0,,
mistralai/Mistral-7B-Instruct-v0.3,0.7,1_founder_period,5,opp_focus,specific,0.9999999999117194,30,0.0,2.4783512192885906e-10,Technology Leadership,1.0,,
mistralai/Mistral-7B-Instruct-v0.3,0.7,1_founder_period,6,competitive_dynamics,specific,0.9999999999117194,29,0.0,2.4783512192885906e-10,Technology Leadership,1.0,,
mistralai/Mistral-7B-Instruct-v0.3,0.7,1_founder_period,6,opp_focus,generic,0.9999999999117194,29,0.0,2.4783512192885906e-10,Technology Leadership,1.0,,
mistralai/Mistral-7B-Instruct-v0.3,0.7,1_founder_period,6,opp_focus,specific,0.9999999999117194,27,0.0,2.4783512192885906e-10,Technology Leadership,1.0,,
mistralai/Mistral-7B-Instruct-v0.3,0.7,2_roadster_launch,0,base,specific,0.9999999999117194,26,0.0,2.4783512192885906e-10,Technology Leadership,1.0,,
mistralai/Mistral-7B-Instruct-v0.3,0.7,2_roadster_launch,0,competitive_dynamics,specific,0.9999999999117194,27,0.0,2.4783512192885906e-10,Technology Leadership,1.0,,
mistralai/Mistral-7B-Instruct-v0.3,0.7,2_roadster_launch,1,base,specific,0.9999999999117194,30,0.0,2.4783512192885906e-10,Technology Leadership,1.0,,
mistralai/Mistral-7B-Instruct-v0.3,0.7,2_roadster_launch,1,competitive_dynamics,specific,0.9999999999117194,30,0.0,2.4783512192885906e-10,Technology Leadership,1.0,,
mistralai/Mistral-7B-Instruct-v0.3,0.7,2_roadster_launch,1,count_fact,specific,0.9999999999117194,30,0.0,2.4783512192885906e-10,Technology Leadership,1.0,,
mistralai/Mistral-7B-Instruct-v0.3,0.7,2_roadster_launch,1,opp_focus,specific,0.9999999999117194,30,0.0,2.4783512192885906e-10,Technology Leadership,1.0,,
mistralai/Mistral-7B-Instruct-v0.3,0.7,2_roadster_launch,2,competitive_dynamics,specific,0.9999999999117194,30,0.0,2.4783512192885906e-10,Technology Leadership,1.0,,
mistralai/Mistral-7B-Instruct-v0.3,0.7,2_roadster_launch,2,count_fact,specific,0.9999999999117194,30,0.0,2.4783512192885906e-10,Technology Leadership,1.0,,
mistralai/Mistral-7B-Instruct-v0.3,0.7,2_roadster_launch,2,opp_focus,specific,0.9999999999117194,30,0.0,2.4783512192885906e-10,Technology Leadership,1.0,,
mistralai/Mistral-7B-Instruct-v0.3,0.7,2_roadster_launch,2,randomized_numbers,specific,0.9999999999117194,30,0.0,2.4783512192885906e-10,Technology Leadership,1.0,,
mistralai/Mistral-7B-Instruct-v0.3,0.7,2_roadster_launch,3,competitive_dynamics,specific,0.9999999999117194,30,0.0,2.4783512192885906e-10,Technology Leadership,1.0,,
mistralai/Mistral-7B-Instruct-v0.3,0.7,2_roadster_launch,3,count_fact,specific,0.9999999999117194,30,0.0,2.4783512192885906e-10,Technology Leadership,1.0,,
mistralai/Mistral-7B-Instruct-v0.3,0.7,2_roadster_launch,3,opp_focus,specific,0.9999999999117194,30,0.0,2.4783512192885906e-10,Technology Leadership,1.0,,
mistralai/Mistral-7B-Instruct-v0.3,0.7,2_roadster_launch,4,opp_focus,specific,0.9999999999117194,27,0.0,2.4783512192885906e-10,Technology Leadership,1.0,,
mistralai/Mistral-7B-Instruct-v0.3,0.7,3_model_s_launch,0,base,generic,0.9999999999117194,30,0.0,2.4783512192885906e-10,Fast Follower,1.0,,
mistralai/Mistral-7B-Instruct-v0.3,0.7,3_model_s_launch,0,base,specific,0.9999999999117194,30,0.0,2.4783512192885906e-10,Fast Follower,1.0,,
mistralai/Mistral-7B-Instruct-v0.3,0.7,3_model_s_launch,0,competitive_dynamics,generic,0.9999999999117194,30,0.0,2.4783512192885906e-10,Fast Follower,1.0,,
mistralai/Mistral-7B-Instruct-v0.3,0.7,3_model_s_launch,0,competitive_dynamics,specific,0.9999999999117194,30,0.0,2.4783512192885906e-10,Fast Follower,1.0,,
mistralai/Mistral-7B-Instruct-v0.3,0.7,3_model_s_launch,0,count_fact,generic,0.9999999999117194,30,0.0,2.4783512192885906e-10,Fast Follower,1.0,,
mistralai/Mistral-7B-Instruct-v0.3,0.7,3_model_s_launch,0,count_fact,specific,0.9999999999117194,30,0.0,2.4783512192885906e-10,Fast Follower,1.0,,
mistralai/Mistral-7B-Instruct-v0.3,0.7,3_model_s_launch,0,opp_focus,generic,0.9999999999117194,30,0.0,2.4783512192885906e-10,Fast Follower,1.0,,
mistralai/Mistral-7B-Instruct-v0.3,0.7,3_model_s_launch,0,opp_focus,specific,0.9999999999117194,30,0.0,2.4783512192885906e-10,Fast Follower,1.0,,
mistralai/Mistral-7B-Instruct-v0.3,0.7,3_model_s_launch,0,randomized_numbers,generic,0.9999999999117194,30,0.0,2.4783512192885906e-10,Fast Follower,1.0,,
mistralai/Mistral-7B-Instruct-v0.3,0.7,3_model_s_launch,0,randomized_numbers,specific,0.9999999999117194,30,0.0,2.4783512192885906e-10,Fast Follower,1.0,,
mistralai/Mistral-7B-Instruct-v0.3,0.7,3_model_s_launch,1,base,generic,0.9999999999117194,29,0.0,2.4783512192885906e-10,Fast Follower,1.0,,
mistralai/Mistral-7B-Instruct-v0.3,0.7,3_model_s_launch,1,base,specific,0.9999999999117194,30,0.0,2.4783512192885906e-10,Fast Follower,1.0,,
mistralai/Mistral-7B-Instruct-v0.3,0.7,3_model_s_launch,1,competitive_dynamics,generic,0.9999999999117194,30,0.0,2.4783512192885906e-10,Fast Follower,1.0,,
mistralai/Mistral-7B-Instruct-v0.3,0.7,3_model_s_launch,1,competitive_dynamics,specific,0.9999999999117194,30,0.0,2.4783512192885906e-10,Fast Follower,1.0,,
mistralai/Mistral-7B-Instruct-v0.3,0.7,3_model_s_launch,1,count_fact,generic,0.9999999999117194,30,0.0,2.4783512192885906e-10,Fast Follower,1.0,,
mistralai/Mistral-7B-Instruct-v0.3,0.7,3_model_s_launch,1,count_fact,specific,0.9999999999117194,30,0.0,2.4783512192885906e-10,Fast Follower,1.0,,
mistralai/Mistral-7B-Instruct-v0.3,0.7,3_model_s_launch,1,opp_focus,specific,0.9999999999117194,30,0.0,2.4783512192885906e-10,Fast Follower,1.0,,
mistralai/Mistral-7B-Instruct-v0.3,0.7,3_model_s_launch,1,randomized_numbers,specific,0.9999999999117194,30,0.0,2.4783512192885906e-10,Fast Follower,1.0,,
mistralai/Mistral-7B-Instruct-v0.3,0.7,3_model_s_launch,2,base,generic,0.9999999999117194,30,0.0,2.4783512192885906e-10,Fast Follower,1.0,,
mistralai/Mistral-7B-Instruct-v0.3,0.7,3_model_s_launch,2,base,specific,0.9999999999117194,30,0.0,2.4783512192885906e-10,Fast Follower,1.0,,
mistralai/Mistral-7B-Instruct-v0.3,0.7,3_model_s_launch,2,competitive_dynamics,generic,0.9999999999117194,30,0.0,2.4783512192885906e-10,Fast Follower,1.0,,
mistralai/Mistral-7B-Instruct-v0.3,0.7,3_model_s_launch,2,competitive_dynamics,specific,0.9999999999117194,30,0.0,2.4783512192885906e-10,Fast Follower,1.0,,
mistralai/Mistral-7B-Instruct-v0.3,0.7,3_model_s_launch,2,count_fact,generic,0.9999999999117194,30,0.0,2.4783512192885906e-10,Fast Follower,1.0,,
mistralai/Mistral-7B-Instruct-v0.3,0.7,3_model_s_launch,2,count_fact,specific,0.9999999999117194,30,0.0,2.4783512192885906e-10,Fast Follower,1.0,,
mistralai/Mistral-7B-Instruct-v0.3,0.7,3_model_s_launch,2,opp_focus,generic,0.9999999999117194,30,0.0,2.4783512192885906e-10,Fast Follower,1.0,,
mistralai/Mistral-7B-Instruct-v0.3,0.7,3_model_s_launch,2,opp_focus,specific,0.9999999999117194,30,0.0,2.4783512192885906e-10,Fast Follower,1.0,,
mistralai/Mistral-7B-Instruct-v0.3,0.7,3_model_s_launch,2,randomized_numbers,generic,0.9999999999117194,30,0.0,2.4783512192885906e-10,Fast Follower,1.0,,
mistralai/Mistral-7B-Instruct-v0.3,0.7,3_model_s_launch,2,randomized_numbers,specific,0.9999999999117194,30,0.0,2.4783512192885906e-10,Fast Follower,1.0,,
mistralai/Mistral-7B-Instruct-v0.3,0.7,3_model_s_launch,3,base,generic,0.9999999999117194,23,0.0,2.4783512192885906e-10,Fast Follower,1.0,,
mistralai/Mistral-7B-Instruct-v0.3,0.7,3_model_s_launch,3,base,specific,0.9999999999117194,27,0.0,2.4783512192885906e-10,Fast Follower,1.0,,
mistralai/Mistral-7B-Instruct-v0.3,0.7,3_model_s_launch,3,competitive_dynamics,generic,0.9999999999117194,26,0.0,2.4783512192885906e-10,Fast Follower,1.0,,
mistralai/Mistral-7B-Instruct-v0.3,0.7,3_model_s_launch,3,competitive_dynamics,specific,0.9999999999117194,28,0.0,2.4783512192885906e-10,Fast Follower,1.0,,
mistralai/Mistral-7B-Instruct-v0.3,0.7,3_model_s_launch,3,count_fact,generic,0.9999999999117194,26,0.0,2.4783512192885906e-10,Fast Follower,1.0,,
mistralai/Mistral-7B-Instruct-v0.3,0.7,3_model_s_launch,3,count_fact,specific,0.9999999999117194,28,0.0,2.4783512192885906e-10,Fast Follower,1.0,,
mistralai/Mistral-7B-Instruct-v0.3,0.7,3_model_s_launch,3,opp_focus,generic,0.9999999999117194,29,0.0,2.4783512192885906e-10,Fast Follower,1.0,,
mistralai/Mistral-7B-Instruct-v0.3,0.7,3_model_s_launch,3,opp_focus,specific,0.9999999999117194,28,0.0,2.4783512192885906e-10,Fast Follower,1.0,,
mistralai/Mistral-7B-Instruct-v0.3,0.7,3_model_s_launch,3,randomized_numbers,generic,0.9999999999117194,27,0.0,2.4783512192885906e-10,Fast Follower,1.0,,
mistralai/Mistral-7B-Instruct-v0.3,0.7,3_model_s_launch,3,randomized_numbers,specific,0.9999999999117194,28,0.0,2.4783512192885906e-10,Fast Follower,1.0,,
mistralai/Mistral-7B-Instruct-v0.3,0.7,4_model_x_launch,1,opp_focus,generic,0.9999999999117194,30,0.0,2.4783512192885906e-10,Open Innovation,1.0,,
mistralai/Mistral-7B-Instruct-v0.3,0.7,4_model_x_launch,2,base,specific,0.9999999999117194,30,0.0,2.4783512192885906e-10,Open Innovation,1.0,,
mistralai/Mistral-7B-Instruct-v0.3,0.7,4_model_x_launch,2,competitive_dynamics,generic,0.9999999999117194,30,0.0,2.4783512192885906e-10,Open Innovation,1.0,,
mistralai/Mistral-7B-Instruct-v0.3,0.7,4_model_x_launch,2,competitive_dynamics,specific,0.9999999999117194,30,0.0,2.4783512192885906e-10,Open Innovation,1.0,,
mistralai/Mistral-7B-Instruct-v0.3,0.7,4_model_x_launch,2,count_fact,specific,0.9999999999117194,30,0.0,2.4783512192885906e-10,Open Innovation,1.0,,
mistralai/Mistral-7B-Instruct-v0.3,0.7,4_model_x_launch,2,opp_focus,generic,0.9999999999117194,30,0.0,2.4783512192885906e-10,Open Innovation,1.0,,
mistralai/Mistral-7B-Instruct-v0.3,0.7,4_model_x_launch,2,randomized_numbers,generic,0.9999999999117194,30,0.0,2.4783512192885906e-10,Open Innovation,1.0,,
mistralai/Mistral-7B-Instruct-v0.3,0.7,4_model_x_launch,2,randomized_numbers,specific,0.9999999999117194,30,0.0,2.4783512192885906e-10,Open Innovation,1.0,,
mistralai/Mistral-7B-Instruct-v0.3,0.7,4_model_x_launch,3,competitive_dynamics,generic,0.9999999999117194,30,0.0,2.4783512192885906e-10,Open Innovation,1.0,,
mistralai/Mistral-7B-Instruct-v0.3,0.7,4_model_x_launch,3,competitive_dynamics,specific,0.9999999999117194,30,0.0,2.4783512192885906e-10,Open Innovation,1.0,,
mistralai/Mistral-7B-Instruct-v0.3,0.7,4_model_x_launch,3,count_fact,specific,0.9999999999117194,30,0.0,2.4783512192885906e-10,Open Innovation,1.0,,
mistralai/Mistral-7B-Instruct-v0.3,0.7,4_model_x_launch,3,opp_focus,generic,0.9999999999117194,30,0.0,2.4783512192885906e-10,Open Innovation,1.0,,
mistralai/Mistral-7B-Instruct-v0.3,0.7,4_model_x_launch,3,randomized_numbers,generic,0.9999999999117194,30,0.0,2.4783512192885906e-10,Open Innovation,1.0,,
mistralai/Mistral-7B-Instruct-v0.3,0.7,4_model_x_launch,3,randomized_numbers,specific,0.9999999999117194,30,0.0,2.4783512192885906e-10,Open Innovation,1.0,,
mistralai/Mistral-7B-Instruct-v0.3,0.7,4_model_x_launch,4,competitive_dynamics,specific,0.9999999999117194,30,0.0,2.4783512192885906e-10,Open Innovation,1.0,,
mistralai/Mistral-7B-Instruct-v0.3,0.7,4_model_x_launch,4,count_fact,generic,0.9999999999117194,29,0.0,2.4783512192885906e-10,Open Innovation,1.0,,
mistralai/Mistral-7B-Instruct-v0.3,0.7,4_model_x_launch,4,opp_focus,generic,0.9999999999117194,30,0.0,2.4783512192885906e-10,Technology Leadership,1.0,,
mistralai/Mistral-7B-Instruct-v0.3,0.7,4_model_x_launch,4,opp_focus,specific,0.9999999999117194,30,0.0,2.4783512192885906e-10,Technology Leadership,1.0,,
mistralai/Mistral-7B-Instruct-v0.3,0.7,4_model_x_launch,4,randomized_numbers,specific,0.9999999999117194,30,0.0,2.4783512192885906e-10,Open Innovation,1.0,,
mistralai/Mistral-7B-Instruct-v0.3,0.7,6_energy_infra,4,count_fact,generic,0.9999999999117194,30,0.0,2.4783512192885906e-10,Fast Follower,1.0,,
mistralai/Mistral-7B-Instruct-v0.3,0.7,6_energy_infra,4,count_fact,specific,0.9999999999117194,30,0.0,2.4783512192885906e-10,Fast Follower,1.0,,
