scenario_type,A → Technology Leadership,C → Open Innovation,Diversification,Fast Follower,Maintain,N/A,Niche Focus,Open Innovation,Technology Leadership
base,0.0,0.01607142857142857,0.07305194805194805,0.09983766233766234,0.0633116883116883,0.006493506493506494,0.005113636363636364,0.14391233766233766,0.5922077922077922
competitive_dynamics,0.0,0.012175324675324676,0.07792207792207792,0.0898538961038961,0.05844155844155844,0.006493506493506494,0.002435064935064935,0.1344155844155844,0.618262987012987
count_fact,0.0,0.013636363636363636,0.08766233766233766,0.16314935064935066,0.06306818181818181,0.006493506493506494,0.003896103896103896,0.17167207792207792,0.4904220779220779
opp_focus,0.0,0.010957792207792208,0.06477272727272727,0.08035714285714286,0.0338474025974026,0.006493506493506494,0.008766233766233766,0.09618506493506493,0.6986201298701299
randomized_numbers,0.000980392156862745,0.012254901960784314,0.07965686274509803,0.1053921568627451,0.0625,0.0,0.003676470588235294,0.15,0.5855392156862745
