scenario_type,used_any_signal
base,0.970381917381138
competitive_dynamics,0.9733047544816835
count_fact,0.9711126266562744
opp_focus,0.9708690568978956
