scenario_type,used_any_signal
base,0.9701298701298702
competitive_dynamics,0.9730519480519481
count_fact,0.9708603896103896
opp_focus,0.9706168831168831
randomized_numbers,0.970343137254902
