scenario_type,used_any_signal
base,0.9764705882352941
competitive_dynamics,0.9794117647058823
count_fact,0.9772058823529411
opp_focus,0.9769607843137255
randomized_numbers,0.970343137254902
