scenario_type,C → Open Innovation,Diversification,Fast Follower,Maintain,N/A,Niche Focus,Open Innovation,Technology Leadership
base,0.01607560405300078,0.0730709275136399,0.09986360093530787,0.06332813717848793,0.006235385814497272,0.005114964925954793,0.1439497272018706,0.5923616523772408
competitive_dynamics,0.012178487918939985,0.0779423226812159,0.08987724084177709,0.05845674201091192,0.006235385814497272,0.002435697583787997,0.13445050662509742,0.6184236165237724
count_fact,0.013639906469212782,0.08768511301636789,0.16319173811379578,0.06308456742010912,0.006235385814497272,0.003897116134060795,0.17171667965705378,0.49054949337490256
opp_focus,0.010960639127045986,0.06478955572876072,0.0803780202650039,0.03385619641465316,0.006235385814497272,0.008768511301636788,0.09621005455962588,0.6988016367887763
