scenario_type,Diversification,Fast Follower,Maintain,Niche Focus,Open Innovation,Technology Leadership
base,0.07352941176470588,0.10049019607843138,0.06372549019607843,0.005147058823529412,0.1610294117647059,0.596078431372549
competitive_dynamics,0.0784313725490196,0.09044117647058823,0.058823529411764705,0.0024509803921568627,0.14754901960784314,0.6223039215686275
count_fact,0.08823529411764706,0.1642156862745098,0.06348039215686274,0.00392156862745098,0.18651960784313726,0.4936274509803922
opp_focus,0.06519607843137255,0.08088235294117647,0.03406862745098039,0.008823529411764706,0.10784313725490197,0.703186274509804
randomized_numbers,0.07965686274509803,0.1053921568627451,0.0625,0.003676470588235294,0.16225490196078432,0.5865196078431373
